{"header":
	{
	"protocol_version":1,
	"result_message":
		{
		"error_message":"",
		"error_code":0}
		},
	"response":
	{
	"programmes":[
	{"serie":"Marsupilami",
	"url_image_serie":"http:\/\/pluzz.francetv.fr\/staticftv\/catchup\/img\/10\/11\/1182_1340977145_csa1.png",
	"mise_en_avant":false,
	"liste_episodes":[
	{"episode":"Le nouveau nid des Marsupilamis - 29min",
	"type":"catchup",
	"duree_mandat_restant":2,
	"url_contenu":"http:\/\/ftvodhdsecz-f.akamaihd.net\/i\/streaming-adaptatif_france-dom-tom\/2014\/S23\/J1\/103301205-20140602-,
	398,
	632,
	934,
	k.mp4.csmil\/master.m3u8"},

	{"episode":"Le nez du Marsupilami - 28min",
	"type":"catchup",
	"duree_mandat_restant":2,
	"url_contenu":"http:\/\/ftvodhdsecz-f.akamaihd.net\/i\/streaming-adaptatif_france-dom-tom\/2014\/S23\/J1\/103301206-20140602-,
	398,
	632,
	934,
	k.mp4.csmil\/master.m3u8"},

	{"episode":"Junglophobies en s\u00e9rie - 27min",
	"type":"catchup",
	"duree_mandat_restant":1,
	"url_contenu":"http:\/\/ftvodhdsecz-f.akamaihd.net\/i\/streaming-adaptatif_france-dom-tom\/2014\/S22\/J7\/104001117-20140601-,
	398,
	632,
	934,
	k.mp4.csmil\/master.m3u8"},

	{"episode":"La rivale de Maman - 23min",
	"type":"catchup",
	"duree_mandat_restant":1,
	"url_contenu":"http:\/\/ftvodhdsecz-f.akamaihd.net\/i\/streaming-adaptatif_france-dom-tom\/2014\/S22\/J7\/104001118-20140601-,
	398,
	632,
	934,
	k.mp4.csmil\/master.m3u8"}
	]},

	{"serie":"Minuscule",
	"url_image_serie":"http:\/\/pluzz.francetv.fr\/staticftv\/catchup\/img\/10\/52\/5265_1333535500_csa1.png",
	"mise_en_avant":false,
	"liste_episodes":[
	{"episode":"A tes souhaits - 05min",
	"type":"catchup",
	"duree_mandat_restant":1,
	"url_contenu":"http:\/\/ftvodhdsecz-f.akamaihd.net\/i\/streaming-adaptatif_france-dom-tom\/2014\/S22\/J2\/103229760-20140527-,
	398,
	632,
	934,
	k.mp4.csmil\/master.m3u8"},

	{"episode":"Un radiateur pour deux - 10min",
	"type":"catchup",
	"duree_mandat_restant":2,
	"url_contenu":"http:\/\/ftvodhdsecz-f.akamaihd.net\/i\/streaming-adaptatif_france-dom-tom\/2014\/S22\/J3\/103229931-20140528-,
	398,
	632,
	934,
	k.mp4.csmil\/master.m3u8"},

	{"episode":"Ventilo - 10min",
	"type":"catchup",
	"duree_mandat_restant":3,
	"url_contenu":"http:\/\/ftvodhdsecz-f.akamaihd.net\/i\/streaming-adaptatif_france-dom-tom\/2014\/S22\/J4\/103230554-20140529-,
	398,
	632,
	934,
	k.mp4.csmil\/master.m3u8"},

	{"episode":"Bananes - 08min",
	"type":"catchup",
	"duree_mandat_restant":4,
	"url_contenu":"http:\/\/ftvodhdsecz-f.akamaihd.net\/i\/streaming-adaptatif_france-dom-tom\/2014\/S22\/J5\/103230569-20140530-,
	398,
	632,
	934,
	k.mp4.csmil\/master.m3u8"},

	{"episode":"La nouille - 10min",
	"type":"catchup",
	"duree_mandat_restant":5,
	"url_contenu":"http:\/\/ftvodhdsecz-f.akamaihd.net\/i\/streaming-adaptatif_france-dom-tom\/2014\/S22\/J6\/103716830-20140531-,
	398,
	632,
	934,
	k.mp4.csmil\/master.m3u8"},

	{"episode":"Rira bien qui rira le dernier - 06min",
	"type":"catchup",
	"duree_mandat_restant":6,
	"url_contenu":"http:\/\/ftvodhdsecz-f.akamaihd.net\/i\/streaming-adaptatif_france-dom-tom\/2014\/S22\/J7\/103717752-20140601-,
	398,
	632,
	934,
	k.mp4.csmil\/master.m3u8"},

	{"episode":"Deux chenilles - 06min",
	"type":"catchup",
	"duree_mandat_restant":7,
	"url_contenu":"http:\/\/ftvodhdsecz-f.akamaihd.net\/i\/streaming-adaptatif_france-dom-tom\/2014\/S23\/J1\/103718149-20140602-,
	398,
	632,
	934,
	k.mp4.csmil\/master.m3u8"},

	{"episode":"La mouche magique - 09min",
	"type":"catchup",
	"duree_mandat_restant":7,
	"url_contenu":"http:\/\/ftvodhdsecz-f.akamaihd.net\/i\/streaming-adaptatif_france-dom-tom\/2014\/S23\/J1\/103718150-20140602-,
	398,
	632,
	934,
	k.mp4.csmil\/master.m3u8"}
	]},

	{"serie":"Yakari - F4",
	"url_image_serie":"http:\/\/pluzz.francetv.fr\/staticftv\/catchup\/img\/10\/55\/5568_1342175712_csa1.png",
	"mise_en_avant":false,
	"liste_episodes":[
	{"episode":"L'oeuf du serpent - 10min",
	"type":"catchup",
	"duree_mandat_restant":1,
	"url_contenu":"http:\/\/ftvodhdsecz-f.akamaihd.net\/i\/streaming-adaptatif_france-dom-tom\/2014\/S22\/J1\/102783436-20140526-,
	398,
	632,
	934,
	k.mp4.csmil\/master.m3u8"},

	{"episode":"Le grand nid - 15min",
	"type":"catchup",
	"duree_mandat_restant":2,
	"url_contenu":"http:\/\/ftvodhdsecz-f.akamaihd.net\/i\/streaming-adaptatif_france-dom-tom\/2014\/S22\/J2\/102783468-20140527-,
	398,
	632,
	934,
	k.mp4.csmil\/master.m3u8"},

	{"episode":"L'oeil du lynx - 10min",
	"type":"catchup",
	"duree_mandat_restant":3,
	"url_contenu":"http:\/\/ftvodhdsecz-f.akamaihd.net\/i\/streaming-adaptatif_france-dom-tom\/2014\/S22\/J3\/102783500-20140528-,
	398,
	632,
	934,
	k.mp4.csmil\/master.m3u8"},

	{"episode":"Le diable des bois - 15min",
	"type":"catchup",
	"duree_mandat_restant":5,
	"url_contenu":"http:\/\/ftvodhdsecz-f.akamaihd.net\/i\/streaming-adaptatif_france-dom-tom\/2014\/S22\/J5\/102783903-20140530-,
	398,
	632,
	934,
	k.mp4.csmil\/master.m3u8"},

	{"episode":"Le p\u00e9lican et les p\u00eacheurs - 15min",
	"type":"catchup",
	"duree_mandat_restant":1,
	"url_contenu":"http:\/\/ftvodhdsecz-f.akamaihd.net\/i\/streaming-adaptatif_france-dom-tom\/2014\/S22\/J1\/102897245-20140526-,
	398,
	632,
	934,
	k.mp4.csmil\/master.m3u8"},

	{"episode":"Le grand nid - 10min",
	"type":"catchup",
	"duree_mandat_restant":1,
	"url_contenu":"http:\/\/ftvodhdsecz-f.akamaihd.net\/i\/streaming-adaptatif_france-dom-tom\/2014\/S22\/J1\/102897246-20140526-,
	398,
	632,
	934,
	k.mp4.csmil\/master.m3u8"},

	{"episode":"L'empreinte du g\u00e9ant - 15min",
	"type":"catchup",
	"duree_mandat_restant":1,
	"url_contenu":"http:\/\/ftvodhdsecz-f.akamaihd.net\/i\/streaming-adaptatif_france-dom-tom\/2014\/S22\/J1\/102897247-20140526-,
	398,
	632,
	934,
	k.mp4.csmil\/master.m3u8"},

	{"episode":"L'empreinte du g\u00e9ant - 10min",
	"type":"catchup",
	"duree_mandat_restant":2,
	"url_contenu":"http:\/\/ftvodhdsecz-f.akamaihd.net\/i\/streaming-adaptatif_france-dom-tom\/2014\/S22\/J2\/102898246-20140527-,
	398,
	632,
	934,
	k.mp4.csmil\/master.m3u8"},

	{"episode":"L'oeil du lynx - 15min",
	"type":"catchup",
	"duree_mandat_restant":2,
	"url_contenu":"http:\/\/ftvodhdsecz-f.akamaihd.net\/i\/streaming-adaptatif_france-dom-tom\/2014\/S22\/J2\/102898248-20140527-,
	398,
	632,
	934,
	k.mp4.csmil\/master.m3u8"},

	{"episode":"Eclat de lumi\u00e8re - 15min",
	"type":"catchup",
	"duree_mandat_restant":2,
	"url_contenu":"http:\/\/ftvodhdsecz-f.akamaihd.net\/i\/streaming-adaptatif_france-dom-tom\/2014\/S22\/J2\/102898249-20140527-,
	398,
	632,
	934,
	k.mp4.csmil\/master.m3u8"},

	{"episode":"Eclat de lumi\u00e8re - 15min",
	"type":"catchup",
	"duree_mandat_restant":3,
	"url_contenu":"http:\/\/ftvodhdsecz-f.akamaihd.net\/i\/streaming-adaptatif_france-dom-tom\/2014\/S22\/J3\/102898839-20140528-,
	398,
	632,
	934,
	k.mp4.csmil\/master.m3u8"},

	{"episode":"Yakari au pays des loups - 10min",
	"type":"catchup",
	"duree_mandat_restant":3,
	"url_contenu":"http:\/\/ftvodhdsecz-f.akamaihd.net\/i\/streaming-adaptatif_france-dom-tom\/2014\/S22\/J3\/102898840-20140528-,
	398,
	632,
	934,
	k.mp4.csmil\/master.m3u8"},

	{"episode":"Le vol des corbeaux - 15min",
	"type":"catchup",
	"duree_mandat_restant":3,
	"url_contenu":"http:\/\/ftvodhdsecz-f.akamaihd.net\/i\/streaming-adaptatif_france-dom-tom\/2014\/S22\/J3\/102898841-20140528-,
	398,
	632,
	934,
	k.mp4.csmil\/master.m3u8"},

	{"episode":"La fureur du ciel - 10min",
	"type":"catchup",
	"duree_mandat_restant":5,
	"url_contenu":"http:\/\/ftvodhdsecz-f.akamaihd.net\/i\/streaming-adaptatif_france-dom-tom\/2014\/S22\/J5\/102899477-20140530-,
	398,
	632,
	934,
	k.mp4.csmil\/master.m3u8"},

	{"episode":"La rivi\u00e8re de l'oubli - 15min",
	"type":"catchup",
	"duree_mandat_restant":5,
	"url_contenu":"http:\/\/ftvodhdsecz-f.akamaihd.net\/i\/streaming-adaptatif_france-dom-tom\/2014\/S22\/J5\/102899478-20140530-,
	398,
	632,
	934,
	k.mp4.csmil\/master.m3u8"},

	{"episode":"Le souffleur des nuages - 15min",
	"type":"catchup",
	"duree_mandat_restant":5,
	"url_contenu":"http:\/\/ftvodhdsecz-f.akamaihd.net\/i\/streaming-adaptatif_france-dom-tom\/2014\/S22\/J5\/102899479-20140530-,
	398,
	632,
	934,
	k.mp4.csmil\/master.m3u8"},

	{"episode":"Yakari chez les castors - 10min",
	"type":"catchup",
	"duree_mandat_restant":6,
	"url_contenu":"http:\/\/ftvodhdsecz-f.akamaihd.net\/i\/streaming-adaptatif_france-dom-tom\/2014\/S22\/J6\/103228644-20140531-,
	398,
	632,
	934,
	k.mp4.csmil\/master.m3u8"},

	{"episode":"Yakari et le condor - 10min",
	"type":"catchup",
	"duree_mandat_restant":7,
	"url_contenu":"http:\/\/ftvodhdsecz-f.akamaihd.net\/i\/streaming-adaptatif_france-dom-tom\/2014\/S22\/J7\/103228674-20140601-,
	398,
	632,
	934,
	k.mp4.csmil\/master.m3u8"},

	{"episode":"Le grand terrier - 10min",
	"type":"catchup",
	"duree_mandat_restant":6,
	"url_contenu":"http:\/\/ftvodhdsecz-f.akamaihd.net\/i\/streaming-adaptatif_france-dom-tom\/2014\/S22\/J6\/103366161-20140531-,
	398,
	632,
	934,
	k.mp4.csmil\/master.m3u8"},

	{"episode":"Yakari et le coyote - 10min",
	"type":"catchup",
	"duree_mandat_restant":6,
	"url_contenu":"http:\/\/ftvodhdsecz-f.akamaihd.net\/i\/streaming-adaptatif_france-dom-tom\/2014\/S22\/J6\/103366162-20140531-,
	398,
	632,
	934,
	k.mp4.csmil\/master.m3u8"},

	{"episode":"Yakari et le grizzly - 20min",
	"type":"catchup",
	"duree_mandat_restant":6,
	"url_contenu":"http:\/\/ftvodhdsecz-f.akamaihd.net\/i\/streaming-adaptatif_france-dom-tom\/2014\/S22\/J6\/103366163-20140531-,
	398,
	632,
	934,
	k.mp4.csmil\/master.m3u8"},

	{"episode":"Le coyote qui n'a pas de nom - 15min",
	"type":"catchup",
	"duree_mandat_restant":7,
	"url_contenu":"http:\/\/ftvodhdsecz-f.akamaihd.net\/i\/streaming-adaptatif_france-dom-tom\/2014\/S22\/J7\/103366326-20140601-,
	398,
	632,
	934,
	k.mp4.csmil\/master.m3u8"},

	{"episode":"Le secret de Petit Tonnerre - 10min",
	"type":"catchup",
	"duree_mandat_restant":7,
	"url_contenu":"http:\/\/ftvodhdsecz-f.akamaihd.net\/i\/streaming-adaptatif_france-dom-tom\/2014\/S22\/J7\/103366327-20140601-,
	398,
	632,
	934,
	k.mp4.csmil\/master.m3u8"},

	{"episode":"Le serpent arc-en-ciel - 15min",
	"type":"catchup",
	"duree_mandat_restant":7,
	"url_contenu":"http:\/\/ftvodhdsecz-f.akamaihd.net\/i\/streaming-adaptatif_france-dom-tom\/2014\/S22\/J7\/103366328-20140601-,
	398,
	632,
	934,
	k.mp4.csmil\/master.m3u8"}
	]},

	{"serie":"Monsieur Madame",
	"url_image_serie":"http:\/\/pluzz.francetv.fr\/staticftv\/catchup\/img\/10\/60\/6054_1376663109_csa1.png",
	"mise_en_avant":false,
	"liste_episodes":[
	{"episode":"Anniversaire - 10min",
	"type":"catchup",
	"duree_mandat_restant":5,
	"url_contenu":"http:\/\/ftvodhdsecz-f.akamaihd.net\/i\/streaming-adaptatif_france-dom-tom\/2014\/S22\/J6\/103225711-20140531-,
	398,
	632,
	934,
	k.mp4.csmil\/master.m3u8"},

	{"episode":"Bateaux - 10min",
	"type":"catchup",
	"duree_mandat_restant":6,
	"url_contenu":"http:\/\/ftvodhdsecz-f.akamaihd.net\/i\/streaming-adaptatif_france-dom-tom\/2014\/S22\/J7\/103225748-20140601-,
	398,
	632,
	934,
	k.mp4.csmil\/master.m3u8"},

	{"episode":"Supermarch\u00e9 - 12min",
	"type":"catchup",
	"duree_mandat_restant":6,
	"url_contenu":"http:\/\/ftvodhdsecz-f.akamaihd.net\/i\/streaming-adaptatif_france-dom-tom\/2014\/S22\/J7\/103717748-20140601-,
	398,
	632,
	934,
	k.mp4.csmil\/master.m3u8"}
	]},

	{"serie":"Oui-Oui",
	"url_image_serie":"http:\/\/pluzz.francetv.fr\/staticftv\/catchup\/img\/10\/60\/6093_1336052790_csa1.png",
	"mise_en_avant":false,
	"liste_episodes":[
	{"episode":"Monsieur le gendarme a perdu son rire - 12min",
	"type":"catchup",
	"duree_mandat_restant":5,
	"url_contenu":"http:\/\/ftvodhdsecz-f.akamaihd.net\/i\/streaming-adaptatif_france-dom-tom\/2014\/S22\/J6\/103225712-20140531-,
	398,
	632,
	934,
	k.mp4.csmil\/master.m3u8"},

	{"episode":"Zim et la t\u00e9l\u00e9commande - 12min",
	"type":"catchup",
	"duree_mandat_restant":6,
	"url_contenu":"http:\/\/ftvodhdsecz-f.akamaihd.net\/i\/streaming-adaptatif_france-dom-tom\/2014\/S22\/J7\/103717749-20140601-,
	398,
	632,
	934,
	k.mp4.csmil\/master.m3u8"}
	]},

	{"serie":"Peppa Pig",
	"url_image_serie":"http:\/\/pluzz.francetv.fr\/staticftv\/catchup\/img\/10\/61\/6102_1370945722_csa1.png",
	"mise_en_avant":false,
	"liste_episodes":[
	{"episode":"Le patin \u00e0 glace - 05min",
	"type":"catchup",
	"duree_mandat_restant":1,
	"url_contenu":"http:\/\/ftvodhdsecz-f.akamaihd.net\/i\/streaming-adaptatif_france-dom-tom\/2014\/S22\/J2\/102744805-20140527-,
	398,
	632,
	934,
	k.mp4.csmil\/master.m3u8"},

	{"episode":"Excursion en montagne - 05min",
	"type":"catchup",
	"duree_mandat_restant":2,
	"url_contenu":"http:\/\/ftvodhdsecz-f.akamaihd.net\/i\/streaming-adaptatif_france-dom-tom\/2014\/S22\/J3\/102744841-20140528-,
	398,
	632,
	934,
	k.mp4.csmil\/master.m3u8"},

	{"episode":"La maison de Rebecca Rabbit - 06min",
	"type":"catchup",
	"duree_mandat_restant":3,
	"url_contenu":"http:\/\/ftvodhdsecz-f.akamaihd.net\/i\/streaming-adaptatif_france-dom-tom\/2014\/S22\/J4\/102744879-20140529-,
	398,
	632,
	934,
	k.mp4.csmil\/master.m3u8"},

	{"episode":"Le sentier de randonn\u00e9e - 05min",
	"type":"catchup",
	"duree_mandat_restant":4,
	"url_contenu":"http:\/\/ftvodhdsecz-f.akamaihd.net\/i\/streaming-adaptatif_france-dom-tom\/2014\/S22\/J5\/102744912-20140530-,
	398,
	632,
	934,
	k.mp4.csmil\/master.m3u8"},

	{"episode":"L'embouteillage - 05min",
	"type":"catchup",
	"duree_mandat_restant":5,
	"url_contenu":"http:\/\/ftvodhdsecz-f.akamaihd.net\/i\/streaming-adaptatif_france-dom-tom\/2014\/S22\/J6\/103225715-20140531-,
	398,
	632,
	934,
	k.mp4.csmil\/master.m3u8"},

	{"episode":"L'armoire \u00e0 jouets - 05min",
	"type":"catchup",
	"duree_mandat_restant":7,
	"url_contenu":"http:\/\/ftvodhdsecz-f.akamaihd.net\/i\/streaming-adaptatif_france-dom-tom\/2014\/S23\/J1\/103225775-20140602-,
	398,
	632,
	934,
	k.mp4.csmil\/master.m3u8"},

	{"episode":"La peinture - 06min",
	"type":"catchup",
	"duree_mandat_restant":1,
	"url_contenu":"http:\/\/ftvodhdsecz-f.akamaihd.net\/i\/streaming-adaptatif_france-dom-tom\/2014\/S22\/J2\/103229754-20140527-,
	398,
	632,
	934,
	k.mp4.csmil\/master.m3u8"},

	{"episode":"Le petit train de Papy Pig - 05min",
	"type":"catchup",
	"duree_mandat_restant":2,
	"url_contenu":"http:\/\/ftvodhdsecz-f.akamaihd.net\/i\/streaming-adaptatif_france-dom-tom\/2014\/S22\/J3\/103229925-20140528-,
	398,
	632,
	934,
	k.mp4.csmil\/master.m3u8"},

	{"episode":"Une promenade \u00e0 v\u00e9lo - 05min",
	"type":"catchup",
	"duree_mandat_restant":4,
	"url_contenu":"http:\/\/ftvodhdsecz-f.akamaihd.net\/i\/streaming-adaptatif_france-dom-tom\/2014\/S22\/J5\/103230563-20140530-,
	398,
	632,
	934,
	k.mp4.csmil\/master.m3u8"},

	{"episode":"Le coucher - 05min",
	"type":"catchup",
	"duree_mandat_restant":5,
	"url_contenu":"http:\/\/ftvodhdsecz-f.akamaihd.net\/i\/streaming-adaptatif_france-dom-tom\/2014\/S22\/J6\/103716824-20140531-,
	398,
	632,
	934,
	k.mp4.csmil\/master.m3u8"},

	{"episode":"Les bulles - 05min",
	"type":"catchup",
	"duree_mandat_restant":7,
	"url_contenu":"http:\/\/ftvodhdsecz-f.akamaihd.net\/i\/streaming-adaptatif_france-dom-tom\/2014\/S23\/J1\/103718142-20140602-,
	398,
	632,
	934,
	k.mp4.csmil\/master.m3u8"}
	]},

	{"serie":"Sam le pompier",
	"url_image_serie":"http:\/\/pluzz.francetv.fr\/staticftv\/catchup\/img\/10\/61\/6135_1336049177_csa1.png",
	"mise_en_avant":false,
	"liste_episodes":[
	{"episode":"La chasse au dinosaure - 11min",
	"type":"catchup",
	"duree_mandat_restant":1,
	"url_contenu":"http:\/\/ftvodhdsecz-f.akamaihd.net\/i\/streaming-adaptatif_france-dom-tom\/2014\/S22\/J2\/102744806-20140527-,
	398,
	632,
	934,
	k.mp4.csmil\/master.m3u8"},

	{"episode":"Le kart - 10min",
	"type":"catchup",
	"duree_mandat_restant":2,
	"url_contenu":"http:\/\/ftvodhdsecz-f.akamaihd.net\/i\/streaming-adaptatif_france-dom-tom\/2014\/S22\/J3\/102744842-20140528-,
	398,
	632,
	934,
	k.mp4.csmil\/master.m3u8"},

	{"episode":"Le pot de colle - 10min",
	"type":"catchup",
	"duree_mandat_restant":3,
	"url_contenu":"http:\/\/ftvodhdsecz-f.akamaihd.net\/i\/streaming-adaptatif_france-dom-tom\/2014\/S22\/J4\/102744881-20140529-,
	398,
	632,
	934,
	k.mp4.csmil\/master.m3u8"},

	{"episode":"Une f\u00eate g\u00e2ch\u00e9e - 10min",
	"type":"catchup",
	"duree_mandat_restant":4,
	"url_contenu":"http:\/\/ftvodhdsecz-f.akamaihd.net\/i\/streaming-adaptatif_france-dom-tom\/2014\/S22\/J5\/102744913-20140530-,
	398,
	632,
	934,
	k.mp4.csmil\/master.m3u8"},

	{"episode":"Danger : au loup - 10min",
	"type":"catchup",
	"duree_mandat_restant":7,
	"url_contenu":"http:\/\/ftvodhdsecz-f.akamaihd.net\/i\/streaming-adaptatif_france-dom-tom\/2014\/S23\/J1\/103225776-20140602-,
	398,
	632,
	934,
	k.mp4.csmil\/master.m3u8"}
	]},

	{"serie":"Sid le petit scientifique",
	"url_image_serie":"http:\/\/pluzz.francetv.fr\/staticftv\/catchup\/img\/10\/61\/6192_1329126947_csa1.png",
	"mise_en_avant":false,
	"liste_episodes":[
	{"episode":"Mesurer une baleine - 25min",
	"type":"catchup",
	"duree_mandat_restant":5,
	"url_contenu":"http:\/\/ftvodhdsecz-f.akamaihd.net\/i\/streaming-adaptatif_france-dom-tom\/2014\/S22\/J6\/103716817-20140531-,
	398,
	632,
	934,
	k.mp4.csmil\/master.m3u8"}
	]},

	{"serie":"Dr\u00f4les de petites b\u00eates",
	"url_image_serie":"http:\/\/pluzz.francetv.fr\/staticftv\/catchup\/img\/10\/62\/6219_1368440863_csa1.png",
	"mise_en_avant":false,
	"liste_episodes":[
	{"episode":"Grace la limace : le bapt\u00eame de l'air - 07min",
	"type":"catchup",
	"duree_mandat_restant":2,
	"url_contenu":"http:\/\/ftvodhdsecz-f.akamaihd.net\/i\/streaming-adaptatif_france-dom-tom\/2014\/S23\/J1\/103718147-20140602-,
	398,
	632,
	934,
	k.mp4.csmil\/master.m3u8"},

	{"episode":"Loulou le pou : pour les beaux yeux d'une gu\u00eape - 08min",
	"type":"catchup",
	"duree_mandat_restant":2,
	"url_contenu":"http:\/\/ftvodhdsecz-f.akamaihd.net\/i\/streaming-adaptatif_france-dom-tom\/2014\/S23\/J1\/103718148-20140602-,
	398,
	632,
	934,
	k.mp4.csmil\/master.m3u8"}
	]},

	{"serie":"Didou",
	"url_image_serie":"http:\/\/pluzz.francetv.fr\/staticftv\/catchup\/img\/10\/62\/6282_1336577166_csa1.png",
	"mise_en_avant":false,
	"liste_episodes":[
	{"episode":"Didou,
	 dessine-moi un papillon - 07min",
	"type":"catchup",
	"duree_mandat_restant":1,
	"url_contenu":"http:\/\/ftvodhdsecz-f.akamaihd.net\/i\/streaming-adaptatif_france-dom-tom\/2014\/S22\/J2\/103229753-20140527-,
	398,
	632,
	934,
	k.mp4.csmil\/master.m3u8"},

	{"episode":"Didou,
	 dessine-moi un cochon - 07min",
	"type":"catchup",
	"duree_mandat_restant":2,
	"url_contenu":"http:\/\/ftvodhdsecz-f.akamaihd.net\/i\/streaming-adaptatif_france-dom-tom\/2014\/S22\/J3\/103229924-20140528-,
	398,
	632,
	934,
	k.mp4.csmil\/master.m3u8"},

	{"episode":"Didou,
	 dessine-moi une d\u00e9panneuse - 08min",
	"type":"catchup",
	"duree_mandat_restant":3,
	"url_contenu":"http:\/\/ftvodhdsecz-f.akamaihd.net\/i\/streaming-adaptatif_france-dom-tom\/2014\/S22\/J4\/103230549-20140529-,
	398,
	632,
	934,
	k.mp4.csmil\/master.m3u8"},

	{"episode":"Didou,
	 dessine-moi un \u00e9pouvantail - 07min",
	"type":"catchup",
	"duree_mandat_restant":4,
	"url_contenu":"http:\/\/ftvodhdsecz-f.akamaihd.net\/i\/streaming-adaptatif_france-dom-tom\/2014\/S22\/J5\/103230562-20140530-,
	398,
	632,
	934,
	k.mp4.csmil\/master.m3u8"},

	{"episode":"Didou,
	 dessine-moi une souris - 07min",
	"type":"catchup",
	"duree_mandat_restant":7,
	"url_contenu":"http:\/\/ftvodhdsecz-f.akamaihd.net\/i\/streaming-adaptatif_france-dom-tom\/2014\/S23\/J1\/103718141-20140602-,
	398,
	632,
	934,
	k.mp4.csmil\/master.m3u8"}
	]},

	{"serie":"Artzooka!",
	"url_image_serie":"http:\/\/pluzz.francetv.fr\/staticftv\/catchup\/img\/10\/72\/7233_1331284451_csa1.png",
	"mise_en_avant":false,
	"liste_episodes":[
	{"episode":"Artzooka - 24min",
	"type":"catchup",
	"duree_mandat_restant":5,
	"url_contenu":"http:\/\/ftvodhdsecz-f.akamaihd.net\/i\/streaming-adaptatif_france-dom-tom\/2014\/S22\/J6\/103225718-20140531-,
	398,
	632,
	934,
	k.mp4.csmil\/master.m3u8"}
	]},

	{"serie":"Emilie",
	"url_image_serie":"http:\/\/pluzz.francetv.fr\/staticftv\/catchup\/img\/10\/101\/10169_1334061548_csa1.png",
	"mise_en_avant":false,
	"liste_episodes":[
	{"episode":"Emilie et le moustique - 05min",
	"type":"catchup",
	"duree_mandat_restant":2,
	"url_contenu":"http:\/\/ftvodhdsecz-f.akamaihd.net\/i\/streaming-adaptatif_france-dom-tom\/2014\/S23\/J1\/103225774-20140602-,
	398,
	632,
	934,
	k.mp4.csmil\/master.m3u8"}
	]},

	{"serie":"Zou",
	"url_image_serie":"http:\/\/pluzz.francetv.fr\/staticftv\/catchup\/img\/10\/125\/12509_1355845521_csa1.png",
	"mise_en_avant":false,
	"liste_episodes":[
	{"episode":"Zou et le pi\u00e8ge \u00e0 \u00e9l\u00e9phant - 12min",
	"type":"catchup",
	"duree_mandat_restant":5,
	"url_contenu":"http:\/\/ftvodhdsecz-f.akamaihd.net\/i\/streaming-adaptatif_france-dom-tom\/2014\/S22\/J6\/103225713-20140531-,
	398,
	632,
	934,
	k.mp4.csmil\/master.m3u8"},

	{"episode":"Zou se d\u00e9guise - 11min",
	"type":"catchup",
	"duree_mandat_restant":5,
	"url_contenu":"http:\/\/ftvodhdsecz-f.akamaihd.net\/i\/streaming-adaptatif_france-dom-tom\/2014\/S22\/J6\/103716818-20140531-,
	398,
	632,
	934,
	k.mp4.csmil\/master.m3u8"}
	]},

	{"serie":"Mily Miss Questions",
	"url_image_serie":"http:\/\/pluzz.francetv.fr\/staticftv\/catchup\/img\/10\/132\/13291_1363875653_csa1.png",
	"mise_en_avant":false,
	"liste_episodes":[
	{"episode":"Normal - 08min",
	"type":"catchup",
	"duree_mandat_restant":5,
	"url_contenu":"http:\/\/ftvodhdsecz-f.akamaihd.net\/i\/streaming-adaptatif_france-dom-tom\/2014\/S22\/J6\/103716826-20140531-,
	398,
	632,
	934,
	k.mp4.csmil\/master.m3u8"}
	]},

	{"serie":"T'choupi \u00e0 l'\u00e9cole",
	"url_image_serie":"http:\/\/pluzz.francetv.fr\/staticftv\/catchup\/img\/10\/143\/14369_1377270961_csa1.png",
	"mise_en_avant":false,
	"liste_episodes":[
	{"episode":"A la queue leu-leu - 08min",
	"type":"catchup",
	"duree_mandat_restant":1,
	"url_contenu":"http:\/\/ftvodhdsecz-f.akamaihd.net\/i\/streaming-adaptatif_france-dom-tom\/2014\/S22\/J7\/103225750-20140601-,
	398,
	632,
	934,
	k.mp4.csmil\/master.m3u8"},

	{"episode":"Pas de panique - 07min",
	"type":"catchup",
	"duree_mandat_restant":2,
	"url_contenu":"http:\/\/ftvodhdsecz-f.akamaihd.net\/i\/streaming-adaptatif_france-dom-tom\/2014\/S23\/J1\/103718143-20140602-,
	398,
	632,
	934,
	k.mp4.csmil\/master.m3u8"},

	{"episode":"Un abri super chouette - 07min",
	"type":"catchup",
	"duree_mandat_restant":2,
	"url_contenu":"http:\/\/ftvodhdsecz-f.akamaihd.net\/i\/streaming-adaptatif_france-dom-tom\/2014\/S23\/J1\/103718144-20140602-,
	398,
	632,
	934,
	k.mp4.csmil\/master.m3u8"},

	{"episode":"La plus belle des histoires - 07min",
	"type":"catchup",
	"duree_mandat_restant":2,
	"url_contenu":"http:\/\/ftvodhdsecz-f.akamaihd.net\/i\/streaming-adaptatif_france-dom-tom\/2014\/S23\/J1\/103718145-20140602-,
	398,
	632,
	934,
	k.mp4.csmil\/master.m3u8"}
	]},

	{"serie":"Les kiwis",
	"url_image_serie":"http:\/\/pluzz.francetv.fr\/staticftv\/catchup\/img\/10\/147\/14791_1381333134_csa1.png",
	"mise_en_avant":false,
	"liste_episodes":[
	{"episode":"Une gentille baleine - 05min",
	"type":"catchup",
	"duree_mandat_restant":5,
	"url_contenu":"http:\/\/ftvodhdsecz-f.akamaihd.net\/i\/streaming-adaptatif_france-dom-tom\/2014\/S22\/J6\/103716820-20140531-,
	398,
	632,
	934,
	k.mp4.csmil\/master.m3u8"}
	]},

	{"serie":"Boris",
	"url_image_serie":"http:\/\/pluzz.francetv.fr\/staticftv\/catchup\/img\/10\/150\/15025_1384445047_csa1.png",
	"mise_en_avant":false,
	"liste_episodes":[
	{"episode":"C'est ma chambre - 04min",
	"type":"catchup",
	"duree_mandat_restant":5,
	"url_contenu":"http:\/\/ftvodhdsecz-f.akamaihd.net\/i\/streaming-adaptatif_france-dom-tom\/2014\/S22\/J6\/103225714-20140531-,
	398,
	632,
	934,
	k.mp4.csmil\/master.m3u8"},

	{"episode":"Je sais compter jusqu'\u00e0 1 - 03min",
	"type":"catchup",
	"duree_mandat_restant":6,
	"url_contenu":"http:\/\/ftvodhdsecz-f.akamaihd.net\/i\/streaming-adaptatif_france-dom-tom\/2014\/S22\/J7\/103225749-20140601-,
	398,
	632,
	934,
	k.mp4.csmil\/master.m3u8"},

	{"episode":"T'es qui toi ? - 03min",
	"type":"catchup",
	"duree_mandat_restant":6,
	"url_contenu":"http:\/\/ftvodhdsecz-f.akamaihd.net\/i\/streaming-adaptatif_france-dom-tom\/2014\/S22\/J7\/103717750-20140601-,
	398,
	632,
	934,
	k.mp4.csmil\/master.m3u8"}
	]},

	{"serie":"Les Doozers",
	"url_image_serie":"http:\/\/pluzz.francetv.fr\/staticftv\/programmes\/16633_1399304939_csa1.jpg",
	"mise_en_avant":false,
	"liste_episodes":[
	{"episode":"Les Doozers - 11min",
	"type":"catchup",
	"duree_mandat_restant":1,
	"url_contenu":"http:\/\/ftvodhdsecz-f.akamaihd.net\/i\/streaming-adaptatif_france-dom-tom\/2014\/S22\/J2\/102744808-20140527-,
	398,
	632,
	934,
	k.mp4.csmil\/master.m3u8"},

	{"episode":"Les Doozers - 11min",
	"type":"catchup",
	"duree_mandat_restant":2,
	"url_contenu":"http:\/\/ftvodhdsecz-f.akamaihd.net\/i\/streaming-adaptatif_france-dom-tom\/2014\/S22\/J3\/102744844-20140528-,
	398,
	632,
	934,
	k.mp4.csmil\/master.m3u8"}
	]},

	{"serie":"Samsam",
	"url_image_serie":"http:\/\/pluzz.francetv.fr\/staticftv\/programmes\/16635_1399307773_csa1.jpg",
	"mise_en_avant":false,
	"liste_episodes":[
	{"episode":"Une brillante mission - 08min",
	"type":"catchup",
	"duree_mandat_restant":1,
	"url_contenu":"http:\/\/ftvodhdsecz-f.akamaihd.net\/i\/streaming-adaptatif_france-dom-tom\/2014\/S22\/J7\/103717751-20140601-,
	398,
	632,
	934,
	k.mp4.csmil\/master.m3u8"}
	]},

	{"serie":"Les l\u00e9gendes de Tatonka - F4",
	"url_image_serie":"http:\/\/pluzz.francetv.fr\/staticftv\/programmes\/16667_1399472320_csa1.jpg",
	"mise_en_avant":false,
	"liste_episodes":[
	{"episode":"Clair de lune - 10min",
	"type":"catchup",
	"duree_mandat_restant":1,
	"url_contenu":"http:\/\/ftvodhdsecz-f.akamaihd.net\/i\/streaming-adaptatif_france-dom-tom\/2014\/S22\/J1\/102783435-20140526-,
	398,
	632,
	934,
	k.mp4.csmil\/master.m3u8"},

	{"episode":"La grande course \u00e0 la myrtille - 10min",
	"type":"catchup",
	"duree_mandat_restant":2,
	"url_contenu":"http:\/\/ftvodhdsecz-f.akamaihd.net\/i\/streaming-adaptatif_france-dom-tom\/2014\/S22\/J2\/102783467-20140527-,
	398,
	632,
	934,
	k.mp4.csmil\/master.m3u8"},

	{"episode":"La voix de la montagne - 05min",
	"type":"catchup",
	"duree_mandat_restant":3,
	"url_contenu":"http:\/\/ftvodhdsecz-f.akamaihd.net\/i\/streaming-adaptatif_france-dom-tom\/2014\/S22\/J3\/102783499-20140528-,
	398,
	632,
	934,
	k.mp4.csmil\/master.m3u8"},

	{"episode":"Un arbre tr\u00e8s intelligent - 15min",
	"type":"catchup",
	"duree_mandat_restant":5,
	"url_contenu":"http:\/\/ftvodhdsecz-f.akamaihd.net\/i\/streaming-adaptatif_france-dom-tom\/2014\/S22\/J5\/102783902-20140530-,
	398,
	632,
	934,
	k.mp4.csmil\/master.m3u8"},

	{"episode":"La dette de Cinski - 10min",
	"type":"catchup",
	"duree_mandat_restant":1,
	"url_contenu":"http:\/\/ftvodhdsecz-f.akamaihd.net\/i\/streaming-adaptatif_france-dom-tom\/2014\/S22\/J1\/102897243-20140526-,
	398,
	632,
	934,
	k.mp4.csmil\/master.m3u8"},

	{"episode":"La grande course \u00e0 la myrtille - 15min",
	"type":"catchup",
	"duree_mandat_restant":1,
	"url_contenu":"http:\/\/ftvodhdsecz-f.akamaihd.net\/i\/streaming-adaptatif_france-dom-tom\/2014\/S22\/J1\/102897244-20140526-,
	398,
	632,
	934,
	k.mp4.csmil\/master.m3u8"},

	{"episode":"Tremblement de terre - 10min",
	"type":"catchup",
	"duree_mandat_restant":2,
	"url_contenu":"http:\/\/ftvodhdsecz-f.akamaihd.net\/i\/streaming-adaptatif_france-dom-tom\/2014\/S22\/J2\/102898244-20140527-,
	398,
	632,
	934,
	k.mp4.csmil\/master.m3u8"},

	{"episode":"La voix de la montagne - 10min",
	"type":"catchup",
	"duree_mandat_restant":2,
	"url_contenu":"http:\/\/ftvodhdsecz-f.akamaihd.net\/i\/streaming-adaptatif_france-dom-tom\/2014\/S22\/J2\/102898245-20140527-,
	398,
	632,
	934,
	k.mp4.csmil\/master.m3u8"},

	{"episode":"Le printemps de Pahin - 10min",
	"type":"catchup",
	"duree_mandat_restant":3,
	"url_contenu":"http:\/\/ftvodhdsecz-f.akamaihd.net\/i\/streaming-adaptatif_france-dom-tom\/2014\/S22\/J3\/102898837-20140528-,
	398,
	632,
	934,
	k.mp4.csmil\/master.m3u8"},

	{"episode":"Un arbre tr\u00e8s intelligent - 15min",
	"type":"catchup",
	"duree_mandat_restant":3,
	"url_contenu":"http:\/\/ftvodhdsecz-f.akamaihd.net\/i\/streaming-adaptatif_france-dom-tom\/2014\/S22\/J3\/102898838-20140528-,
	398,
	632,
	934,
	k.mp4.csmil\/master.m3u8"},

	{"episode":"Les liens du sang - 10min",
	"type":"catchup",
	"duree_mandat_restant":5,
	"url_contenu":"http:\/\/ftvodhdsecz-f.akamaihd.net\/i\/streaming-adaptatif_france-dom-tom\/2014\/S22\/J5\/102899476-20140530-,
	398,
	632,
	934,
	k.mp4.csmil\/master.m3u8"}
	]}
	]}
}
