<?xml version="1.0" encoding="UTF-8" standalone="yes"?>
<addon id="plugin.video.Ludo"
       name="Ludo.fr"
       version="1.0"
       provider-name="FredS86">
  <requires>
    <import addon="xbmc.python" version="2.1.0"/>
    <import addon="script.module.parsedom" version="2.5.1"/>
    <import addon="script.module.simplejson"/>
    <import addon="script.module.requests"/>
  </requires>
  <extension point="xbmc.python.pluginsource"
            library="default.py">
        <provides>video</provides>
  </extension>
  <extension point="xbmc.addon.metadata">
    <platform>all</platform>
    <summary>Ludo, cartoons for youths</summary>
    <summary lang="fr">Ludo, dessines animés pour les jeunes</summary>
    <description>Ludo : catchup TV from www.ludo.fr</description>
    <description lang="fr">Ludo : replays du site www.ludo.fr</description>
  </extension>
</addon>
