{
	"count": "13",
	"items": [
		{
			"hero": {
				"id": "sam-le-pompier",
				"name": "Sam le Pompier",
				"avatar": {
					"id": "pictos-heros-samlepompier-800x800",
					"title": "pictos_heros_samlepompier_800x800",
					"alternativeText": "pictos_heros_samlepompier_800x800",
					"universes": [
						"zouzous"
					],
					"uri": {
						"gallery": "http:\/\/www.zouzous.fr\/image\/gallery\/pictos-heros-samlepompier-800x800.png",
						"vignette": "http:\/\/www.zouzous.fr\/image\/vignette\/pictos-heros-samlepompier-800x800.png",
						"tiny_vignette": "http:\/\/www.zouzous.fr\/image\/tiny_vignette\/pictos-heros-samlepompier-800x800.png",
						"player_small": "http:\/\/www.zouzous.fr\/image\/player_small\/pictos-heros-samlepompier-800x800.png",
						"player_fullscreen_thumbnail": "http:\/\/www.zouzous.fr\/image\/player_fullscreen_thumbnail\/pictos-heros-samlepompier-800x800.png",
						"small_vignette": "http:\/\/www.zouzous.fr\/image\/small_vignette\/pictos-heros-samlepompier-800x800.png",
						"heroes_vignette": "http:\/\/www.zouzous.fr\/image\/heroes_vignette\/pictos-heros-samlepompier-800x800.png",
						"76x76": "http:\/\/www.zouzous.fr\/image\/76x76\/pictos-heros-samlepompier-800x800.png",
						"87x87": "http:\/\/www.zouzous.fr\/image\/87x87\/pictos-heros-samlepompier-800x800.png",
						"127x127": "http:\/\/www.zouzous.fr\/image\/127x127\/pictos-heros-samlepompier-800x800.png",
						"175x99": "http:\/\/www.zouzous.fr\/image\/175x99\/pictos-heros-samlepompier-800x800.png",
						"88x50": "http:\/\/www.zouzous.fr\/image\/88x50\/pictos-heros-samlepompier-800x800.png",
						"116x94": "http:\/\/www.zouzous.fr\/image\/116x94\/pictos-heros-samlepompier-800x800.png",
						"232x188": "http:\/\/www.zouzous.fr\/image\/232x188\/pictos-heros-samlepompier-800x800.png",
						"348x282": "http:\/\/www.zouzous.fr\/image\/348x282\/pictos-heros-samlepompier-800x800.png",
						"525x296": "http:\/\/www.zouzous.fr\/image\/525x296\/pictos-heros-samlepompier-800x800.png",
						"189x189": "http:\/\/www.zouzous.fr\/image\/189x189\/pictos-heros-samlepompier-800x800.png",
						"378x378": "http:\/\/www.zouzous.fr\/image\/378x378\/pictos-heros-samlepompier-800x800.png",
						"242x152": "http:\/\/www.zouzous.fr\/image\/242x152\/pictos-heros-samlepompier-800x800.png",
						"262x262": "http:\/\/www.zouzous.fr\/image\/262x262\/pictos-heros-samlepompier-800x800.png",
						"279x279": "http:\/\/www.zouzous.fr\/image\/279x279\/pictos-heros-samlepompier-800x800.png",
						"2048x1152": "http:\/\/www.zouzous.fr\/image\/2048x1152\/pictos-heros-samlepompier-800x800.png",
						"1024x576": "http:\/\/www.zouzous.fr\/image\/1024x576\/pictos-heros-samlepompier-800x800.png",
						"115x54": "http:\/\/www.zouzous.fr\/image\/115x54\/pictos-heros-samlepompier-800x800.png",
						"885x665": "http:\/\/www.zouzous.fr\/image\/885x665\/pictos-heros-samlepompier-800x800.png",
						"800x800": "http:\/\/www.zouzous.fr\/image\/800x800\/pictos-heros-samlepompier-800x800.png",
						"400x400": "http:\/\/www.zouzous.fr\/image\/400x400\/pictos-heros-samlepompier-800x800.png",
						"200x200": "http:\/\/www.zouzous.fr\/image\/200x200\/pictos-heros-samlepompier-800x800.png",
						"170x170": "http:\/\/www.zouzous.fr\/image\/170x170\/pictos-heros-samlepompier-800x800.png",
						"88x88": "http:\/\/www.zouzous.fr\/image\/88x88\/pictos-heros-samlepompier-800x800.png",
						"280x157": "http:\/\/www.zouzous.fr\/image\/280x157\/pictos-heros-samlepompier-800x800.png",
						"raw": "http:\/\/www.zouzous.fr\/image\/raw\/pictos-heros-samlepompier-800x800.png"
					}
				},
				"isSuperHero": false,
				"created": "2015-12-28T12:03:10+0100",
				"updated": "2016-10-14T00:36:33+0200",
				"publication": {
					"status": true,
					"dateStart": "2015-12-28T00:00:00+0100",
					"dateEnd": null
				},
				"universe": "zouzous"
			},
			"broadcast": "france5",
			"id": "la-fusee-de-max-1",
			"identity": "146949339@Zouzous",
			"title": "La fus\u00e9e de Max",
			"summary": null,
			"channel": "France 5",
			"idSIVideo": "sam_le_pompier",
			"thumbnail": {
				"id": "la-fusee-de-max-7",
				"title": "La fus\u00e9e de Max",
				"alternativeText": "La fus\u00e9e de Max",
				"universes": [
					"zouzous"
				],
				"uri": {
					"gallery": "http:\/\/www.zouzous.fr\/image\/gallery\/la-fusee-de-max-7.jpg",
					"vignette": "http:\/\/www.zouzous.fr\/image\/vignette\/la-fusee-de-max-7.jpg",
					"tiny_vignette": "http:\/\/www.zouzous.fr\/image\/tiny_vignette\/la-fusee-de-max-7.jpg",
					"player_small": "http:\/\/www.zouzous.fr\/image\/player_small\/la-fusee-de-max-7.jpg",
					"player_fullscreen_thumbnail": "http:\/\/www.zouzous.fr\/image\/player_fullscreen_thumbnail\/la-fusee-de-max-7.jpg",
					"small_vignette": "http:\/\/www.zouzous.fr\/image\/small_vignette\/la-fusee-de-max-7.jpg",
					"heroes_vignette": "http:\/\/www.zouzous.fr\/image\/heroes_vignette\/la-fusee-de-max-7.jpg",
					"76x76": "http:\/\/www.zouzous.fr\/image\/76x76\/la-fusee-de-max-7.jpg",
					"87x87": "http:\/\/www.zouzous.fr\/image\/87x87\/la-fusee-de-max-7.jpg",
					"127x127": "http:\/\/www.zouzous.fr\/image\/127x127\/la-fusee-de-max-7.jpg",
					"175x99": "http:\/\/www.zouzous.fr\/image\/175x99\/la-fusee-de-max-7.jpg",
					"88x50": "http:\/\/www.zouzous.fr\/image\/88x50\/la-fusee-de-max-7.jpg",
					"116x94": "http:\/\/www.zouzous.fr\/image\/116x94\/la-fusee-de-max-7.jpg",
					"232x188": "http:\/\/www.zouzous.fr\/image\/232x188\/la-fusee-de-max-7.jpg",
					"348x282": "http:\/\/www.zouzous.fr\/image\/348x282\/la-fusee-de-max-7.jpg",
					"525x296": "http:\/\/www.zouzous.fr\/image\/525x296\/la-fusee-de-max-7.jpg",
					"189x189": "http:\/\/www.zouzous.fr\/image\/189x189\/la-fusee-de-max-7.jpg",
					"378x378": "http:\/\/www.zouzous.fr\/image\/378x378\/la-fusee-de-max-7.jpg",
					"242x152": "http:\/\/www.zouzous.fr\/image\/242x152\/la-fusee-de-max-7.jpg",
					"262x262": "http:\/\/www.zouzous.fr\/image\/262x262\/la-fusee-de-max-7.jpg",
					"279x279": "http:\/\/www.zouzous.fr\/image\/279x279\/la-fusee-de-max-7.jpg",
					"2048x1152": "http:\/\/www.zouzous.fr\/image\/2048x1152\/la-fusee-de-max-7.jpg",
					"1024x576": "http:\/\/www.zouzous.fr\/image\/1024x576\/la-fusee-de-max-7.jpg",
					"115x54": "http:\/\/www.zouzous.fr\/image\/115x54\/la-fusee-de-max-7.jpg",
					"885x665": "http:\/\/www.zouzous.fr\/image\/885x665\/la-fusee-de-max-7.jpg",
					"800x800": "http:\/\/www.zouzous.fr\/image\/800x800\/la-fusee-de-max-7.jpg",
					"400x400": "http:\/\/www.zouzous.fr\/image\/400x400\/la-fusee-de-max-7.jpg",
					"200x200": "http:\/\/www.zouzous.fr\/image\/200x200\/la-fusee-de-max-7.jpg",
					"170x170": "http:\/\/www.zouzous.fr\/image\/170x170\/la-fusee-de-max-7.jpg",
					"88x88": "http:\/\/www.zouzous.fr\/image\/88x88\/la-fusee-de-max-7.jpg",
					"280x157": "http:\/\/www.zouzous.fr\/image\/280x157\/la-fusee-de-max-7.jpg",
					"raw": "http:\/\/www.zouzous.fr\/image\/raw\/la-fusee-de-max-7.jpg"
				}
			},
			"episode": null,
			"season": null,
			"videoSummary": "Pendant des ann\u00e9es, Max a construit une magnifique fus\u00e9e et il convie tout le monde \u00e0 assister \u00e0 son lancement. Nicolas l\u0027envie et tente de reproduire la m\u00eame chose...",
			"type": "integral",
			"time": 10,
			"pushEditoContext": false,
			"hlsTVC": "http:\/\/replayftv-vh.akamaihd.net\/i\/streaming-adaptatif_france-dom-tom\/2016\/S40\/J6\/146949339-57f8a55a19ae2-,standard1,standard2,standard3,standard4,.mp4.csmil\/master.m3u8",
			"diffusionDate": "2016-10-08T09:40:00+0200",
			"created": "2016-10-08T10:00:15+0200",
			"updated": "2016-10-11T09:41:01+0200",
			"publication": {
				"status": true,
				"dateStart": "2016-10-08T09:49:43+0200",
				"dateEnd": "2016-10-15T09:50:00+0200"
			},
			"universe": "zouzous"
		},
		{
			"hero": {
				"id": "sam-le-pompier",
				"name": "Sam le Pompier",
				"avatar": {
					"id": "pictos-heros-samlepompier-800x800",
					"title": "pictos_heros_samlepompier_800x800",
					"alternativeText": "pictos_heros_samlepompier_800x800",
					"universes": [
						"zouzous"
					],
					"uri": {
						"gallery": "http:\/\/www.zouzous.fr\/image\/gallery\/pictos-heros-samlepompier-800x800.png",
						"vignette": "http:\/\/www.zouzous.fr\/image\/vignette\/pictos-heros-samlepompier-800x800.png",
						"tiny_vignette": "http:\/\/www.zouzous.fr\/image\/tiny_vignette\/pictos-heros-samlepompier-800x800.png",
						"player_small": "http:\/\/www.zouzous.fr\/image\/player_small\/pictos-heros-samlepompier-800x800.png",
						"player_fullscreen_thumbnail": "http:\/\/www.zouzous.fr\/image\/player_fullscreen_thumbnail\/pictos-heros-samlepompier-800x800.png",
						"small_vignette": "http:\/\/www.zouzous.fr\/image\/small_vignette\/pictos-heros-samlepompier-800x800.png",
						"heroes_vignette": "http:\/\/www.zouzous.fr\/image\/heroes_vignette\/pictos-heros-samlepompier-800x800.png",
						"76x76": "http:\/\/www.zouzous.fr\/image\/76x76\/pictos-heros-samlepompier-800x800.png",
						"87x87": "http:\/\/www.zouzous.fr\/image\/87x87\/pictos-heros-samlepompier-800x800.png",
						"127x127": "http:\/\/www.zouzous.fr\/image\/127x127\/pictos-heros-samlepompier-800x800.png",
						"175x99": "http:\/\/www.zouzous.fr\/image\/175x99\/pictos-heros-samlepompier-800x800.png",
						"88x50": "http:\/\/www.zouzous.fr\/image\/88x50\/pictos-heros-samlepompier-800x800.png",
						"116x94": "http:\/\/www.zouzous.fr\/image\/116x94\/pictos-heros-samlepompier-800x800.png",
						"232x188": "http:\/\/www.zouzous.fr\/image\/232x188\/pictos-heros-samlepompier-800x800.png",
						"348x282": "http:\/\/www.zouzous.fr\/image\/348x282\/pictos-heros-samlepompier-800x800.png",
						"525x296": "http:\/\/www.zouzous.fr\/image\/525x296\/pictos-heros-samlepompier-800x800.png",
						"189x189": "http:\/\/www.zouzous.fr\/image\/189x189\/pictos-heros-samlepompier-800x800.png",
						"378x378": "http:\/\/www.zouzous.fr\/image\/378x378\/pictos-heros-samlepompier-800x800.png",
						"242x152": "http:\/\/www.zouzous.fr\/image\/242x152\/pictos-heros-samlepompier-800x800.png",
						"262x262": "http:\/\/www.zouzous.fr\/image\/262x262\/pictos-heros-samlepompier-800x800.png",
						"279x279": "http:\/\/www.zouzous.fr\/image\/279x279\/pictos-heros-samlepompier-800x800.png",
						"2048x1152": "http:\/\/www.zouzous.fr\/image\/2048x1152\/pictos-heros-samlepompier-800x800.png",
						"1024x576": "http:\/\/www.zouzous.fr\/image\/1024x576\/pictos-heros-samlepompier-800x800.png",
						"115x54": "http:\/\/www.zouzous.fr\/image\/115x54\/pictos-heros-samlepompier-800x800.png",
						"885x665": "http:\/\/www.zouzous.fr\/image\/885x665\/pictos-heros-samlepompier-800x800.png",
						"800x800": "http:\/\/www.zouzous.fr\/image\/800x800\/pictos-heros-samlepompier-800x800.png",
						"400x400": "http:\/\/www.zouzous.fr\/image\/400x400\/pictos-heros-samlepompier-800x800.png",
						"200x200": "http:\/\/www.zouzous.fr\/image\/200x200\/pictos-heros-samlepompier-800x800.png",
						"170x170": "http:\/\/www.zouzous.fr\/image\/170x170\/pictos-heros-samlepompier-800x800.png",
						"88x88": "http:\/\/www.zouzous.fr\/image\/88x88\/pictos-heros-samlepompier-800x800.png",
						"280x157": "http:\/\/www.zouzous.fr\/image\/280x157\/pictos-heros-samlepompier-800x800.png",
						"raw": "http:\/\/www.zouzous.fr\/image\/raw\/pictos-heros-samlepompier-800x800.png"
					}
				},
				"isSuperHero": false,
				"created": "2015-12-28T12:03:10+0100",
				"updated": "2016-10-14T00:36:33+0200",
				"publication": {
					"status": true,
					"dateStart": "2015-12-28T00:00:00+0100",
					"dateEnd": null
				},
				"universe": "zouzous"
			},
			"broadcast": "france5",
			"id": "foot-ou-pizza",
			"identity": "144937374@Zouzous",
			"title": "Foot ou pizza ?",
			"summary": null,
			"channel": "France 5",
			"idSIVideo": "sam_le_pompier",
			"thumbnail": {
				"id": "foot-ou-pizza-2",
				"title": "Foot ou pizza ?",
				"alternativeText": "Foot ou pizza ?",
				"universes": [
					"zouzous"
				],
				"uri": {
					"gallery": "http:\/\/www.zouzous.fr\/image\/gallery\/foot-ou-pizza-2.jpg",
					"vignette": "http:\/\/www.zouzous.fr\/image\/vignette\/foot-ou-pizza-2.jpg",
					"tiny_vignette": "http:\/\/www.zouzous.fr\/image\/tiny_vignette\/foot-ou-pizza-2.jpg",
					"player_small": "http:\/\/www.zouzous.fr\/image\/player_small\/foot-ou-pizza-2.jpg",
					"player_fullscreen_thumbnail": "http:\/\/www.zouzous.fr\/image\/player_fullscreen_thumbnail\/foot-ou-pizza-2.jpg",
					"small_vignette": "http:\/\/www.zouzous.fr\/image\/small_vignette\/foot-ou-pizza-2.jpg",
					"heroes_vignette": "http:\/\/www.zouzous.fr\/image\/heroes_vignette\/foot-ou-pizza-2.jpg",
					"76x76": "http:\/\/www.zouzous.fr\/image\/76x76\/foot-ou-pizza-2.jpg",
					"87x87": "http:\/\/www.zouzous.fr\/image\/87x87\/foot-ou-pizza-2.jpg",
					"127x127": "http:\/\/www.zouzous.fr\/image\/127x127\/foot-ou-pizza-2.jpg",
					"175x99": "http:\/\/www.zouzous.fr\/image\/175x99\/foot-ou-pizza-2.jpg",
					"88x50": "http:\/\/www.zouzous.fr\/image\/88x50\/foot-ou-pizza-2.jpg",
					"116x94": "http:\/\/www.zouzous.fr\/image\/116x94\/foot-ou-pizza-2.jpg",
					"232x188": "http:\/\/www.zouzous.fr\/image\/232x188\/foot-ou-pizza-2.jpg",
					"348x282": "http:\/\/www.zouzous.fr\/image\/348x282\/foot-ou-pizza-2.jpg",
					"525x296": "http:\/\/www.zouzous.fr\/image\/525x296\/foot-ou-pizza-2.jpg",
					"189x189": "http:\/\/www.zouzous.fr\/image\/189x189\/foot-ou-pizza-2.jpg",
					"378x378": "http:\/\/www.zouzous.fr\/image\/378x378\/foot-ou-pizza-2.jpg",
					"242x152": "http:\/\/www.zouzous.fr\/image\/242x152\/foot-ou-pizza-2.jpg",
					"262x262": "http:\/\/www.zouzous.fr\/image\/262x262\/foot-ou-pizza-2.jpg",
					"279x279": "http:\/\/www.zouzous.fr\/image\/279x279\/foot-ou-pizza-2.jpg",
					"2048x1152": "http:\/\/www.zouzous.fr\/image\/2048x1152\/foot-ou-pizza-2.jpg",
					"1024x576": "http:\/\/www.zouzous.fr\/image\/1024x576\/foot-ou-pizza-2.jpg",
					"115x54": "http:\/\/www.zouzous.fr\/image\/115x54\/foot-ou-pizza-2.jpg",
					"885x665": "http:\/\/www.zouzous.fr\/image\/885x665\/foot-ou-pizza-2.jpg",
					"800x800": "http:\/\/www.zouzous.fr\/image\/800x800\/foot-ou-pizza-2.jpg",
					"400x400": "http:\/\/www.zouzous.fr\/image\/400x400\/foot-ou-pizza-2.jpg",
					"200x200": "http:\/\/www.zouzous.fr\/image\/200x200\/foot-ou-pizza-2.jpg",
					"170x170": "http:\/\/www.zouzous.fr\/image\/170x170\/foot-ou-pizza-2.jpg",
					"88x88": "http:\/\/www.zouzous.fr\/image\/88x88\/foot-ou-pizza-2.jpg",
					"280x157": "http:\/\/www.zouzous.fr\/image\/280x157\/foot-ou-pizza-2.jpg",
					"raw": "http:\/\/www.zouzous.fr\/image\/raw\/foot-ou-pizza-2.jpg"
				}
			},
			"episode": null,
			"season": null,
			"videoSummary": "Pontypandy accueille de nouveaux habitants, notamment Ben Hooper le garde-c\u00f4te, et se dote d\u0027un centre de secours pour les sauvetages en mer. Cependant, rien ne change au sein de la brigade des pompiers. Les habitants peuvent toujours compter sur le courageux Sam pour trouver des solutions \u00e0 toutes les situations d\u00e9licates.",
			"type": "integral",
			"time": 10,
			"pushEditoContext": false,
			"hlsTVC": "http:\/\/replay.francetv.fr\/startover\/adfcc633691447c9c0d69f1ccd0e1e0d\/hls\/index.m3u8",
			"diffusionDate": "2016-08-30T08:05:00+0200",
			"created": "2016-08-30T08:20:08+0200",
			"updated": "2016-10-03T12:40:07+0200",
			"publication": {
				"status": true,
				"dateStart": "2016-08-30T08:13:03+0200",
				"dateEnd": "2016-11-01T07:15:00+0100"
			},
			"universe": "zouzous"
		},
		{
			"hero": {
				"id": "sam-le-pompier",
				"name": "Sam le Pompier",
				"avatar": {
					"id": "pictos-heros-samlepompier-800x800",
					"title": "pictos_heros_samlepompier_800x800",
					"alternativeText": "pictos_heros_samlepompier_800x800",
					"universes": [
						"zouzous"
					],
					"uri": {
						"gallery": "http:\/\/www.zouzous.fr\/image\/gallery\/pictos-heros-samlepompier-800x800.png",
						"vignette": "http:\/\/www.zouzous.fr\/image\/vignette\/pictos-heros-samlepompier-800x800.png",
						"tiny_vignette": "http:\/\/www.zouzous.fr\/image\/tiny_vignette\/pictos-heros-samlepompier-800x800.png",
						"player_small": "http:\/\/www.zouzous.fr\/image\/player_small\/pictos-heros-samlepompier-800x800.png",
						"player_fullscreen_thumbnail": "http:\/\/www.zouzous.fr\/image\/player_fullscreen_thumbnail\/pictos-heros-samlepompier-800x800.png",
						"small_vignette": "http:\/\/www.zouzous.fr\/image\/small_vignette\/pictos-heros-samlepompier-800x800.png",
						"heroes_vignette": "http:\/\/www.zouzous.fr\/image\/heroes_vignette\/pictos-heros-samlepompier-800x800.png",
						"76x76": "http:\/\/www.zouzous.fr\/image\/76x76\/pictos-heros-samlepompier-800x800.png",
						"87x87": "http:\/\/www.zouzous.fr\/image\/87x87\/pictos-heros-samlepompier-800x800.png",
						"127x127": "http:\/\/www.zouzous.fr\/image\/127x127\/pictos-heros-samlepompier-800x800.png",
						"175x99": "http:\/\/www.zouzous.fr\/image\/175x99\/pictos-heros-samlepompier-800x800.png",
						"88x50": "http:\/\/www.zouzous.fr\/image\/88x50\/pictos-heros-samlepompier-800x800.png",
						"116x94": "http:\/\/www.zouzous.fr\/image\/116x94\/pictos-heros-samlepompier-800x800.png",
						"232x188": "http:\/\/www.zouzous.fr\/image\/232x188\/pictos-heros-samlepompier-800x800.png",
						"348x282": "http:\/\/www.zouzous.fr\/image\/348x282\/pictos-heros-samlepompier-800x800.png",
						"525x296": "http:\/\/www.zouzous.fr\/image\/525x296\/pictos-heros-samlepompier-800x800.png",
						"189x189": "http:\/\/www.zouzous.fr\/image\/189x189\/pictos-heros-samlepompier-800x800.png",
						"378x378": "http:\/\/www.zouzous.fr\/image\/378x378\/pictos-heros-samlepompier-800x800.png",
						"242x152": "http:\/\/www.zouzous.fr\/image\/242x152\/pictos-heros-samlepompier-800x800.png",
						"262x262": "http:\/\/www.zouzous.fr\/image\/262x262\/pictos-heros-samlepompier-800x800.png",
						"279x279": "http:\/\/www.zouzous.fr\/image\/279x279\/pictos-heros-samlepompier-800x800.png",
						"2048x1152": "http:\/\/www.zouzous.fr\/image\/2048x1152\/pictos-heros-samlepompier-800x800.png",
						"1024x576": "http:\/\/www.zouzous.fr\/image\/1024x576\/pictos-heros-samlepompier-800x800.png",
						"115x54": "http:\/\/www.zouzous.fr\/image\/115x54\/pictos-heros-samlepompier-800x800.png",
						"885x665": "http:\/\/www.zouzous.fr\/image\/885x665\/pictos-heros-samlepompier-800x800.png",
						"800x800": "http:\/\/www.zouzous.fr\/image\/800x800\/pictos-heros-samlepompier-800x800.png",
						"400x400": "http:\/\/www.zouzous.fr\/image\/400x400\/pictos-heros-samlepompier-800x800.png",
						"200x200": "http:\/\/www.zouzous.fr\/image\/200x200\/pictos-heros-samlepompier-800x800.png",
						"170x170": "http:\/\/www.zouzous.fr\/image\/170x170\/pictos-heros-samlepompier-800x800.png",
						"88x88": "http:\/\/www.zouzous.fr\/image\/88x88\/pictos-heros-samlepompier-800x800.png",
						"280x157": "http:\/\/www.zouzous.fr\/image\/280x157\/pictos-heros-samlepompier-800x800.png",
						"raw": "http:\/\/www.zouzous.fr\/image\/raw\/pictos-heros-samlepompier-800x800.png"
					}
				},
				"isSuperHero": false,
				"created": "2015-12-28T12:03:10+0100",
				"updated": "2016-10-14T00:36:33+0200",
				"publication": {
					"status": true,
					"dateStart": "2015-12-28T00:00:00+0100",
					"dateEnd": null
				},
				"universe": "zouzous"
			},
			"broadcast": "france5",
			"id": "l-anniversaire-de-sam",
			"identity": "144988022@Zouzous",
			"title": "L\u0027anniversaire de Sam",
			"summary": null,
			"channel": "France 5",
			"idSIVideo": "sam_le_pompier",
			"thumbnail": {
				"id": "l-anniversaire-de-sam-2",
				"title": "L\u0027anniversaire de Sam",
				"alternativeText": "L\u0027anniversaire de Sam",
				"universes": [
					"zouzous"
				],
				"uri": {
					"gallery": "http:\/\/www.zouzous.fr\/image\/gallery\/l-anniversaire-de-sam-2.jpg",
					"vignette": "http:\/\/www.zouzous.fr\/image\/vignette\/l-anniversaire-de-sam-2.jpg",
					"tiny_vignette": "http:\/\/www.zouzous.fr\/image\/tiny_vignette\/l-anniversaire-de-sam-2.jpg",
					"player_small": "http:\/\/www.zouzous.fr\/image\/player_small\/l-anniversaire-de-sam-2.jpg",
					"player_fullscreen_thumbnail": "http:\/\/www.zouzous.fr\/image\/player_fullscreen_thumbnail\/l-anniversaire-de-sam-2.jpg",
					"small_vignette": "http:\/\/www.zouzous.fr\/image\/small_vignette\/l-anniversaire-de-sam-2.jpg",
					"heroes_vignette": "http:\/\/www.zouzous.fr\/image\/heroes_vignette\/l-anniversaire-de-sam-2.jpg",
					"76x76": "http:\/\/www.zouzous.fr\/image\/76x76\/l-anniversaire-de-sam-2.jpg",
					"87x87": "http:\/\/www.zouzous.fr\/image\/87x87\/l-anniversaire-de-sam-2.jpg",
					"127x127": "http:\/\/www.zouzous.fr\/image\/127x127\/l-anniversaire-de-sam-2.jpg",
					"175x99": "http:\/\/www.zouzous.fr\/image\/175x99\/l-anniversaire-de-sam-2.jpg",
					"88x50": "http:\/\/www.zouzous.fr\/image\/88x50\/l-anniversaire-de-sam-2.jpg",
					"116x94": "http:\/\/www.zouzous.fr\/image\/116x94\/l-anniversaire-de-sam-2.jpg",
					"232x188": "http:\/\/www.zouzous.fr\/image\/232x188\/l-anniversaire-de-sam-2.jpg",
					"348x282": "http:\/\/www.zouzous.fr\/image\/348x282\/l-anniversaire-de-sam-2.jpg",
					"525x296": "http:\/\/www.zouzous.fr\/image\/525x296\/l-anniversaire-de-sam-2.jpg",
					"189x189": "http:\/\/www.zouzous.fr\/image\/189x189\/l-anniversaire-de-sam-2.jpg",
					"378x378": "http:\/\/www.zouzous.fr\/image\/378x378\/l-anniversaire-de-sam-2.jpg",
					"242x152": "http:\/\/www.zouzous.fr\/image\/242x152\/l-anniversaire-de-sam-2.jpg",
					"262x262": "http:\/\/www.zouzous.fr\/image\/262x262\/l-anniversaire-de-sam-2.jpg",
					"279x279": "http:\/\/www.zouzous.fr\/image\/279x279\/l-anniversaire-de-sam-2.jpg",
					"2048x1152": "http:\/\/www.zouzous.fr\/image\/2048x1152\/l-anniversaire-de-sam-2.jpg",
					"1024x576": "http:\/\/www.zouzous.fr\/image\/1024x576\/l-anniversaire-de-sam-2.jpg",
					"115x54": "http:\/\/www.zouzous.fr\/image\/115x54\/l-anniversaire-de-sam-2.jpg",
					"885x665": "http:\/\/www.zouzous.fr\/image\/885x665\/l-anniversaire-de-sam-2.jpg",
					"800x800": "http:\/\/www.zouzous.fr\/image\/800x800\/l-anniversaire-de-sam-2.jpg",
					"400x400": "http:\/\/www.zouzous.fr\/image\/400x400\/l-anniversaire-de-sam-2.jpg",
					"200x200": "http:\/\/www.zouzous.fr\/image\/200x200\/l-anniversaire-de-sam-2.jpg",
					"170x170": "http:\/\/www.zouzous.fr\/image\/170x170\/l-anniversaire-de-sam-2.jpg",
					"88x88": "http:\/\/www.zouzous.fr\/image\/88x88\/l-anniversaire-de-sam-2.jpg",
					"280x157": "http:\/\/www.zouzous.fr\/image\/280x157\/l-anniversaire-de-sam-2.jpg",
					"raw": "http:\/\/www.zouzous.fr\/image\/raw\/l-anniversaire-de-sam-2.jpg"
				}
			},
			"episode": null,
			"season": null,
			"videoSummary": "Pontypandy accueille de nouveaux habitants, notamment Ben Hooper le garde-c\u00f4te, et se dote d\u0027un centre de secours pour les sauvetages en mer. Cependant, rien ne change au sein de la brigade des pompiers. Les habitants peuvent toujours compter sur le courageux Sam pour trouver des solutions \u00e0 toutes les situations d\u00e9licates.",
			"type": "integral",
			"time": 10,
			"pushEditoContext": false,
			"hlsTVC": "http:\/\/replay.francetv.fr\/startover\/a01944f43ba158f61ba3f0d069cf080d\/hls\/index.m3u8",
			"diffusionDate": "2016-08-20T08:10:00+0200",
			"created": "2016-08-20T08:40:11+0200",
			"updated": "2016-10-03T12:40:07+0200",
			"publication": {
				"status": true,
				"dateStart": "2016-08-20T08:22:09+0200",
				"dateEnd": "2016-11-01T07:20:00+0100"
			},
			"universe": "zouzous"
		},
		{
			"hero": {
				"id": "sam-le-pompier",
				"name": "Sam le Pompier",
				"avatar": {
					"id": "pictos-heros-samlepompier-800x800",
					"title": "pictos_heros_samlepompier_800x800",
					"alternativeText": "pictos_heros_samlepompier_800x800",
					"universes": [
						"zouzous"
					],
					"uri": {
						"gallery": "http:\/\/www.zouzous.fr\/image\/gallery\/pictos-heros-samlepompier-800x800.png",
						"vignette": "http:\/\/www.zouzous.fr\/image\/vignette\/pictos-heros-samlepompier-800x800.png",
						"tiny_vignette": "http:\/\/www.zouzous.fr\/image\/tiny_vignette\/pictos-heros-samlepompier-800x800.png",
						"player_small": "http:\/\/www.zouzous.fr\/image\/player_small\/pictos-heros-samlepompier-800x800.png",
						"player_fullscreen_thumbnail": "http:\/\/www.zouzous.fr\/image\/player_fullscreen_thumbnail\/pictos-heros-samlepompier-800x800.png",
						"small_vignette": "http:\/\/www.zouzous.fr\/image\/small_vignette\/pictos-heros-samlepompier-800x800.png",
						"heroes_vignette": "http:\/\/www.zouzous.fr\/image\/heroes_vignette\/pictos-heros-samlepompier-800x800.png",
						"76x76": "http:\/\/www.zouzous.fr\/image\/76x76\/pictos-heros-samlepompier-800x800.png",
						"87x87": "http:\/\/www.zouzous.fr\/image\/87x87\/pictos-heros-samlepompier-800x800.png",
						"127x127": "http:\/\/www.zouzous.fr\/image\/127x127\/pictos-heros-samlepompier-800x800.png",
						"175x99": "http:\/\/www.zouzous.fr\/image\/175x99\/pictos-heros-samlepompier-800x800.png",
						"88x50": "http:\/\/www.zouzous.fr\/image\/88x50\/pictos-heros-samlepompier-800x800.png",
						"116x94": "http:\/\/www.zouzous.fr\/image\/116x94\/pictos-heros-samlepompier-800x800.png",
						"232x188": "http:\/\/www.zouzous.fr\/image\/232x188\/pictos-heros-samlepompier-800x800.png",
						"348x282": "http:\/\/www.zouzous.fr\/image\/348x282\/pictos-heros-samlepompier-800x800.png",
						"525x296": "http:\/\/www.zouzous.fr\/image\/525x296\/pictos-heros-samlepompier-800x800.png",
						"189x189": "http:\/\/www.zouzous.fr\/image\/189x189\/pictos-heros-samlepompier-800x800.png",
						"378x378": "http:\/\/www.zouzous.fr\/image\/378x378\/pictos-heros-samlepompier-800x800.png",
						"242x152": "http:\/\/www.zouzous.fr\/image\/242x152\/pictos-heros-samlepompier-800x800.png",
						"262x262": "http:\/\/www.zouzous.fr\/image\/262x262\/pictos-heros-samlepompier-800x800.png",
						"279x279": "http:\/\/www.zouzous.fr\/image\/279x279\/pictos-heros-samlepompier-800x800.png",
						"2048x1152": "http:\/\/www.zouzous.fr\/image\/2048x1152\/pictos-heros-samlepompier-800x800.png",
						"1024x576": "http:\/\/www.zouzous.fr\/image\/1024x576\/pictos-heros-samlepompier-800x800.png",
						"115x54": "http:\/\/www.zouzous.fr\/image\/115x54\/pictos-heros-samlepompier-800x800.png",
						"885x665": "http:\/\/www.zouzous.fr\/image\/885x665\/pictos-heros-samlepompier-800x800.png",
						"800x800": "http:\/\/www.zouzous.fr\/image\/800x800\/pictos-heros-samlepompier-800x800.png",
						"400x400": "http:\/\/www.zouzous.fr\/image\/400x400\/pictos-heros-samlepompier-800x800.png",
						"200x200": "http:\/\/www.zouzous.fr\/image\/200x200\/pictos-heros-samlepompier-800x800.png",
						"170x170": "http:\/\/www.zouzous.fr\/image\/170x170\/pictos-heros-samlepompier-800x800.png",
						"88x88": "http:\/\/www.zouzous.fr\/image\/88x88\/pictos-heros-samlepompier-800x800.png",
						"280x157": "http:\/\/www.zouzous.fr\/image\/280x157\/pictos-heros-samlepompier-800x800.png",
						"raw": "http:\/\/www.zouzous.fr\/image\/raw\/pictos-heros-samlepompier-800x800.png"
					}
				},
				"isSuperHero": false,
				"created": "2015-12-28T12:03:10+0100",
				"updated": "2016-10-14T00:36:33+0200",
				"publication": {
					"status": true,
					"dateStart": "2015-12-28T00:00:00+0100",
					"dateEnd": null
				},
				"universe": "zouzous"
			},
			"broadcast": "france5",
			"id": "sam-le-pompier-9",
			"identity": "NI_14631@Zouzous",
			"title": "Le feu de camp - Conseil de s\u00e9curit\u00e9 03",
			"summary": "Sam le Pompier vous donne des conseils de s\u00e9curit\u00e9 lorsque vous \u00eates autour d\u0027un feu de camp.",
			"channel": null,
			"idSIVideo": "sam_le_pompier",
			"thumbnail": {
				"id": "sam-le-pompier-29",
				"title": "Sam le Pompier ",
				"alternativeText": "Sam le Pompier ",
				"universes": [
					"zouzous"
				],
				"uri": {
					"gallery": "http:\/\/www.zouzous.fr\/image\/gallery\/sam-le-pompier-29.jpg",
					"vignette": "http:\/\/www.zouzous.fr\/image\/vignette\/sam-le-pompier-29.jpg",
					"tiny_vignette": "http:\/\/www.zouzous.fr\/image\/tiny_vignette\/sam-le-pompier-29.jpg",
					"player_small": "http:\/\/www.zouzous.fr\/image\/player_small\/sam-le-pompier-29.jpg",
					"player_fullscreen_thumbnail": "http:\/\/www.zouzous.fr\/image\/player_fullscreen_thumbnail\/sam-le-pompier-29.jpg",
					"small_vignette": "http:\/\/www.zouzous.fr\/image\/small_vignette\/sam-le-pompier-29.jpg",
					"heroes_vignette": "http:\/\/www.zouzous.fr\/image\/heroes_vignette\/sam-le-pompier-29.jpg",
					"76x76": "http:\/\/www.zouzous.fr\/image\/76x76\/sam-le-pompier-29.jpg",
					"87x87": "http:\/\/www.zouzous.fr\/image\/87x87\/sam-le-pompier-29.jpg",
					"127x127": "http:\/\/www.zouzous.fr\/image\/127x127\/sam-le-pompier-29.jpg",
					"175x99": "http:\/\/www.zouzous.fr\/image\/175x99\/sam-le-pompier-29.jpg",
					"88x50": "http:\/\/www.zouzous.fr\/image\/88x50\/sam-le-pompier-29.jpg",
					"116x94": "http:\/\/www.zouzous.fr\/image\/116x94\/sam-le-pompier-29.jpg",
					"232x188": "http:\/\/www.zouzous.fr\/image\/232x188\/sam-le-pompier-29.jpg",
					"348x282": "http:\/\/www.zouzous.fr\/image\/348x282\/sam-le-pompier-29.jpg",
					"525x296": "http:\/\/www.zouzous.fr\/image\/525x296\/sam-le-pompier-29.jpg",
					"189x189": "http:\/\/www.zouzous.fr\/image\/189x189\/sam-le-pompier-29.jpg",
					"378x378": "http:\/\/www.zouzous.fr\/image\/378x378\/sam-le-pompier-29.jpg",
					"242x152": "http:\/\/www.zouzous.fr\/image\/242x152\/sam-le-pompier-29.jpg",
					"262x262": "http:\/\/www.zouzous.fr\/image\/262x262\/sam-le-pompier-29.jpg",
					"279x279": "http:\/\/www.zouzous.fr\/image\/279x279\/sam-le-pompier-29.jpg",
					"2048x1152": "http:\/\/www.zouzous.fr\/image\/2048x1152\/sam-le-pompier-29.jpg",
					"1024x576": "http:\/\/www.zouzous.fr\/image\/1024x576\/sam-le-pompier-29.jpg",
					"115x54": "http:\/\/www.zouzous.fr\/image\/115x54\/sam-le-pompier-29.jpg",
					"885x665": "http:\/\/www.zouzous.fr\/image\/885x665\/sam-le-pompier-29.jpg",
					"800x800": "http:\/\/www.zouzous.fr\/image\/800x800\/sam-le-pompier-29.jpg",
					"400x400": "http:\/\/www.zouzous.fr\/image\/400x400\/sam-le-pompier-29.jpg",
					"200x200": "http:\/\/www.zouzous.fr\/image\/200x200\/sam-le-pompier-29.jpg",
					"170x170": "http:\/\/www.zouzous.fr\/image\/170x170\/sam-le-pompier-29.jpg",
					"88x88": "http:\/\/www.zouzous.fr\/image\/88x88\/sam-le-pompier-29.jpg",
					"280x157": "http:\/\/www.zouzous.fr\/image\/280x157\/sam-le-pompier-29.jpg",
					"raw": "http:\/\/www.zouzous.fr\/image\/raw\/sam-le-pompier-29.jpg"
				}
			},
			"episode": null,
			"season": null,
			"videoSummary": null,
			"type": "bonus",
			"time": null,
			"pushEditoContext": false,
			"hlsTVC": "http:\/\/ftvingest-vh.akamaihd.net\/i\/ingest\/streaming-adaptatif_france-dom-tom\/1970\/S01\/J4\/samlepompier_conseil_03_1406123084-h264-web-,398k,632k,934k,.mp4.csmil\/master.m3u8",
			"diffusionDate": null,
			"created": "2016-02-04T11:50:06+0100",
			"updated": "2016-10-14T00:36:56+0200",
			"publication": {
				"status": true,
				"dateStart": "2014-07-23T15:45:25+0200",
				"dateEnd": "2016-12-31T15:45:25+0100"
			},
			"universe": "zouzous"
		},
		{
			"hero": {
				"id": "sam-le-pompier",
				"name": "Sam le Pompier",
				"avatar": {
					"id": "pictos-heros-samlepompier-800x800",
					"title": "pictos_heros_samlepompier_800x800",
					"alternativeText": "pictos_heros_samlepompier_800x800",
					"universes": [
						"zouzous"
					],
					"uri": {
						"gallery": "http:\/\/www.zouzous.fr\/image\/gallery\/pictos-heros-samlepompier-800x800.png",
						"vignette": "http:\/\/www.zouzous.fr\/image\/vignette\/pictos-heros-samlepompier-800x800.png",
						"tiny_vignette": "http:\/\/www.zouzous.fr\/image\/tiny_vignette\/pictos-heros-samlepompier-800x800.png",
						"player_small": "http:\/\/www.zouzous.fr\/image\/player_small\/pictos-heros-samlepompier-800x800.png",
						"player_fullscreen_thumbnail": "http:\/\/www.zouzous.fr\/image\/player_fullscreen_thumbnail\/pictos-heros-samlepompier-800x800.png",
						"small_vignette": "http:\/\/www.zouzous.fr\/image\/small_vignette\/pictos-heros-samlepompier-800x800.png",
						"heroes_vignette": "http:\/\/www.zouzous.fr\/image\/heroes_vignette\/pictos-heros-samlepompier-800x800.png",
						"76x76": "http:\/\/www.zouzous.fr\/image\/76x76\/pictos-heros-samlepompier-800x800.png",
						"87x87": "http:\/\/www.zouzous.fr\/image\/87x87\/pictos-heros-samlepompier-800x800.png",
						"127x127": "http:\/\/www.zouzous.fr\/image\/127x127\/pictos-heros-samlepompier-800x800.png",
						"175x99": "http:\/\/www.zouzous.fr\/image\/175x99\/pictos-heros-samlepompier-800x800.png",
						"88x50": "http:\/\/www.zouzous.fr\/image\/88x50\/pictos-heros-samlepompier-800x800.png",
						"116x94": "http:\/\/www.zouzous.fr\/image\/116x94\/pictos-heros-samlepompier-800x800.png",
						"232x188": "http:\/\/www.zouzous.fr\/image\/232x188\/pictos-heros-samlepompier-800x800.png",
						"348x282": "http:\/\/www.zouzous.fr\/image\/348x282\/pictos-heros-samlepompier-800x800.png",
						"525x296": "http:\/\/www.zouzous.fr\/image\/525x296\/pictos-heros-samlepompier-800x800.png",
						"189x189": "http:\/\/www.zouzous.fr\/image\/189x189\/pictos-heros-samlepompier-800x800.png",
						"378x378": "http:\/\/www.zouzous.fr\/image\/378x378\/pictos-heros-samlepompier-800x800.png",
						"242x152": "http:\/\/www.zouzous.fr\/image\/242x152\/pictos-heros-samlepompier-800x800.png",
						"262x262": "http:\/\/www.zouzous.fr\/image\/262x262\/pictos-heros-samlepompier-800x800.png",
						"279x279": "http:\/\/www.zouzous.fr\/image\/279x279\/pictos-heros-samlepompier-800x800.png",
						"2048x1152": "http:\/\/www.zouzous.fr\/image\/2048x1152\/pictos-heros-samlepompier-800x800.png",
						"1024x576": "http:\/\/www.zouzous.fr\/image\/1024x576\/pictos-heros-samlepompier-800x800.png",
						"115x54": "http:\/\/www.zouzous.fr\/image\/115x54\/pictos-heros-samlepompier-800x800.png",
						"885x665": "http:\/\/www.zouzous.fr\/image\/885x665\/pictos-heros-samlepompier-800x800.png",
						"800x800": "http:\/\/www.zouzous.fr\/image\/800x800\/pictos-heros-samlepompier-800x800.png",
						"400x400": "http:\/\/www.zouzous.fr\/image\/400x400\/pictos-heros-samlepompier-800x800.png",
						"200x200": "http:\/\/www.zouzous.fr\/image\/200x200\/pictos-heros-samlepompier-800x800.png",
						"170x170": "http:\/\/www.zouzous.fr\/image\/170x170\/pictos-heros-samlepompier-800x800.png",
						"88x88": "http:\/\/www.zouzous.fr\/image\/88x88\/pictos-heros-samlepompier-800x800.png",
						"280x157": "http:\/\/www.zouzous.fr\/image\/280x157\/pictos-heros-samlepompier-800x800.png",
						"raw": "http:\/\/www.zouzous.fr\/image\/raw\/pictos-heros-samlepompier-800x800.png"
					}
				},
				"isSuperHero": false,
				"created": "2015-12-28T12:03:10+0100",
				"updated": "2016-10-14T00:36:33+0200",
				"publication": {
					"status": true,
					"dateStart": "2015-12-28T00:00:00+0100",
					"dateEnd": null
				},
				"universe": "zouzous"
			},
			"broadcast": "france5",
			"id": "sam-le-pompier-8",
			"identity": "NI_14629@Zouzous",
			"title": "Le feu de camp - Conseil de s\u00e9curit\u00e9 01",
			"summary": "Sam le Pompier vous donne des conseils de s\u00e9curit\u00e9 lorsque vous \u00eates autour d\u0027un feu de camp.",
			"channel": null,
			"idSIVideo": "sam_le_pompier",
			"thumbnail": {
				"id": "sam-le-pompier-28",
				"title": "Sam le Pompier",
				"alternativeText": "Sam le Pompier",
				"universes": [
					"zouzous"
				],
				"uri": {
					"gallery": "http:\/\/www.zouzous.fr\/image\/gallery\/sam-le-pompier-28.jpg",
					"vignette": "http:\/\/www.zouzous.fr\/image\/vignette\/sam-le-pompier-28.jpg",
					"tiny_vignette": "http:\/\/www.zouzous.fr\/image\/tiny_vignette\/sam-le-pompier-28.jpg",
					"player_small": "http:\/\/www.zouzous.fr\/image\/player_small\/sam-le-pompier-28.jpg",
					"player_fullscreen_thumbnail": "http:\/\/www.zouzous.fr\/image\/player_fullscreen_thumbnail\/sam-le-pompier-28.jpg",
					"small_vignette": "http:\/\/www.zouzous.fr\/image\/small_vignette\/sam-le-pompier-28.jpg",
					"heroes_vignette": "http:\/\/www.zouzous.fr\/image\/heroes_vignette\/sam-le-pompier-28.jpg",
					"76x76": "http:\/\/www.zouzous.fr\/image\/76x76\/sam-le-pompier-28.jpg",
					"87x87": "http:\/\/www.zouzous.fr\/image\/87x87\/sam-le-pompier-28.jpg",
					"127x127": "http:\/\/www.zouzous.fr\/image\/127x127\/sam-le-pompier-28.jpg",
					"175x99": "http:\/\/www.zouzous.fr\/image\/175x99\/sam-le-pompier-28.jpg",
					"88x50": "http:\/\/www.zouzous.fr\/image\/88x50\/sam-le-pompier-28.jpg",
					"116x94": "http:\/\/www.zouzous.fr\/image\/116x94\/sam-le-pompier-28.jpg",
					"232x188": "http:\/\/www.zouzous.fr\/image\/232x188\/sam-le-pompier-28.jpg",
					"348x282": "http:\/\/www.zouzous.fr\/image\/348x282\/sam-le-pompier-28.jpg",
					"525x296": "http:\/\/www.zouzous.fr\/image\/525x296\/sam-le-pompier-28.jpg",
					"189x189": "http:\/\/www.zouzous.fr\/image\/189x189\/sam-le-pompier-28.jpg",
					"378x378": "http:\/\/www.zouzous.fr\/image\/378x378\/sam-le-pompier-28.jpg",
					"242x152": "http:\/\/www.zouzous.fr\/image\/242x152\/sam-le-pompier-28.jpg",
					"262x262": "http:\/\/www.zouzous.fr\/image\/262x262\/sam-le-pompier-28.jpg",
					"279x279": "http:\/\/www.zouzous.fr\/image\/279x279\/sam-le-pompier-28.jpg",
					"2048x1152": "http:\/\/www.zouzous.fr\/image\/2048x1152\/sam-le-pompier-28.jpg",
					"1024x576": "http:\/\/www.zouzous.fr\/image\/1024x576\/sam-le-pompier-28.jpg",
					"115x54": "http:\/\/www.zouzous.fr\/image\/115x54\/sam-le-pompier-28.jpg",
					"885x665": "http:\/\/www.zouzous.fr\/image\/885x665\/sam-le-pompier-28.jpg",
					"800x800": "http:\/\/www.zouzous.fr\/image\/800x800\/sam-le-pompier-28.jpg",
					"400x400": "http:\/\/www.zouzous.fr\/image\/400x400\/sam-le-pompier-28.jpg",
					"200x200": "http:\/\/www.zouzous.fr\/image\/200x200\/sam-le-pompier-28.jpg",
					"170x170": "http:\/\/www.zouzous.fr\/image\/170x170\/sam-le-pompier-28.jpg",
					"88x88": "http:\/\/www.zouzous.fr\/image\/88x88\/sam-le-pompier-28.jpg",
					"280x157": "http:\/\/www.zouzous.fr\/image\/280x157\/sam-le-pompier-28.jpg",
					"raw": "http:\/\/www.zouzous.fr\/image\/raw\/sam-le-pompier-28.jpg"
				}
			},
			"episode": null,
			"season": null,
			"videoSummary": null,
			"type": "bonus",
			"time": null,
			"pushEditoContext": false,
			"hlsTVC": "http:\/\/ftvingest-vh.akamaihd.net\/i\/ingest\/streaming-adaptatif_france-dom-tom\/1970\/S01\/J4\/samlepompier_conseil_01_1406123084-h264-web-,398k,632k,934k,.mp4.csmil\/master.m3u8",
			"diffusionDate": null,
			"created": "2016-02-04T11:49:57+0100",
			"updated": "2016-10-14T00:36:55+0200",
			"publication": {
				"status": true,
				"dateStart": "2014-07-23T15:45:23+0200",
				"dateEnd": "2016-12-31T15:45:23+0100"
			},
			"universe": "zouzous"
		},
		{
			"hero": {
				"id": "sam-le-pompier",
				"name": "Sam le Pompier",
				"avatar": {
					"id": "pictos-heros-samlepompier-800x800",
					"title": "pictos_heros_samlepompier_800x800",
					"alternativeText": "pictos_heros_samlepompier_800x800",
					"universes": [
						"zouzous"
					],
					"uri": {
						"gallery": "http:\/\/www.zouzous.fr\/image\/gallery\/pictos-heros-samlepompier-800x800.png",
						"vignette": "http:\/\/www.zouzous.fr\/image\/vignette\/pictos-heros-samlepompier-800x800.png",
						"tiny_vignette": "http:\/\/www.zouzous.fr\/image\/tiny_vignette\/pictos-heros-samlepompier-800x800.png",
						"player_small": "http:\/\/www.zouzous.fr\/image\/player_small\/pictos-heros-samlepompier-800x800.png",
						"player_fullscreen_thumbnail": "http:\/\/www.zouzous.fr\/image\/player_fullscreen_thumbnail\/pictos-heros-samlepompier-800x800.png",
						"small_vignette": "http:\/\/www.zouzous.fr\/image\/small_vignette\/pictos-heros-samlepompier-800x800.png",
						"heroes_vignette": "http:\/\/www.zouzous.fr\/image\/heroes_vignette\/pictos-heros-samlepompier-800x800.png",
						"76x76": "http:\/\/www.zouzous.fr\/image\/76x76\/pictos-heros-samlepompier-800x800.png",
						"87x87": "http:\/\/www.zouzous.fr\/image\/87x87\/pictos-heros-samlepompier-800x800.png",
						"127x127": "http:\/\/www.zouzous.fr\/image\/127x127\/pictos-heros-samlepompier-800x800.png",
						"175x99": "http:\/\/www.zouzous.fr\/image\/175x99\/pictos-heros-samlepompier-800x800.png",
						"88x50": "http:\/\/www.zouzous.fr\/image\/88x50\/pictos-heros-samlepompier-800x800.png",
						"116x94": "http:\/\/www.zouzous.fr\/image\/116x94\/pictos-heros-samlepompier-800x800.png",
						"232x188": "http:\/\/www.zouzous.fr\/image\/232x188\/pictos-heros-samlepompier-800x800.png",
						"348x282": "http:\/\/www.zouzous.fr\/image\/348x282\/pictos-heros-samlepompier-800x800.png",
						"525x296": "http:\/\/www.zouzous.fr\/image\/525x296\/pictos-heros-samlepompier-800x800.png",
						"189x189": "http:\/\/www.zouzous.fr\/image\/189x189\/pictos-heros-samlepompier-800x800.png",
						"378x378": "http:\/\/www.zouzous.fr\/image\/378x378\/pictos-heros-samlepompier-800x800.png",
						"242x152": "http:\/\/www.zouzous.fr\/image\/242x152\/pictos-heros-samlepompier-800x800.png",
						"262x262": "http:\/\/www.zouzous.fr\/image\/262x262\/pictos-heros-samlepompier-800x800.png",
						"279x279": "http:\/\/www.zouzous.fr\/image\/279x279\/pictos-heros-samlepompier-800x800.png",
						"2048x1152": "http:\/\/www.zouzous.fr\/image\/2048x1152\/pictos-heros-samlepompier-800x800.png",
						"1024x576": "http:\/\/www.zouzous.fr\/image\/1024x576\/pictos-heros-samlepompier-800x800.png",
						"115x54": "http:\/\/www.zouzous.fr\/image\/115x54\/pictos-heros-samlepompier-800x800.png",
						"885x665": "http:\/\/www.zouzous.fr\/image\/885x665\/pictos-heros-samlepompier-800x800.png",
						"800x800": "http:\/\/www.zouzous.fr\/image\/800x800\/pictos-heros-samlepompier-800x800.png",
						"400x400": "http:\/\/www.zouzous.fr\/image\/400x400\/pictos-heros-samlepompier-800x800.png",
						"200x200": "http:\/\/www.zouzous.fr\/image\/200x200\/pictos-heros-samlepompier-800x800.png",
						"170x170": "http:\/\/www.zouzous.fr\/image\/170x170\/pictos-heros-samlepompier-800x800.png",
						"88x88": "http:\/\/www.zouzous.fr\/image\/88x88\/pictos-heros-samlepompier-800x800.png",
						"280x157": "http:\/\/www.zouzous.fr\/image\/280x157\/pictos-heros-samlepompier-800x800.png",
						"raw": "http:\/\/www.zouzous.fr\/image\/raw\/pictos-heros-samlepompier-800x800.png"
					}
				},
				"isSuperHero": false,
				"created": "2015-12-28T12:03:10+0100",
				"updated": "2016-10-14T00:36:33+0200",
				"publication": {
					"status": true,
					"dateStart": "2015-12-28T00:00:00+0100",
					"dateEnd": null
				},
				"universe": "zouzous"
			},
			"broadcast": "france5",
			"id": "sam-le-pompier-7",
			"identity": "NI_14627@Zouzous",
			"title": "Le feu de camp - Conseil de s\u00e9curit\u00e9 08",
			"summary": "Sam le Pompier vous donne des conseils de s\u00e9curit\u00e9 lorsque vous \u00eates autour d\u0027un feu de camp.",
			"channel": null,
			"idSIVideo": "sam_le_pompier",
			"thumbnail": {
				"id": "sam-le-pompier-27",
				"title": "Sam le Pompier ",
				"alternativeText": "Sam le Pompier ",
				"universes": [
					"zouzous"
				],
				"uri": {
					"gallery": "http:\/\/www.zouzous.fr\/image\/gallery\/sam-le-pompier-27.jpg",
					"vignette": "http:\/\/www.zouzous.fr\/image\/vignette\/sam-le-pompier-27.jpg",
					"tiny_vignette": "http:\/\/www.zouzous.fr\/image\/tiny_vignette\/sam-le-pompier-27.jpg",
					"player_small": "http:\/\/www.zouzous.fr\/image\/player_small\/sam-le-pompier-27.jpg",
					"player_fullscreen_thumbnail": "http:\/\/www.zouzous.fr\/image\/player_fullscreen_thumbnail\/sam-le-pompier-27.jpg",
					"small_vignette": "http:\/\/www.zouzous.fr\/image\/small_vignette\/sam-le-pompier-27.jpg",
					"heroes_vignette": "http:\/\/www.zouzous.fr\/image\/heroes_vignette\/sam-le-pompier-27.jpg",
					"76x76": "http:\/\/www.zouzous.fr\/image\/76x76\/sam-le-pompier-27.jpg",
					"87x87": "http:\/\/www.zouzous.fr\/image\/87x87\/sam-le-pompier-27.jpg",
					"127x127": "http:\/\/www.zouzous.fr\/image\/127x127\/sam-le-pompier-27.jpg",
					"175x99": "http:\/\/www.zouzous.fr\/image\/175x99\/sam-le-pompier-27.jpg",
					"88x50": "http:\/\/www.zouzous.fr\/image\/88x50\/sam-le-pompier-27.jpg",
					"116x94": "http:\/\/www.zouzous.fr\/image\/116x94\/sam-le-pompier-27.jpg",
					"232x188": "http:\/\/www.zouzous.fr\/image\/232x188\/sam-le-pompier-27.jpg",
					"348x282": "http:\/\/www.zouzous.fr\/image\/348x282\/sam-le-pompier-27.jpg",
					"525x296": "http:\/\/www.zouzous.fr\/image\/525x296\/sam-le-pompier-27.jpg",
					"189x189": "http:\/\/www.zouzous.fr\/image\/189x189\/sam-le-pompier-27.jpg",
					"378x378": "http:\/\/www.zouzous.fr\/image\/378x378\/sam-le-pompier-27.jpg",
					"242x152": "http:\/\/www.zouzous.fr\/image\/242x152\/sam-le-pompier-27.jpg",
					"262x262": "http:\/\/www.zouzous.fr\/image\/262x262\/sam-le-pompier-27.jpg",
					"279x279": "http:\/\/www.zouzous.fr\/image\/279x279\/sam-le-pompier-27.jpg",
					"2048x1152": "http:\/\/www.zouzous.fr\/image\/2048x1152\/sam-le-pompier-27.jpg",
					"1024x576": "http:\/\/www.zouzous.fr\/image\/1024x576\/sam-le-pompier-27.jpg",
					"115x54": "http:\/\/www.zouzous.fr\/image\/115x54\/sam-le-pompier-27.jpg",
					"885x665": "http:\/\/www.zouzous.fr\/image\/885x665\/sam-le-pompier-27.jpg",
					"800x800": "http:\/\/www.zouzous.fr\/image\/800x800\/sam-le-pompier-27.jpg",
					"400x400": "http:\/\/www.zouzous.fr\/image\/400x400\/sam-le-pompier-27.jpg",
					"200x200": "http:\/\/www.zouzous.fr\/image\/200x200\/sam-le-pompier-27.jpg",
					"170x170": "http:\/\/www.zouzous.fr\/image\/170x170\/sam-le-pompier-27.jpg",
					"88x88": "http:\/\/www.zouzous.fr\/image\/88x88\/sam-le-pompier-27.jpg",
					"280x157": "http:\/\/www.zouzous.fr\/image\/280x157\/sam-le-pompier-27.jpg",
					"raw": "http:\/\/www.zouzous.fr\/image\/raw\/sam-le-pompier-27.jpg"
				}
			},
			"episode": null,
			"season": null,
			"videoSummary": null,
			"type": "bonus",
			"time": null,
			"pushEditoContext": false,
			"hlsTVC": "http:\/\/ftvingest-vh.akamaihd.net\/i\/ingest\/streaming-adaptatif_france-dom-tom\/1970\/S01\/J4\/samlepompier_conseil_08_1406123078-h264-web-,398k,632k,934k,.mp4.csmil\/master.m3u8",
			"diffusionDate": null,
			"created": "2016-02-04T11:49:51+0100",
			"updated": "2016-10-14T00:36:53+0200",
			"publication": {
				"status": true,
				"dateStart": "2014-07-23T15:45:21+0200",
				"dateEnd": "2016-12-31T15:45:21+0100"
			},
			"universe": "zouzous"
		},
		{
			"hero": {
				"id": "sam-le-pompier",
				"name": "Sam le Pompier",
				"avatar": {
					"id": "pictos-heros-samlepompier-800x800",
					"title": "pictos_heros_samlepompier_800x800",
					"alternativeText": "pictos_heros_samlepompier_800x800",
					"universes": [
						"zouzous"
					],
					"uri": {
						"gallery": "http:\/\/www.zouzous.fr\/image\/gallery\/pictos-heros-samlepompier-800x800.png",
						"vignette": "http:\/\/www.zouzous.fr\/image\/vignette\/pictos-heros-samlepompier-800x800.png",
						"tiny_vignette": "http:\/\/www.zouzous.fr\/image\/tiny_vignette\/pictos-heros-samlepompier-800x800.png",
						"player_small": "http:\/\/www.zouzous.fr\/image\/player_small\/pictos-heros-samlepompier-800x800.png",
						"player_fullscreen_thumbnail": "http:\/\/www.zouzous.fr\/image\/player_fullscreen_thumbnail\/pictos-heros-samlepompier-800x800.png",
						"small_vignette": "http:\/\/www.zouzous.fr\/image\/small_vignette\/pictos-heros-samlepompier-800x800.png",
						"heroes_vignette": "http:\/\/www.zouzous.fr\/image\/heroes_vignette\/pictos-heros-samlepompier-800x800.png",
						"76x76": "http:\/\/www.zouzous.fr\/image\/76x76\/pictos-heros-samlepompier-800x800.png",
						"87x87": "http:\/\/www.zouzous.fr\/image\/87x87\/pictos-heros-samlepompier-800x800.png",
						"127x127": "http:\/\/www.zouzous.fr\/image\/127x127\/pictos-heros-samlepompier-800x800.png",
						"175x99": "http:\/\/www.zouzous.fr\/image\/175x99\/pictos-heros-samlepompier-800x800.png",
						"88x50": "http:\/\/www.zouzous.fr\/image\/88x50\/pictos-heros-samlepompier-800x800.png",
						"116x94": "http:\/\/www.zouzous.fr\/image\/116x94\/pictos-heros-samlepompier-800x800.png",
						"232x188": "http:\/\/www.zouzous.fr\/image\/232x188\/pictos-heros-samlepompier-800x800.png",
						"348x282": "http:\/\/www.zouzous.fr\/image\/348x282\/pictos-heros-samlepompier-800x800.png",
						"525x296": "http:\/\/www.zouzous.fr\/image\/525x296\/pictos-heros-samlepompier-800x800.png",
						"189x189": "http:\/\/www.zouzous.fr\/image\/189x189\/pictos-heros-samlepompier-800x800.png",
						"378x378": "http:\/\/www.zouzous.fr\/image\/378x378\/pictos-heros-samlepompier-800x800.png",
						"242x152": "http:\/\/www.zouzous.fr\/image\/242x152\/pictos-heros-samlepompier-800x800.png",
						"262x262": "http:\/\/www.zouzous.fr\/image\/262x262\/pictos-heros-samlepompier-800x800.png",
						"279x279": "http:\/\/www.zouzous.fr\/image\/279x279\/pictos-heros-samlepompier-800x800.png",
						"2048x1152": "http:\/\/www.zouzous.fr\/image\/2048x1152\/pictos-heros-samlepompier-800x800.png",
						"1024x576": "http:\/\/www.zouzous.fr\/image\/1024x576\/pictos-heros-samlepompier-800x800.png",
						"115x54": "http:\/\/www.zouzous.fr\/image\/115x54\/pictos-heros-samlepompier-800x800.png",
						"885x665": "http:\/\/www.zouzous.fr\/image\/885x665\/pictos-heros-samlepompier-800x800.png",
						"800x800": "http:\/\/www.zouzous.fr\/image\/800x800\/pictos-heros-samlepompier-800x800.png",
						"400x400": "http:\/\/www.zouzous.fr\/image\/400x400\/pictos-heros-samlepompier-800x800.png",
						"200x200": "http:\/\/www.zouzous.fr\/image\/200x200\/pictos-heros-samlepompier-800x800.png",
						"170x170": "http:\/\/www.zouzous.fr\/image\/170x170\/pictos-heros-samlepompier-800x800.png",
						"88x88": "http:\/\/www.zouzous.fr\/image\/88x88\/pictos-heros-samlepompier-800x800.png",
						"280x157": "http:\/\/www.zouzous.fr\/image\/280x157\/pictos-heros-samlepompier-800x800.png",
						"raw": "http:\/\/www.zouzous.fr\/image\/raw\/pictos-heros-samlepompier-800x800.png"
					}
				},
				"isSuperHero": false,
				"created": "2015-12-28T12:03:10+0100",
				"updated": "2016-10-14T00:36:33+0200",
				"publication": {
					"status": true,
					"dateStart": "2015-12-28T00:00:00+0100",
					"dateEnd": null
				},
				"universe": "zouzous"
			},
			"broadcast": "france5",
			"id": "sam-le-pompier-6",
			"identity": "NI_14625@Zouzous",
			"title": "Le feu de camp - Conseil de s\u00e9curit\u00e9 10",
			"summary": "Sam le Pompier vous donne des conseils de s\u00e9curit\u00e9 lorsque vous \u00eates autour d\u0027un feu de camp.",
			"channel": null,
			"idSIVideo": "sam_le_pompier",
			"thumbnail": {
				"id": "sam-le-pompier-26",
				"title": "Sam le Pompier",
				"alternativeText": "Sam le Pompier",
				"universes": [
					"zouzous"
				],
				"uri": {
					"gallery": "http:\/\/www.zouzous.fr\/image\/gallery\/sam-le-pompier-26.jpg",
					"vignette": "http:\/\/www.zouzous.fr\/image\/vignette\/sam-le-pompier-26.jpg",
					"tiny_vignette": "http:\/\/www.zouzous.fr\/image\/tiny_vignette\/sam-le-pompier-26.jpg",
					"player_small": "http:\/\/www.zouzous.fr\/image\/player_small\/sam-le-pompier-26.jpg",
					"player_fullscreen_thumbnail": "http:\/\/www.zouzous.fr\/image\/player_fullscreen_thumbnail\/sam-le-pompier-26.jpg",
					"small_vignette": "http:\/\/www.zouzous.fr\/image\/small_vignette\/sam-le-pompier-26.jpg",
					"heroes_vignette": "http:\/\/www.zouzous.fr\/image\/heroes_vignette\/sam-le-pompier-26.jpg",
					"76x76": "http:\/\/www.zouzous.fr\/image\/76x76\/sam-le-pompier-26.jpg",
					"87x87": "http:\/\/www.zouzous.fr\/image\/87x87\/sam-le-pompier-26.jpg",
					"127x127": "http:\/\/www.zouzous.fr\/image\/127x127\/sam-le-pompier-26.jpg",
					"175x99": "http:\/\/www.zouzous.fr\/image\/175x99\/sam-le-pompier-26.jpg",
					"88x50": "http:\/\/www.zouzous.fr\/image\/88x50\/sam-le-pompier-26.jpg",
					"116x94": "http:\/\/www.zouzous.fr\/image\/116x94\/sam-le-pompier-26.jpg",
					"232x188": "http:\/\/www.zouzous.fr\/image\/232x188\/sam-le-pompier-26.jpg",
					"348x282": "http:\/\/www.zouzous.fr\/image\/348x282\/sam-le-pompier-26.jpg",
					"525x296": "http:\/\/www.zouzous.fr\/image\/525x296\/sam-le-pompier-26.jpg",
					"189x189": "http:\/\/www.zouzous.fr\/image\/189x189\/sam-le-pompier-26.jpg",
					"378x378": "http:\/\/www.zouzous.fr\/image\/378x378\/sam-le-pompier-26.jpg",
					"242x152": "http:\/\/www.zouzous.fr\/image\/242x152\/sam-le-pompier-26.jpg",
					"262x262": "http:\/\/www.zouzous.fr\/image\/262x262\/sam-le-pompier-26.jpg",
					"279x279": "http:\/\/www.zouzous.fr\/image\/279x279\/sam-le-pompier-26.jpg",
					"2048x1152": "http:\/\/www.zouzous.fr\/image\/2048x1152\/sam-le-pompier-26.jpg",
					"1024x576": "http:\/\/www.zouzous.fr\/image\/1024x576\/sam-le-pompier-26.jpg",
					"115x54": "http:\/\/www.zouzous.fr\/image\/115x54\/sam-le-pompier-26.jpg",
					"885x665": "http:\/\/www.zouzous.fr\/image\/885x665\/sam-le-pompier-26.jpg",
					"800x800": "http:\/\/www.zouzous.fr\/image\/800x800\/sam-le-pompier-26.jpg",
					"400x400": "http:\/\/www.zouzous.fr\/image\/400x400\/sam-le-pompier-26.jpg",
					"200x200": "http:\/\/www.zouzous.fr\/image\/200x200\/sam-le-pompier-26.jpg",
					"170x170": "http:\/\/www.zouzous.fr\/image\/170x170\/sam-le-pompier-26.jpg",
					"88x88": "http:\/\/www.zouzous.fr\/image\/88x88\/sam-le-pompier-26.jpg",
					"280x157": "http:\/\/www.zouzous.fr\/image\/280x157\/sam-le-pompier-26.jpg",
					"raw": "http:\/\/www.zouzous.fr\/image\/raw\/sam-le-pompier-26.jpg"
				}
			},
			"episode": null,
			"season": null,
			"videoSummary": null,
			"type": "bonus",
			"time": null,
			"pushEditoContext": false,
			"hlsTVC": "http:\/\/ftvingest-vh.akamaihd.net\/i\/ingest\/streaming-adaptatif_france-dom-tom\/1970\/S01\/J4\/samlepompier_conseil_10_1406123077-h264-web-,398k,632k,934k,.mp4.csmil\/master.m3u8",
			"diffusionDate": null,
			"created": "2016-02-04T11:49:40+0100",
			"updated": "2016-10-14T00:36:51+0200",
			"publication": {
				"status": true,
				"dateStart": "2014-07-23T15:45:20+0200",
				"dateEnd": "2016-12-31T15:45:20+0100"
			},
			"universe": "zouzous"
		},
		{
			"hero": {
				"id": "sam-le-pompier",
				"name": "Sam le Pompier",
				"avatar": {
					"id": "pictos-heros-samlepompier-800x800",
					"title": "pictos_heros_samlepompier_800x800",
					"alternativeText": "pictos_heros_samlepompier_800x800",
					"universes": [
						"zouzous"
					],
					"uri": {
						"gallery": "http:\/\/www.zouzous.fr\/image\/gallery\/pictos-heros-samlepompier-800x800.png",
						"vignette": "http:\/\/www.zouzous.fr\/image\/vignette\/pictos-heros-samlepompier-800x800.png",
						"tiny_vignette": "http:\/\/www.zouzous.fr\/image\/tiny_vignette\/pictos-heros-samlepompier-800x800.png",
						"player_small": "http:\/\/www.zouzous.fr\/image\/player_small\/pictos-heros-samlepompier-800x800.png",
						"player_fullscreen_thumbnail": "http:\/\/www.zouzous.fr\/image\/player_fullscreen_thumbnail\/pictos-heros-samlepompier-800x800.png",
						"small_vignette": "http:\/\/www.zouzous.fr\/image\/small_vignette\/pictos-heros-samlepompier-800x800.png",
						"heroes_vignette": "http:\/\/www.zouzous.fr\/image\/heroes_vignette\/pictos-heros-samlepompier-800x800.png",
						"76x76": "http:\/\/www.zouzous.fr\/image\/76x76\/pictos-heros-samlepompier-800x800.png",
						"87x87": "http:\/\/www.zouzous.fr\/image\/87x87\/pictos-heros-samlepompier-800x800.png",
						"127x127": "http:\/\/www.zouzous.fr\/image\/127x127\/pictos-heros-samlepompier-800x800.png",
						"175x99": "http:\/\/www.zouzous.fr\/image\/175x99\/pictos-heros-samlepompier-800x800.png",
						"88x50": "http:\/\/www.zouzous.fr\/image\/88x50\/pictos-heros-samlepompier-800x800.png",
						"116x94": "http:\/\/www.zouzous.fr\/image\/116x94\/pictos-heros-samlepompier-800x800.png",
						"232x188": "http:\/\/www.zouzous.fr\/image\/232x188\/pictos-heros-samlepompier-800x800.png",
						"348x282": "http:\/\/www.zouzous.fr\/image\/348x282\/pictos-heros-samlepompier-800x800.png",
						"525x296": "http:\/\/www.zouzous.fr\/image\/525x296\/pictos-heros-samlepompier-800x800.png",
						"189x189": "http:\/\/www.zouzous.fr\/image\/189x189\/pictos-heros-samlepompier-800x800.png",
						"378x378": "http:\/\/www.zouzous.fr\/image\/378x378\/pictos-heros-samlepompier-800x800.png",
						"242x152": "http:\/\/www.zouzous.fr\/image\/242x152\/pictos-heros-samlepompier-800x800.png",
						"262x262": "http:\/\/www.zouzous.fr\/image\/262x262\/pictos-heros-samlepompier-800x800.png",
						"279x279": "http:\/\/www.zouzous.fr\/image\/279x279\/pictos-heros-samlepompier-800x800.png",
						"2048x1152": "http:\/\/www.zouzous.fr\/image\/2048x1152\/pictos-heros-samlepompier-800x800.png",
						"1024x576": "http:\/\/www.zouzous.fr\/image\/1024x576\/pictos-heros-samlepompier-800x800.png",
						"115x54": "http:\/\/www.zouzous.fr\/image\/115x54\/pictos-heros-samlepompier-800x800.png",
						"885x665": "http:\/\/www.zouzous.fr\/image\/885x665\/pictos-heros-samlepompier-800x800.png",
						"800x800": "http:\/\/www.zouzous.fr\/image\/800x800\/pictos-heros-samlepompier-800x800.png",
						"400x400": "http:\/\/www.zouzous.fr\/image\/400x400\/pictos-heros-samlepompier-800x800.png",
						"200x200": "http:\/\/www.zouzous.fr\/image\/200x200\/pictos-heros-samlepompier-800x800.png",
						"170x170": "http:\/\/www.zouzous.fr\/image\/170x170\/pictos-heros-samlepompier-800x800.png",
						"88x88": "http:\/\/www.zouzous.fr\/image\/88x88\/pictos-heros-samlepompier-800x800.png",
						"280x157": "http:\/\/www.zouzous.fr\/image\/280x157\/pictos-heros-samlepompier-800x800.png",
						"raw": "http:\/\/www.zouzous.fr\/image\/raw\/pictos-heros-samlepompier-800x800.png"
					}
				},
				"isSuperHero": false,
				"created": "2015-12-28T12:03:10+0100",
				"updated": "2016-10-14T00:36:33+0200",
				"publication": {
					"status": true,
					"dateStart": "2015-12-28T00:00:00+0100",
					"dateEnd": null
				},
				"universe": "zouzous"
			},
			"broadcast": "france5",
			"id": "sam-le-pompier-5",
			"identity": "NI_14623@Zouzous",
			"title": "Le feu de camp - Conseil de s\u00e9curit\u00e9 06",
			"summary": "Sam le Pompier vous donne des conseils de s\u00e9curit\u00e9 lorsque vous \u00eates autour d\u0027un feu de camp.",
			"channel": null,
			"idSIVideo": "sam_le_pompier",
			"thumbnail": {
				"id": "sam-le-pompier-25",
				"title": "Sam le Pompier ",
				"alternativeText": "Sam le Pompier ",
				"universes": [
					"zouzous"
				],
				"uri": {
					"gallery": "http:\/\/www.zouzous.fr\/image\/gallery\/sam-le-pompier-25.jpg",
					"vignette": "http:\/\/www.zouzous.fr\/image\/vignette\/sam-le-pompier-25.jpg",
					"tiny_vignette": "http:\/\/www.zouzous.fr\/image\/tiny_vignette\/sam-le-pompier-25.jpg",
					"player_small": "http:\/\/www.zouzous.fr\/image\/player_small\/sam-le-pompier-25.jpg",
					"player_fullscreen_thumbnail": "http:\/\/www.zouzous.fr\/image\/player_fullscreen_thumbnail\/sam-le-pompier-25.jpg",
					"small_vignette": "http:\/\/www.zouzous.fr\/image\/small_vignette\/sam-le-pompier-25.jpg",
					"heroes_vignette": "http:\/\/www.zouzous.fr\/image\/heroes_vignette\/sam-le-pompier-25.jpg",
					"76x76": "http:\/\/www.zouzous.fr\/image\/76x76\/sam-le-pompier-25.jpg",
					"87x87": "http:\/\/www.zouzous.fr\/image\/87x87\/sam-le-pompier-25.jpg",
					"127x127": "http:\/\/www.zouzous.fr\/image\/127x127\/sam-le-pompier-25.jpg",
					"175x99": "http:\/\/www.zouzous.fr\/image\/175x99\/sam-le-pompier-25.jpg",
					"88x50": "http:\/\/www.zouzous.fr\/image\/88x50\/sam-le-pompier-25.jpg",
					"116x94": "http:\/\/www.zouzous.fr\/image\/116x94\/sam-le-pompier-25.jpg",
					"232x188": "http:\/\/www.zouzous.fr\/image\/232x188\/sam-le-pompier-25.jpg",
					"348x282": "http:\/\/www.zouzous.fr\/image\/348x282\/sam-le-pompier-25.jpg",
					"525x296": "http:\/\/www.zouzous.fr\/image\/525x296\/sam-le-pompier-25.jpg",
					"189x189": "http:\/\/www.zouzous.fr\/image\/189x189\/sam-le-pompier-25.jpg",
					"378x378": "http:\/\/www.zouzous.fr\/image\/378x378\/sam-le-pompier-25.jpg",
					"242x152": "http:\/\/www.zouzous.fr\/image\/242x152\/sam-le-pompier-25.jpg",
					"262x262": "http:\/\/www.zouzous.fr\/image\/262x262\/sam-le-pompier-25.jpg",
					"279x279": "http:\/\/www.zouzous.fr\/image\/279x279\/sam-le-pompier-25.jpg",
					"2048x1152": "http:\/\/www.zouzous.fr\/image\/2048x1152\/sam-le-pompier-25.jpg",
					"1024x576": "http:\/\/www.zouzous.fr\/image\/1024x576\/sam-le-pompier-25.jpg",
					"115x54": "http:\/\/www.zouzous.fr\/image\/115x54\/sam-le-pompier-25.jpg",
					"885x665": "http:\/\/www.zouzous.fr\/image\/885x665\/sam-le-pompier-25.jpg",
					"800x800": "http:\/\/www.zouzous.fr\/image\/800x800\/sam-le-pompier-25.jpg",
					"400x400": "http:\/\/www.zouzous.fr\/image\/400x400\/sam-le-pompier-25.jpg",
					"200x200": "http:\/\/www.zouzous.fr\/image\/200x200\/sam-le-pompier-25.jpg",
					"170x170": "http:\/\/www.zouzous.fr\/image\/170x170\/sam-le-pompier-25.jpg",
					"88x88": "http:\/\/www.zouzous.fr\/image\/88x88\/sam-le-pompier-25.jpg",
					"280x157": "http:\/\/www.zouzous.fr\/image\/280x157\/sam-le-pompier-25.jpg",
					"raw": "http:\/\/www.zouzous.fr\/image\/raw\/sam-le-pompier-25.jpg"
				}
			},
			"episode": null,
			"season": null,
			"videoSummary": null,
			"type": "bonus",
			"time": null,
			"pushEditoContext": false,
			"hlsTVC": "http:\/\/ftvingest-vh.akamaihd.net\/i\/ingest\/streaming-adaptatif_france-dom-tom\/1970\/S01\/J4\/samlepompier_conseil_06_1406123071-h264-web-,398k,632k,934k,.mp4.csmil\/master.m3u8",
			"diffusionDate": null,
			"created": "2016-02-04T11:49:30+0100",
			"updated": "2016-10-14T00:36:48+0200",
			"publication": {
				"status": true,
				"dateStart": "2014-07-23T15:45:18+0200",
				"dateEnd": "2016-12-31T15:45:18+0100"
			},
			"universe": "zouzous"
		},
		{
			"hero": {
				"id": "sam-le-pompier",
				"name": "Sam le Pompier",
				"avatar": {
					"id": "pictos-heros-samlepompier-800x800",
					"title": "pictos_heros_samlepompier_800x800",
					"alternativeText": "pictos_heros_samlepompier_800x800",
					"universes": [
						"zouzous"
					],
					"uri": {
						"gallery": "http:\/\/www.zouzous.fr\/image\/gallery\/pictos-heros-samlepompier-800x800.png",
						"vignette": "http:\/\/www.zouzous.fr\/image\/vignette\/pictos-heros-samlepompier-800x800.png",
						"tiny_vignette": "http:\/\/www.zouzous.fr\/image\/tiny_vignette\/pictos-heros-samlepompier-800x800.png",
						"player_small": "http:\/\/www.zouzous.fr\/image\/player_small\/pictos-heros-samlepompier-800x800.png",
						"player_fullscreen_thumbnail": "http:\/\/www.zouzous.fr\/image\/player_fullscreen_thumbnail\/pictos-heros-samlepompier-800x800.png",
						"small_vignette": "http:\/\/www.zouzous.fr\/image\/small_vignette\/pictos-heros-samlepompier-800x800.png",
						"heroes_vignette": "http:\/\/www.zouzous.fr\/image\/heroes_vignette\/pictos-heros-samlepompier-800x800.png",
						"76x76": "http:\/\/www.zouzous.fr\/image\/76x76\/pictos-heros-samlepompier-800x800.png",
						"87x87": "http:\/\/www.zouzous.fr\/image\/87x87\/pictos-heros-samlepompier-800x800.png",
						"127x127": "http:\/\/www.zouzous.fr\/image\/127x127\/pictos-heros-samlepompier-800x800.png",
						"175x99": "http:\/\/www.zouzous.fr\/image\/175x99\/pictos-heros-samlepompier-800x800.png",
						"88x50": "http:\/\/www.zouzous.fr\/image\/88x50\/pictos-heros-samlepompier-800x800.png",
						"116x94": "http:\/\/www.zouzous.fr\/image\/116x94\/pictos-heros-samlepompier-800x800.png",
						"232x188": "http:\/\/www.zouzous.fr\/image\/232x188\/pictos-heros-samlepompier-800x800.png",
						"348x282": "http:\/\/www.zouzous.fr\/image\/348x282\/pictos-heros-samlepompier-800x800.png",
						"525x296": "http:\/\/www.zouzous.fr\/image\/525x296\/pictos-heros-samlepompier-800x800.png",
						"189x189": "http:\/\/www.zouzous.fr\/image\/189x189\/pictos-heros-samlepompier-800x800.png",
						"378x378": "http:\/\/www.zouzous.fr\/image\/378x378\/pictos-heros-samlepompier-800x800.png",
						"242x152": "http:\/\/www.zouzous.fr\/image\/242x152\/pictos-heros-samlepompier-800x800.png",
						"262x262": "http:\/\/www.zouzous.fr\/image\/262x262\/pictos-heros-samlepompier-800x800.png",
						"279x279": "http:\/\/www.zouzous.fr\/image\/279x279\/pictos-heros-samlepompier-800x800.png",
						"2048x1152": "http:\/\/www.zouzous.fr\/image\/2048x1152\/pictos-heros-samlepompier-800x800.png",
						"1024x576": "http:\/\/www.zouzous.fr\/image\/1024x576\/pictos-heros-samlepompier-800x800.png",
						"115x54": "http:\/\/www.zouzous.fr\/image\/115x54\/pictos-heros-samlepompier-800x800.png",
						"885x665": "http:\/\/www.zouzous.fr\/image\/885x665\/pictos-heros-samlepompier-800x800.png",
						"800x800": "http:\/\/www.zouzous.fr\/image\/800x800\/pictos-heros-samlepompier-800x800.png",
						"400x400": "http:\/\/www.zouzous.fr\/image\/400x400\/pictos-heros-samlepompier-800x800.png",
						"200x200": "http:\/\/www.zouzous.fr\/image\/200x200\/pictos-heros-samlepompier-800x800.png",
						"170x170": "http:\/\/www.zouzous.fr\/image\/170x170\/pictos-heros-samlepompier-800x800.png",
						"88x88": "http:\/\/www.zouzous.fr\/image\/88x88\/pictos-heros-samlepompier-800x800.png",
						"280x157": "http:\/\/www.zouzous.fr\/image\/280x157\/pictos-heros-samlepompier-800x800.png",
						"raw": "http:\/\/www.zouzous.fr\/image\/raw\/pictos-heros-samlepompier-800x800.png"
					}
				},
				"isSuperHero": false,
				"created": "2015-12-28T12:03:10+0100",
				"updated": "2016-10-14T00:36:33+0200",
				"publication": {
					"status": true,
					"dateStart": "2015-12-28T00:00:00+0100",
					"dateEnd": null
				},
				"universe": "zouzous"
			},
			"broadcast": "france5",
			"id": "sam-le-pompier-4",
			"identity": "NI_14621@Zouzous",
			"title": "Le feu de camp - Conseil de s\u00e9curit\u00e9 04",
			"summary": "Sam le Pompier vous donne des conseils de s\u00e9curit\u00e9 lorsque vous \u00eates autour d\u0027un feu de camp.",
			"channel": null,
			"idSIVideo": "sam_le_pompier",
			"thumbnail": {
				"id": "sam-le-pompier-24",
				"title": "Sam le Pompier",
				"alternativeText": "Sam le Pompier",
				"universes": [
					"zouzous"
				],
				"uri": {
					"gallery": "http:\/\/www.zouzous.fr\/image\/gallery\/sam-le-pompier-24.jpg",
					"vignette": "http:\/\/www.zouzous.fr\/image\/vignette\/sam-le-pompier-24.jpg",
					"tiny_vignette": "http:\/\/www.zouzous.fr\/image\/tiny_vignette\/sam-le-pompier-24.jpg",
					"player_small": "http:\/\/www.zouzous.fr\/image\/player_small\/sam-le-pompier-24.jpg",
					"player_fullscreen_thumbnail": "http:\/\/www.zouzous.fr\/image\/player_fullscreen_thumbnail\/sam-le-pompier-24.jpg",
					"small_vignette": "http:\/\/www.zouzous.fr\/image\/small_vignette\/sam-le-pompier-24.jpg",
					"heroes_vignette": "http:\/\/www.zouzous.fr\/image\/heroes_vignette\/sam-le-pompier-24.jpg",
					"76x76": "http:\/\/www.zouzous.fr\/image\/76x76\/sam-le-pompier-24.jpg",
					"87x87": "http:\/\/www.zouzous.fr\/image\/87x87\/sam-le-pompier-24.jpg",
					"127x127": "http:\/\/www.zouzous.fr\/image\/127x127\/sam-le-pompier-24.jpg",
					"175x99": "http:\/\/www.zouzous.fr\/image\/175x99\/sam-le-pompier-24.jpg",
					"88x50": "http:\/\/www.zouzous.fr\/image\/88x50\/sam-le-pompier-24.jpg",
					"116x94": "http:\/\/www.zouzous.fr\/image\/116x94\/sam-le-pompier-24.jpg",
					"232x188": "http:\/\/www.zouzous.fr\/image\/232x188\/sam-le-pompier-24.jpg",
					"348x282": "http:\/\/www.zouzous.fr\/image\/348x282\/sam-le-pompier-24.jpg",
					"525x296": "http:\/\/www.zouzous.fr\/image\/525x296\/sam-le-pompier-24.jpg",
					"189x189": "http:\/\/www.zouzous.fr\/image\/189x189\/sam-le-pompier-24.jpg",
					"378x378": "http:\/\/www.zouzous.fr\/image\/378x378\/sam-le-pompier-24.jpg",
					"242x152": "http:\/\/www.zouzous.fr\/image\/242x152\/sam-le-pompier-24.jpg",
					"262x262": "http:\/\/www.zouzous.fr\/image\/262x262\/sam-le-pompier-24.jpg",
					"279x279": "http:\/\/www.zouzous.fr\/image\/279x279\/sam-le-pompier-24.jpg",
					"2048x1152": "http:\/\/www.zouzous.fr\/image\/2048x1152\/sam-le-pompier-24.jpg",
					"1024x576": "http:\/\/www.zouzous.fr\/image\/1024x576\/sam-le-pompier-24.jpg",
					"115x54": "http:\/\/www.zouzous.fr\/image\/115x54\/sam-le-pompier-24.jpg",
					"885x665": "http:\/\/www.zouzous.fr\/image\/885x665\/sam-le-pompier-24.jpg",
					"800x800": "http:\/\/www.zouzous.fr\/image\/800x800\/sam-le-pompier-24.jpg",
					"400x400": "http:\/\/www.zouzous.fr\/image\/400x400\/sam-le-pompier-24.jpg",
					"200x200": "http:\/\/www.zouzous.fr\/image\/200x200\/sam-le-pompier-24.jpg",
					"170x170": "http:\/\/www.zouzous.fr\/image\/170x170\/sam-le-pompier-24.jpg",
					"88x88": "http:\/\/www.zouzous.fr\/image\/88x88\/sam-le-pompier-24.jpg",
					"280x157": "http:\/\/www.zouzous.fr\/image\/280x157\/sam-le-pompier-24.jpg",
					"raw": "http:\/\/www.zouzous.fr\/image\/raw\/sam-le-pompier-24.jpg"
				}
			},
			"episode": null,
			"season": null,
			"videoSummary": null,
			"type": "bonus",
			"time": null,
			"pushEditoContext": false,
			"hlsTVC": "http:\/\/ftvingest-vh.akamaihd.net\/i\/ingest\/streaming-adaptatif_france-dom-tom\/1970\/S01\/J4\/samlepompier_conseil_04_1406123071-h264-web-,398k,632k,934k,.mp4.csmil\/master.m3u8",
			"diffusionDate": null,
			"created": "2016-02-04T11:49:23+0100",
			"updated": "2016-10-14T00:36:46+0200",
			"publication": {
				"status": true,
				"dateStart": "2014-07-23T15:45:16+0200",
				"dateEnd": "2016-12-31T15:45:16+0100"
			},
			"universe": "zouzous"
		},
		{
			"hero": {
				"id": "sam-le-pompier",
				"name": "Sam le Pompier",
				"avatar": {
					"id": "pictos-heros-samlepompier-800x800",
					"title": "pictos_heros_samlepompier_800x800",
					"alternativeText": "pictos_heros_samlepompier_800x800",
					"universes": [
						"zouzous"
					],
					"uri": {
						"gallery": "http:\/\/www.zouzous.fr\/image\/gallery\/pictos-heros-samlepompier-800x800.png",
						"vignette": "http:\/\/www.zouzous.fr\/image\/vignette\/pictos-heros-samlepompier-800x800.png",
						"tiny_vignette": "http:\/\/www.zouzous.fr\/image\/tiny_vignette\/pictos-heros-samlepompier-800x800.png",
						"player_small": "http:\/\/www.zouzous.fr\/image\/player_small\/pictos-heros-samlepompier-800x800.png",
						"player_fullscreen_thumbnail": "http:\/\/www.zouzous.fr\/image\/player_fullscreen_thumbnail\/pictos-heros-samlepompier-800x800.png",
						"small_vignette": "http:\/\/www.zouzous.fr\/image\/small_vignette\/pictos-heros-samlepompier-800x800.png",
						"heroes_vignette": "http:\/\/www.zouzous.fr\/image\/heroes_vignette\/pictos-heros-samlepompier-800x800.png",
						"76x76": "http:\/\/www.zouzous.fr\/image\/76x76\/pictos-heros-samlepompier-800x800.png",
						"87x87": "http:\/\/www.zouzous.fr\/image\/87x87\/pictos-heros-samlepompier-800x800.png",
						"127x127": "http:\/\/www.zouzous.fr\/image\/127x127\/pictos-heros-samlepompier-800x800.png",
						"175x99": "http:\/\/www.zouzous.fr\/image\/175x99\/pictos-heros-samlepompier-800x800.png",
						"88x50": "http:\/\/www.zouzous.fr\/image\/88x50\/pictos-heros-samlepompier-800x800.png",
						"116x94": "http:\/\/www.zouzous.fr\/image\/116x94\/pictos-heros-samlepompier-800x800.png",
						"232x188": "http:\/\/www.zouzous.fr\/image\/232x188\/pictos-heros-samlepompier-800x800.png",
						"348x282": "http:\/\/www.zouzous.fr\/image\/348x282\/pictos-heros-samlepompier-800x800.png",
						"525x296": "http:\/\/www.zouzous.fr\/image\/525x296\/pictos-heros-samlepompier-800x800.png",
						"189x189": "http:\/\/www.zouzous.fr\/image\/189x189\/pictos-heros-samlepompier-800x800.png",
						"378x378": "http:\/\/www.zouzous.fr\/image\/378x378\/pictos-heros-samlepompier-800x800.png",
						"242x152": "http:\/\/www.zouzous.fr\/image\/242x152\/pictos-heros-samlepompier-800x800.png",
						"262x262": "http:\/\/www.zouzous.fr\/image\/262x262\/pictos-heros-samlepompier-800x800.png",
						"279x279": "http:\/\/www.zouzous.fr\/image\/279x279\/pictos-heros-samlepompier-800x800.png",
						"2048x1152": "http:\/\/www.zouzous.fr\/image\/2048x1152\/pictos-heros-samlepompier-800x800.png",
						"1024x576": "http:\/\/www.zouzous.fr\/image\/1024x576\/pictos-heros-samlepompier-800x800.png",
						"115x54": "http:\/\/www.zouzous.fr\/image\/115x54\/pictos-heros-samlepompier-800x800.png",
						"885x665": "http:\/\/www.zouzous.fr\/image\/885x665\/pictos-heros-samlepompier-800x800.png",
						"800x800": "http:\/\/www.zouzous.fr\/image\/800x800\/pictos-heros-samlepompier-800x800.png",
						"400x400": "http:\/\/www.zouzous.fr\/image\/400x400\/pictos-heros-samlepompier-800x800.png",
						"200x200": "http:\/\/www.zouzous.fr\/image\/200x200\/pictos-heros-samlepompier-800x800.png",
						"170x170": "http:\/\/www.zouzous.fr\/image\/170x170\/pictos-heros-samlepompier-800x800.png",
						"88x88": "http:\/\/www.zouzous.fr\/image\/88x88\/pictos-heros-samlepompier-800x800.png",
						"280x157": "http:\/\/www.zouzous.fr\/image\/280x157\/pictos-heros-samlepompier-800x800.png",
						"raw": "http:\/\/www.zouzous.fr\/image\/raw\/pictos-heros-samlepompier-800x800.png"
					}
				},
				"isSuperHero": false,
				"created": "2015-12-28T12:03:10+0100",
				"updated": "2016-10-14T00:36:33+0200",
				"publication": {
					"status": true,
					"dateStart": "2015-12-28T00:00:00+0100",
					"dateEnd": null
				},
				"universe": "zouzous"
			},
			"broadcast": "france5",
			"id": "sam-le-pompier-3",
			"identity": "NI_14619@Zouzous",
			"title": "Le feu de camp - Conseil de s\u00e9curit\u00e9 02",
			"summary": "Sam le Pompier vous donne des conseils de s\u00e9curit\u00e9 lorsque vous \u00eates autour d\u0027un feu de camp.",
			"channel": null,
			"idSIVideo": "sam_le_pompier",
			"thumbnail": {
				"id": "sam-le-pompier-23",
				"title": "Sam le Pompier ",
				"alternativeText": "Sam le Pompier ",
				"universes": [
					"zouzous"
				],
				"uri": {
					"gallery": "http:\/\/www.zouzous.fr\/image\/gallery\/sam-le-pompier-23.jpg",
					"vignette": "http:\/\/www.zouzous.fr\/image\/vignette\/sam-le-pompier-23.jpg",
					"tiny_vignette": "http:\/\/www.zouzous.fr\/image\/tiny_vignette\/sam-le-pompier-23.jpg",
					"player_small": "http:\/\/www.zouzous.fr\/image\/player_small\/sam-le-pompier-23.jpg",
					"player_fullscreen_thumbnail": "http:\/\/www.zouzous.fr\/image\/player_fullscreen_thumbnail\/sam-le-pompier-23.jpg",
					"small_vignette": "http:\/\/www.zouzous.fr\/image\/small_vignette\/sam-le-pompier-23.jpg",
					"heroes_vignette": "http:\/\/www.zouzous.fr\/image\/heroes_vignette\/sam-le-pompier-23.jpg",
					"76x76": "http:\/\/www.zouzous.fr\/image\/76x76\/sam-le-pompier-23.jpg",
					"87x87": "http:\/\/www.zouzous.fr\/image\/87x87\/sam-le-pompier-23.jpg",
					"127x127": "http:\/\/www.zouzous.fr\/image\/127x127\/sam-le-pompier-23.jpg",
					"175x99": "http:\/\/www.zouzous.fr\/image\/175x99\/sam-le-pompier-23.jpg",
					"88x50": "http:\/\/www.zouzous.fr\/image\/88x50\/sam-le-pompier-23.jpg",
					"116x94": "http:\/\/www.zouzous.fr\/image\/116x94\/sam-le-pompier-23.jpg",
					"232x188": "http:\/\/www.zouzous.fr\/image\/232x188\/sam-le-pompier-23.jpg",
					"348x282": "http:\/\/www.zouzous.fr\/image\/348x282\/sam-le-pompier-23.jpg",
					"525x296": "http:\/\/www.zouzous.fr\/image\/525x296\/sam-le-pompier-23.jpg",
					"189x189": "http:\/\/www.zouzous.fr\/image\/189x189\/sam-le-pompier-23.jpg",
					"378x378": "http:\/\/www.zouzous.fr\/image\/378x378\/sam-le-pompier-23.jpg",
					"242x152": "http:\/\/www.zouzous.fr\/image\/242x152\/sam-le-pompier-23.jpg",
					"262x262": "http:\/\/www.zouzous.fr\/image\/262x262\/sam-le-pompier-23.jpg",
					"279x279": "http:\/\/www.zouzous.fr\/image\/279x279\/sam-le-pompier-23.jpg",
					"2048x1152": "http:\/\/www.zouzous.fr\/image\/2048x1152\/sam-le-pompier-23.jpg",
					"1024x576": "http:\/\/www.zouzous.fr\/image\/1024x576\/sam-le-pompier-23.jpg",
					"115x54": "http:\/\/www.zouzous.fr\/image\/115x54\/sam-le-pompier-23.jpg",
					"885x665": "http:\/\/www.zouzous.fr\/image\/885x665\/sam-le-pompier-23.jpg",
					"800x800": "http:\/\/www.zouzous.fr\/image\/800x800\/sam-le-pompier-23.jpg",
					"400x400": "http:\/\/www.zouzous.fr\/image\/400x400\/sam-le-pompier-23.jpg",
					"200x200": "http:\/\/www.zouzous.fr\/image\/200x200\/sam-le-pompier-23.jpg",
					"170x170": "http:\/\/www.zouzous.fr\/image\/170x170\/sam-le-pompier-23.jpg",
					"88x88": "http:\/\/www.zouzous.fr\/image\/88x88\/sam-le-pompier-23.jpg",
					"280x157": "http:\/\/www.zouzous.fr\/image\/280x157\/sam-le-pompier-23.jpg",
					"raw": "http:\/\/www.zouzous.fr\/image\/raw\/sam-le-pompier-23.jpg"
				}
			},
			"episode": null,
			"season": null,
			"videoSummary": null,
			"type": "bonus",
			"time": null,
			"pushEditoContext": false,
			"hlsTVC": "http:\/\/ftvingest-vh.akamaihd.net\/i\/ingest\/streaming-adaptatif_france-dom-tom\/1970\/S01\/J4\/samlepompier_conseil_02_1406123071-h264-web-,398k,632k,934k,.mp4.csmil\/master.m3u8",
			"diffusionDate": null,
			"created": "2016-02-04T11:49:16+0100",
			"updated": "2016-10-14T00:36:44+0200",
			"publication": {
				"status": true,
				"dateStart": "2014-07-23T15:45:14+0200",
				"dateEnd": "2016-12-31T15:45:14+0100"
			},
			"universe": "zouzous"
		},
		{
			"hero": {
				"id": "sam-le-pompier",
				"name": "Sam le Pompier",
				"avatar": {
					"id": "pictos-heros-samlepompier-800x800",
					"title": "pictos_heros_samlepompier_800x800",
					"alternativeText": "pictos_heros_samlepompier_800x800",
					"universes": [
						"zouzous"
					],
					"uri": {
						"gallery": "http:\/\/www.zouzous.fr\/image\/gallery\/pictos-heros-samlepompier-800x800.png",
						"vignette": "http:\/\/www.zouzous.fr\/image\/vignette\/pictos-heros-samlepompier-800x800.png",
						"tiny_vignette": "http:\/\/www.zouzous.fr\/image\/tiny_vignette\/pictos-heros-samlepompier-800x800.png",
						"player_small": "http:\/\/www.zouzous.fr\/image\/player_small\/pictos-heros-samlepompier-800x800.png",
						"player_fullscreen_thumbnail": "http:\/\/www.zouzous.fr\/image\/player_fullscreen_thumbnail\/pictos-heros-samlepompier-800x800.png",
						"small_vignette": "http:\/\/www.zouzous.fr\/image\/small_vignette\/pictos-heros-samlepompier-800x800.png",
						"heroes_vignette": "http:\/\/www.zouzous.fr\/image\/heroes_vignette\/pictos-heros-samlepompier-800x800.png",
						"76x76": "http:\/\/www.zouzous.fr\/image\/76x76\/pictos-heros-samlepompier-800x800.png",
						"87x87": "http:\/\/www.zouzous.fr\/image\/87x87\/pictos-heros-samlepompier-800x800.png",
						"127x127": "http:\/\/www.zouzous.fr\/image\/127x127\/pictos-heros-samlepompier-800x800.png",
						"175x99": "http:\/\/www.zouzous.fr\/image\/175x99\/pictos-heros-samlepompier-800x800.png",
						"88x50": "http:\/\/www.zouzous.fr\/image\/88x50\/pictos-heros-samlepompier-800x800.png",
						"116x94": "http:\/\/www.zouzous.fr\/image\/116x94\/pictos-heros-samlepompier-800x800.png",
						"232x188": "http:\/\/www.zouzous.fr\/image\/232x188\/pictos-heros-samlepompier-800x800.png",
						"348x282": "http:\/\/www.zouzous.fr\/image\/348x282\/pictos-heros-samlepompier-800x800.png",
						"525x296": "http:\/\/www.zouzous.fr\/image\/525x296\/pictos-heros-samlepompier-800x800.png",
						"189x189": "http:\/\/www.zouzous.fr\/image\/189x189\/pictos-heros-samlepompier-800x800.png",
						"378x378": "http:\/\/www.zouzous.fr\/image\/378x378\/pictos-heros-samlepompier-800x800.png",
						"242x152": "http:\/\/www.zouzous.fr\/image\/242x152\/pictos-heros-samlepompier-800x800.png",
						"262x262": "http:\/\/www.zouzous.fr\/image\/262x262\/pictos-heros-samlepompier-800x800.png",
						"279x279": "http:\/\/www.zouzous.fr\/image\/279x279\/pictos-heros-samlepompier-800x800.png",
						"2048x1152": "http:\/\/www.zouzous.fr\/image\/2048x1152\/pictos-heros-samlepompier-800x800.png",
						"1024x576": "http:\/\/www.zouzous.fr\/image\/1024x576\/pictos-heros-samlepompier-800x800.png",
						"115x54": "http:\/\/www.zouzous.fr\/image\/115x54\/pictos-heros-samlepompier-800x800.png",
						"885x665": "http:\/\/www.zouzous.fr\/image\/885x665\/pictos-heros-samlepompier-800x800.png",
						"800x800": "http:\/\/www.zouzous.fr\/image\/800x800\/pictos-heros-samlepompier-800x800.png",
						"400x400": "http:\/\/www.zouzous.fr\/image\/400x400\/pictos-heros-samlepompier-800x800.png",
						"200x200": "http:\/\/www.zouzous.fr\/image\/200x200\/pictos-heros-samlepompier-800x800.png",
						"170x170": "http:\/\/www.zouzous.fr\/image\/170x170\/pictos-heros-samlepompier-800x800.png",
						"88x88": "http:\/\/www.zouzous.fr\/image\/88x88\/pictos-heros-samlepompier-800x800.png",
						"280x157": "http:\/\/www.zouzous.fr\/image\/280x157\/pictos-heros-samlepompier-800x800.png",
						"raw": "http:\/\/www.zouzous.fr\/image\/raw\/pictos-heros-samlepompier-800x800.png"
					}
				},
				"isSuperHero": false,
				"created": "2015-12-28T12:03:10+0100",
				"updated": "2016-10-14T00:36:33+0200",
				"publication": {
					"status": true,
					"dateStart": "2015-12-28T00:00:00+0100",
					"dateEnd": null
				},
				"universe": "zouzous"
			},
			"broadcast": "france5",
			"id": "sam-le-pompier-2",
			"identity": "NI_14617@Zouzous",
			"title": "Le feu de camp - Conseil de s\u00e9curit\u00e9 07",
			"summary": "Sam le Pompier vous donne des conseils de s\u00e9curit\u00e9 lorsque vous \u00eates autour d\u0027un feu de camp.",
			"channel": null,
			"idSIVideo": "sam_le_pompier",
			"thumbnail": {
				"id": "sam-le-pompier-22",
				"title": "Sam le Pompier ",
				"alternativeText": "Sam le Pompier ",
				"universes": [
					"zouzous"
				],
				"uri": {
					"gallery": "http:\/\/www.zouzous.fr\/image\/gallery\/sam-le-pompier-22.jpg",
					"vignette": "http:\/\/www.zouzous.fr\/image\/vignette\/sam-le-pompier-22.jpg",
					"tiny_vignette": "http:\/\/www.zouzous.fr\/image\/tiny_vignette\/sam-le-pompier-22.jpg",
					"player_small": "http:\/\/www.zouzous.fr\/image\/player_small\/sam-le-pompier-22.jpg",
					"player_fullscreen_thumbnail": "http:\/\/www.zouzous.fr\/image\/player_fullscreen_thumbnail\/sam-le-pompier-22.jpg",
					"small_vignette": "http:\/\/www.zouzous.fr\/image\/small_vignette\/sam-le-pompier-22.jpg",
					"heroes_vignette": "http:\/\/www.zouzous.fr\/image\/heroes_vignette\/sam-le-pompier-22.jpg",
					"76x76": "http:\/\/www.zouzous.fr\/image\/76x76\/sam-le-pompier-22.jpg",
					"87x87": "http:\/\/www.zouzous.fr\/image\/87x87\/sam-le-pompier-22.jpg",
					"127x127": "http:\/\/www.zouzous.fr\/image\/127x127\/sam-le-pompier-22.jpg",
					"175x99": "http:\/\/www.zouzous.fr\/image\/175x99\/sam-le-pompier-22.jpg",
					"88x50": "http:\/\/www.zouzous.fr\/image\/88x50\/sam-le-pompier-22.jpg",
					"116x94": "http:\/\/www.zouzous.fr\/image\/116x94\/sam-le-pompier-22.jpg",
					"232x188": "http:\/\/www.zouzous.fr\/image\/232x188\/sam-le-pompier-22.jpg",
					"348x282": "http:\/\/www.zouzous.fr\/image\/348x282\/sam-le-pompier-22.jpg",
					"525x296": "http:\/\/www.zouzous.fr\/image\/525x296\/sam-le-pompier-22.jpg",
					"189x189": "http:\/\/www.zouzous.fr\/image\/189x189\/sam-le-pompier-22.jpg",
					"378x378": "http:\/\/www.zouzous.fr\/image\/378x378\/sam-le-pompier-22.jpg",
					"242x152": "http:\/\/www.zouzous.fr\/image\/242x152\/sam-le-pompier-22.jpg",
					"262x262": "http:\/\/www.zouzous.fr\/image\/262x262\/sam-le-pompier-22.jpg",
					"279x279": "http:\/\/www.zouzous.fr\/image\/279x279\/sam-le-pompier-22.jpg",
					"2048x1152": "http:\/\/www.zouzous.fr\/image\/2048x1152\/sam-le-pompier-22.jpg",
					"1024x576": "http:\/\/www.zouzous.fr\/image\/1024x576\/sam-le-pompier-22.jpg",
					"115x54": "http:\/\/www.zouzous.fr\/image\/115x54\/sam-le-pompier-22.jpg",
					"885x665": "http:\/\/www.zouzous.fr\/image\/885x665\/sam-le-pompier-22.jpg",
					"800x800": "http:\/\/www.zouzous.fr\/image\/800x800\/sam-le-pompier-22.jpg",
					"400x400": "http:\/\/www.zouzous.fr\/image\/400x400\/sam-le-pompier-22.jpg",
					"200x200": "http:\/\/www.zouzous.fr\/image\/200x200\/sam-le-pompier-22.jpg",
					"170x170": "http:\/\/www.zouzous.fr\/image\/170x170\/sam-le-pompier-22.jpg",
					"88x88": "http:\/\/www.zouzous.fr\/image\/88x88\/sam-le-pompier-22.jpg",
					"280x157": "http:\/\/www.zouzous.fr\/image\/280x157\/sam-le-pompier-22.jpg",
					"raw": "http:\/\/www.zouzous.fr\/image\/raw\/sam-le-pompier-22.jpg"
				}
			},
			"episode": null,
			"season": null,
			"videoSummary": null,
			"type": "bonus",
			"time": null,
			"pushEditoContext": false,
			"hlsTVC": "http:\/\/ftvingest-vh.akamaihd.net\/i\/ingest\/streaming-adaptatif_france-dom-tom\/1970\/S01\/J4\/samlepompier_conseil_07_1406123065-h264-web-,398k,632k,934k,.mp4.csmil\/master.m3u8",
			"diffusionDate": null,
			"created": "2016-02-04T11:49:03+0100",
			"updated": "2016-10-14T00:36:43+0200",
			"publication": {
				"status": true,
				"dateStart": "2014-07-23T15:45:09+0200",
				"dateEnd": "2016-12-31T15:45:09+0100"
			},
			"universe": "zouzous"
		},
		{
			"hero": {
				"id": "sam-le-pompier",
				"name": "Sam le Pompier",
				"avatar": {
					"id": "pictos-heros-samlepompier-800x800",
					"title": "pictos_heros_samlepompier_800x800",
					"alternativeText": "pictos_heros_samlepompier_800x800",
					"universes": [
						"zouzous"
					],
					"uri": {
						"gallery": "http:\/\/www.zouzous.fr\/image\/gallery\/pictos-heros-samlepompier-800x800.png",
						"vignette": "http:\/\/www.zouzous.fr\/image\/vignette\/pictos-heros-samlepompier-800x800.png",
						"tiny_vignette": "http:\/\/www.zouzous.fr\/image\/tiny_vignette\/pictos-heros-samlepompier-800x800.png",
						"player_small": "http:\/\/www.zouzous.fr\/image\/player_small\/pictos-heros-samlepompier-800x800.png",
						"player_fullscreen_thumbnail": "http:\/\/www.zouzous.fr\/image\/player_fullscreen_thumbnail\/pictos-heros-samlepompier-800x800.png",
						"small_vignette": "http:\/\/www.zouzous.fr\/image\/small_vignette\/pictos-heros-samlepompier-800x800.png",
						"heroes_vignette": "http:\/\/www.zouzous.fr\/image\/heroes_vignette\/pictos-heros-samlepompier-800x800.png",
						"76x76": "http:\/\/www.zouzous.fr\/image\/76x76\/pictos-heros-samlepompier-800x800.png",
						"87x87": "http:\/\/www.zouzous.fr\/image\/87x87\/pictos-heros-samlepompier-800x800.png",
						"127x127": "http:\/\/www.zouzous.fr\/image\/127x127\/pictos-heros-samlepompier-800x800.png",
						"175x99": "http:\/\/www.zouzous.fr\/image\/175x99\/pictos-heros-samlepompier-800x800.png",
						"88x50": "http:\/\/www.zouzous.fr\/image\/88x50\/pictos-heros-samlepompier-800x800.png",
						"116x94": "http:\/\/www.zouzous.fr\/image\/116x94\/pictos-heros-samlepompier-800x800.png",
						"232x188": "http:\/\/www.zouzous.fr\/image\/232x188\/pictos-heros-samlepompier-800x800.png",
						"348x282": "http:\/\/www.zouzous.fr\/image\/348x282\/pictos-heros-samlepompier-800x800.png",
						"525x296": "http:\/\/www.zouzous.fr\/image\/525x296\/pictos-heros-samlepompier-800x800.png",
						"189x189": "http:\/\/www.zouzous.fr\/image\/189x189\/pictos-heros-samlepompier-800x800.png",
						"378x378": "http:\/\/www.zouzous.fr\/image\/378x378\/pictos-heros-samlepompier-800x800.png",
						"242x152": "http:\/\/www.zouzous.fr\/image\/242x152\/pictos-heros-samlepompier-800x800.png",
						"262x262": "http:\/\/www.zouzous.fr\/image\/262x262\/pictos-heros-samlepompier-800x800.png",
						"279x279": "http:\/\/www.zouzous.fr\/image\/279x279\/pictos-heros-samlepompier-800x800.png",
						"2048x1152": "http:\/\/www.zouzous.fr\/image\/2048x1152\/pictos-heros-samlepompier-800x800.png",
						"1024x576": "http:\/\/www.zouzous.fr\/image\/1024x576\/pictos-heros-samlepompier-800x800.png",
						"115x54": "http:\/\/www.zouzous.fr\/image\/115x54\/pictos-heros-samlepompier-800x800.png",
						"885x665": "http:\/\/www.zouzous.fr\/image\/885x665\/pictos-heros-samlepompier-800x800.png",
						"800x800": "http:\/\/www.zouzous.fr\/image\/800x800\/pictos-heros-samlepompier-800x800.png",
						"400x400": "http:\/\/www.zouzous.fr\/image\/400x400\/pictos-heros-samlepompier-800x800.png",
						"200x200": "http:\/\/www.zouzous.fr\/image\/200x200\/pictos-heros-samlepompier-800x800.png",
						"170x170": "http:\/\/www.zouzous.fr\/image\/170x170\/pictos-heros-samlepompier-800x800.png",
						"88x88": "http:\/\/www.zouzous.fr\/image\/88x88\/pictos-heros-samlepompier-800x800.png",
						"280x157": "http:\/\/www.zouzous.fr\/image\/280x157\/pictos-heros-samlepompier-800x800.png",
						"raw": "http:\/\/www.zouzous.fr\/image\/raw\/pictos-heros-samlepompier-800x800.png"
					}
				},
				"isSuperHero": false,
				"created": "2015-12-28T12:03:10+0100",
				"updated": "2016-10-14T00:36:33+0200",
				"publication": {
					"status": true,
					"dateStart": "2015-12-28T00:00:00+0100",
					"dateEnd": null
				},
				"universe": "zouzous"
			},
			"broadcast": "france5",
			"id": "sam-le-pompier-1",
			"identity": "NI_14615@Zouzous",
			"title": "Le feu de camp - Conseil de s\u00e9curit\u00e9 05",
			"summary": "Sam le Pompier vous donne des conseils de s\u00e9curit\u00e9 lorsque vous \u00eates autour d\u0027un feu de camp.",
			"channel": null,
			"idSIVideo": "sam_le_pompier",
			"thumbnail": {
				"id": "sam-le-pompier-21",
				"title": "Sam le Pompier",
				"alternativeText": "Sam le Pompier",
				"universes": [
					"zouzous"
				],
				"uri": {
					"gallery": "http:\/\/www.zouzous.fr\/image\/gallery\/sam-le-pompier-21.jpg",
					"vignette": "http:\/\/www.zouzous.fr\/image\/vignette\/sam-le-pompier-21.jpg",
					"tiny_vignette": "http:\/\/www.zouzous.fr\/image\/tiny_vignette\/sam-le-pompier-21.jpg",
					"player_small": "http:\/\/www.zouzous.fr\/image\/player_small\/sam-le-pompier-21.jpg",
					"player_fullscreen_thumbnail": "http:\/\/www.zouzous.fr\/image\/player_fullscreen_thumbnail\/sam-le-pompier-21.jpg",
					"small_vignette": "http:\/\/www.zouzous.fr\/image\/small_vignette\/sam-le-pompier-21.jpg",
					"heroes_vignette": "http:\/\/www.zouzous.fr\/image\/heroes_vignette\/sam-le-pompier-21.jpg",
					"76x76": "http:\/\/www.zouzous.fr\/image\/76x76\/sam-le-pompier-21.jpg",
					"87x87": "http:\/\/www.zouzous.fr\/image\/87x87\/sam-le-pompier-21.jpg",
					"127x127": "http:\/\/www.zouzous.fr\/image\/127x127\/sam-le-pompier-21.jpg",
					"175x99": "http:\/\/www.zouzous.fr\/image\/175x99\/sam-le-pompier-21.jpg",
					"88x50": "http:\/\/www.zouzous.fr\/image\/88x50\/sam-le-pompier-21.jpg",
					"116x94": "http:\/\/www.zouzous.fr\/image\/116x94\/sam-le-pompier-21.jpg",
					"232x188": "http:\/\/www.zouzous.fr\/image\/232x188\/sam-le-pompier-21.jpg",
					"348x282": "http:\/\/www.zouzous.fr\/image\/348x282\/sam-le-pompier-21.jpg",
					"525x296": "http:\/\/www.zouzous.fr\/image\/525x296\/sam-le-pompier-21.jpg",
					"189x189": "http:\/\/www.zouzous.fr\/image\/189x189\/sam-le-pompier-21.jpg",
					"378x378": "http:\/\/www.zouzous.fr\/image\/378x378\/sam-le-pompier-21.jpg",
					"242x152": "http:\/\/www.zouzous.fr\/image\/242x152\/sam-le-pompier-21.jpg",
					"262x262": "http:\/\/www.zouzous.fr\/image\/262x262\/sam-le-pompier-21.jpg",
					"279x279": "http:\/\/www.zouzous.fr\/image\/279x279\/sam-le-pompier-21.jpg",
					"2048x1152": "http:\/\/www.zouzous.fr\/image\/2048x1152\/sam-le-pompier-21.jpg",
					"1024x576": "http:\/\/www.zouzous.fr\/image\/1024x576\/sam-le-pompier-21.jpg",
					"115x54": "http:\/\/www.zouzous.fr\/image\/115x54\/sam-le-pompier-21.jpg",
					"885x665": "http:\/\/www.zouzous.fr\/image\/885x665\/sam-le-pompier-21.jpg",
					"800x800": "http:\/\/www.zouzous.fr\/image\/800x800\/sam-le-pompier-21.jpg",
					"400x400": "http:\/\/www.zouzous.fr\/image\/400x400\/sam-le-pompier-21.jpg",
					"200x200": "http:\/\/www.zouzous.fr\/image\/200x200\/sam-le-pompier-21.jpg",
					"170x170": "http:\/\/www.zouzous.fr\/image\/170x170\/sam-le-pompier-21.jpg",
					"88x88": "http:\/\/www.zouzous.fr\/image\/88x88\/sam-le-pompier-21.jpg",
					"280x157": "http:\/\/www.zouzous.fr\/image\/280x157\/sam-le-pompier-21.jpg",
					"raw": "http:\/\/www.zouzous.fr\/image\/raw\/sam-le-pompier-21.jpg"
				}
			},
			"episode": null,
			"season": null,
			"videoSummary": null,
			"type": "bonus",
			"time": null,
			"pushEditoContext": false,
			"hlsTVC": "http:\/\/ftvingest-vh.akamaihd.net\/i\/ingest\/streaming-adaptatif_france-dom-tom\/1970\/S01\/J4\/samlepompier_conseil_05_1406123065-h264-web-,398k,632k,934k,.mp4.csmil\/master.m3u8",
			"diffusionDate": null,
			"created": "2016-02-04T11:48:55+0100",
			"updated": "2016-10-14T00:36:41+0200",
			"publication": {
				"status": true,
				"dateStart": "2014-07-23T15:45:04+0200",
				"dateEnd": "2016-12-31T15:45:04+0100"
			},
			"universe": "zouzous"
		},
		{
			"hero": {
				"id": "sam-le-pompier",
				"name": "Sam le Pompier",
				"avatar": {
					"id": "pictos-heros-samlepompier-800x800",
					"title": "pictos_heros_samlepompier_800x800",
					"alternativeText": "pictos_heros_samlepompier_800x800",
					"universes": [
						"zouzous"
					],
					"uri": {
						"gallery": "http:\/\/www.zouzous.fr\/image\/gallery\/pictos-heros-samlepompier-800x800.png",
						"vignette": "http:\/\/www.zouzous.fr\/image\/vignette\/pictos-heros-samlepompier-800x800.png",
						"tiny_vignette": "http:\/\/www.zouzous.fr\/image\/tiny_vignette\/pictos-heros-samlepompier-800x800.png",
						"player_small": "http:\/\/www.zouzous.fr\/image\/player_small\/pictos-heros-samlepompier-800x800.png",
						"player_fullscreen_thumbnail": "http:\/\/www.zouzous.fr\/image\/player_fullscreen_thumbnail\/pictos-heros-samlepompier-800x800.png",
						"small_vignette": "http:\/\/www.zouzous.fr\/image\/small_vignette\/pictos-heros-samlepompier-800x800.png",
						"heroes_vignette": "http:\/\/www.zouzous.fr\/image\/heroes_vignette\/pictos-heros-samlepompier-800x800.png",
						"76x76": "http:\/\/www.zouzous.fr\/image\/76x76\/pictos-heros-samlepompier-800x800.png",
						"87x87": "http:\/\/www.zouzous.fr\/image\/87x87\/pictos-heros-samlepompier-800x800.png",
						"127x127": "http:\/\/www.zouzous.fr\/image\/127x127\/pictos-heros-samlepompier-800x800.png",
						"175x99": "http:\/\/www.zouzous.fr\/image\/175x99\/pictos-heros-samlepompier-800x800.png",
						"88x50": "http:\/\/www.zouzous.fr\/image\/88x50\/pictos-heros-samlepompier-800x800.png",
						"116x94": "http:\/\/www.zouzous.fr\/image\/116x94\/pictos-heros-samlepompier-800x800.png",
						"232x188": "http:\/\/www.zouzous.fr\/image\/232x188\/pictos-heros-samlepompier-800x800.png",
						"348x282": "http:\/\/www.zouzous.fr\/image\/348x282\/pictos-heros-samlepompier-800x800.png",
						"525x296": "http:\/\/www.zouzous.fr\/image\/525x296\/pictos-heros-samlepompier-800x800.png",
						"189x189": "http:\/\/www.zouzous.fr\/image\/189x189\/pictos-heros-samlepompier-800x800.png",
						"378x378": "http:\/\/www.zouzous.fr\/image\/378x378\/pictos-heros-samlepompier-800x800.png",
						"242x152": "http:\/\/www.zouzous.fr\/image\/242x152\/pictos-heros-samlepompier-800x800.png",
						"262x262": "http:\/\/www.zouzous.fr\/image\/262x262\/pictos-heros-samlepompier-800x800.png",
						"279x279": "http:\/\/www.zouzous.fr\/image\/279x279\/pictos-heros-samlepompier-800x800.png",
						"2048x1152": "http:\/\/www.zouzous.fr\/image\/2048x1152\/pictos-heros-samlepompier-800x800.png",
						"1024x576": "http:\/\/www.zouzous.fr\/image\/1024x576\/pictos-heros-samlepompier-800x800.png",
						"115x54": "http:\/\/www.zouzous.fr\/image\/115x54\/pictos-heros-samlepompier-800x800.png",
						"885x665": "http:\/\/www.zouzous.fr\/image\/885x665\/pictos-heros-samlepompier-800x800.png",
						"800x800": "http:\/\/www.zouzous.fr\/image\/800x800\/pictos-heros-samlepompier-800x800.png",
						"400x400": "http:\/\/www.zouzous.fr\/image\/400x400\/pictos-heros-samlepompier-800x800.png",
						"200x200": "http:\/\/www.zouzous.fr\/image\/200x200\/pictos-heros-samlepompier-800x800.png",
						"170x170": "http:\/\/www.zouzous.fr\/image\/170x170\/pictos-heros-samlepompier-800x800.png",
						"88x88": "http:\/\/www.zouzous.fr\/image\/88x88\/pictos-heros-samlepompier-800x800.png",
						"280x157": "http:\/\/www.zouzous.fr\/image\/280x157\/pictos-heros-samlepompier-800x800.png",
						"raw": "http:\/\/www.zouzous.fr\/image\/raw\/pictos-heros-samlepompier-800x800.png"
					}
				},
				"isSuperHero": false,
				"created": "2015-12-28T12:03:10+0100",
				"updated": "2016-10-14T00:36:33+0200",
				"publication": {
					"status": true,
					"dateStart": "2015-12-28T00:00:00+0100",
					"dateEnd": null
				},
				"universe": "zouzous"
			},
			"broadcast": "france5",
			"id": "sam-le-pompier",
			"identity": "NI_14613@Zouzous",
			"title": "Le feu de camp - Conseil de s\u00e9curit\u00e9 09",
			"summary": "Sam le Pompier vous donne des conseils de s\u00e9curit\u00e9 lorsque vous \u00eates autour d\u0027un feu de camp.",
			"channel": null,
			"idSIVideo": "sam_le_pompier",
			"thumbnail": {
				"id": "sam-le-pompier-20",
				"title": "Sam le Pompier",
				"alternativeText": "Sam le Pompier",
				"universes": [
					"zouzous"
				],
				"uri": {
					"gallery": "http:\/\/www.zouzous.fr\/image\/gallery\/sam-le-pompier-20.jpg",
					"vignette": "http:\/\/www.zouzous.fr\/image\/vignette\/sam-le-pompier-20.jpg",
					"tiny_vignette": "http:\/\/www.zouzous.fr\/image\/tiny_vignette\/sam-le-pompier-20.jpg",
					"player_small": "http:\/\/www.zouzous.fr\/image\/player_small\/sam-le-pompier-20.jpg",
					"player_fullscreen_thumbnail": "http:\/\/www.zouzous.fr\/image\/player_fullscreen_thumbnail\/sam-le-pompier-20.jpg",
					"small_vignette": "http:\/\/www.zouzous.fr\/image\/small_vignette\/sam-le-pompier-20.jpg",
					"heroes_vignette": "http:\/\/www.zouzous.fr\/image\/heroes_vignette\/sam-le-pompier-20.jpg",
					"76x76": "http:\/\/www.zouzous.fr\/image\/76x76\/sam-le-pompier-20.jpg",
					"87x87": "http:\/\/www.zouzous.fr\/image\/87x87\/sam-le-pompier-20.jpg",
					"127x127": "http:\/\/www.zouzous.fr\/image\/127x127\/sam-le-pompier-20.jpg",
					"175x99": "http:\/\/www.zouzous.fr\/image\/175x99\/sam-le-pompier-20.jpg",
					"88x50": "http:\/\/www.zouzous.fr\/image\/88x50\/sam-le-pompier-20.jpg",
					"116x94": "http:\/\/www.zouzous.fr\/image\/116x94\/sam-le-pompier-20.jpg",
					"232x188": "http:\/\/www.zouzous.fr\/image\/232x188\/sam-le-pompier-20.jpg",
					"348x282": "http:\/\/www.zouzous.fr\/image\/348x282\/sam-le-pompier-20.jpg",
					"525x296": "http:\/\/www.zouzous.fr\/image\/525x296\/sam-le-pompier-20.jpg",
					"189x189": "http:\/\/www.zouzous.fr\/image\/189x189\/sam-le-pompier-20.jpg",
					"378x378": "http:\/\/www.zouzous.fr\/image\/378x378\/sam-le-pompier-20.jpg",
					"242x152": "http:\/\/www.zouzous.fr\/image\/242x152\/sam-le-pompier-20.jpg",
					"262x262": "http:\/\/www.zouzous.fr\/image\/262x262\/sam-le-pompier-20.jpg",
					"279x279": "http:\/\/www.zouzous.fr\/image\/279x279\/sam-le-pompier-20.jpg",
					"2048x1152": "http:\/\/www.zouzous.fr\/image\/2048x1152\/sam-le-pompier-20.jpg",
					"1024x576": "http:\/\/www.zouzous.fr\/image\/1024x576\/sam-le-pompier-20.jpg",
					"115x54": "http:\/\/www.zouzous.fr\/image\/115x54\/sam-le-pompier-20.jpg",
					"885x665": "http:\/\/www.zouzous.fr\/image\/885x665\/sam-le-pompier-20.jpg",
					"800x800": "http:\/\/www.zouzous.fr\/image\/800x800\/sam-le-pompier-20.jpg",
					"400x400": "http:\/\/www.zouzous.fr\/image\/400x400\/sam-le-pompier-20.jpg",
					"200x200": "http:\/\/www.zouzous.fr\/image\/200x200\/sam-le-pompier-20.jpg",
					"170x170": "http:\/\/www.zouzous.fr\/image\/170x170\/sam-le-pompier-20.jpg",
					"88x88": "http:\/\/www.zouzous.fr\/image\/88x88\/sam-le-pompier-20.jpg",
					"280x157": "http:\/\/www.zouzous.fr\/image\/280x157\/sam-le-pompier-20.jpg",
					"raw": "http:\/\/www.zouzous.fr\/image\/raw\/sam-le-pompier-20.jpg"
				}
			},
			"episode": null,
			"season": null,
			"videoSummary": null,
			"type": "bonus",
			"time": null,
			"pushEditoContext": false,
			"hlsTVC": "http:\/\/ftvingest-vh.akamaihd.net\/i\/ingest\/streaming-adaptatif_france-dom-tom\/1970\/S01\/J4\/samlepompier_conseil_09_1406123063-h264-web-,398k,632k,934k,.mp4.csmil\/master.m3u8",
			"diffusionDate": null,
			"created": "2016-02-04T11:48:50+0100",
			"updated": "2016-10-14T00:36:39+0200",
			"publication": {
				"status": true,
				"dateStart": "2014-07-23T15:45:02+0200",
				"dateEnd": "2016-12-31T15:45:02+0100"
			},
			"universe": "zouzous"
		}
	]
}