{"journee":{"date":"2014-06-02","nb_prog":42},"programmes":[{"id_diffusion":"104243560","code_programme":"","id_programme":"","titre":"O2","sous_titre":"Canada","accroche":"","url_image_racine":"","extension_image":"","datemodif_image":"","chaine":"la_1ere","date":"2014-06-02","heure":"07:55","duree":"3","csa_code":"TP","csa_nom_long":"Tous publics","rubrique":"","genre_simplifie":"Magazine de d\u00e9couvertes","production":"","nationalite":"","presentateurs":"","invites":"","realisateurs":"","acteurs":"","url_site":"","mandat_debut":"","mandat_nb":"0","OAS_sitepage":"","connexes":[],"url_video":"","mandat_duree":""},{"id_diffusion":"103495157","code_programme":"","id_programme":"","titre":"Journal de 20h de France 2","sous_titre":"","accroche":"","url_image_racine":"","extension_image":"","datemodif_image":"","chaine":"la_1ere","date":"2014-06-02","heure":"07:58","duree":"43","csa_code":"TP","csa_nom_long":"Tous publics","rubrique":"","genre_simplifie":"Journal","production":"","nationalite":"","presentateurs":"","invites":"","realisateurs":"","acteurs":"","url_site":"","mandat_debut":"","mandat_nb":"0","OAS_sitepage":"","connexes":[],"url_video":"","mandat_duree":""},{"id_diffusion":"104243561","code_programme":"","id_programme":"","titre":"Amour, gloire et beaut\u00e9","sous_titre":"","accroche":"Oliver est r\u00e9ticent \u00e0 l'id\u00e9e de s'introduire sans invitation \u00e0 la f\u00eate organis\u00e9e par Hope. Ambre lui promet qu'elle s'occupera de Liam...","url_image_racine":"\/staticftv\/ref_emissions\/2014-06-02\/EMI_333928_csa1","extension_image":"jpg","datemodif_image":"1401515938","chaine":"la_1ere","date":"2014-06-02","heure":"08:41","duree":"20","csa_code":"TP","csa_nom_long":"Tous publics","rubrique":"","genre_simplifie":"S\u00e9rie sentimentale","production":"","nationalite":"am\u00e9ricain","presentateurs":"","invites":"","realisateurs":"David Shaughnessy","acteurs":"Heather Tom, Don Diamont, Adrienne Frantz, Scott Clifton, Texas Battle, Adam Gregory, Zack Conroy, Kim Matula","url_site":"","mandat_debut":"","mandat_nb":"0","OAS_sitepage":"","connexes":[],"url_video":"","mandat_duree":""},{"id_diffusion":"104243562","code_programme":"","id_programme":"","titre":"Amour, gloire et beaut\u00e9","sous_titre":"","accroche":"Bill s'entretient avec Katie et Donna au sujet de la relation entre Liam et Hope. Celle-ci s'inqui\u00e8te apr\u00e8s ce qui est arriv\u00e9 \u00e0 Liam...","url_image_racine":"\/staticftv\/ref_emissions\/2014-06-02\/EMI_229251_csa1","extension_image":"jpg","datemodif_image":"1401515938","chaine":"la_1ere","date":"2014-06-02","heure":"09:01","duree":"21","csa_code":"TP","csa_nom_long":"Tous publics","rubrique":"","genre_simplifie":"S\u00e9rie sentimentale","production":"","nationalite":"am\u00e9ricain","presentateurs":"","invites":"","realisateurs":"David Shaughnessy","acteurs":"Heather Tom, Don Diamont, Adrienne Frantz, Jennifer Gareis, Kyle Lowder, Texas Battle, Zack Conroy, Kim Matula","url_site":"","mandat_debut":"","mandat_nb":"0","OAS_sitepage":"","connexes":[],"url_video":"","mandat_duree":""},{"id_diffusion":"104243563","code_programme":"","id_programme":"","titre":"Les myst\u00e8res de l'amour","sous_titre":"Nouveau d\u00e9part","accroche":"Tout juste lib\u00e9r\u00e9 de prison, Ricardo retrouve Ingrid. Les deux ex-amants reprennent leur relation et s'allient de nouveau pour retrouver la drogue cach\u00e9e par Jeanne. Celle-ci a fait succomber Rodolphe, l'un des meilleurs amis de Franck, qui semble bien d\u00e9cid\u00e9 \u00e0 la s\u00e9duire co\u00fbte que co\u00fbte. En qu\u00eate d'ind\u00e9pendance financi\u00e8re pour Ang\u00e8le et lui, Christian devient escort-boy et passe la soir\u00e9e avec une femme d'\u00e2ge m\u00fbr. Plus \u00e0 l'aise financi\u00e8rement et convaincue par Christian, Ang\u00e8le donne sa d\u00e9mission \u00e0 Ingrid. De leur c\u00f4t\u00e9, Laly et Jimmy poursuivent leur idylle et passent leur premi\u00e8re nuit ensemble...","url_image_racine":"\/staticftv\/ref_emissions\/2014-06-02\/EMI_264238_csa1","extension_image":"jpg","datemodif_image":"1401515938","chaine":"la_1ere","date":"2014-06-02","heure":"09:22","duree":"49","csa_code":"TP","csa_nom_long":"Tous publics","rubrique":"","genre_simplifie":"S\u00e9rie sentimentale","production":"","nationalite":"fran\u00e7aise","presentateurs":"","invites":"","realisateurs":"","acteurs":"H\u00e9l\u00e8ne Roll\u00e8s, Patrick Puydebat, Laly Meignan, Laure Guibert, S\u00e9bastien Roch, Tom Schacht, Olivier B\u00e9nard, Carole Dechantre","url_site":"","mandat_debut":"","mandat_nb":"0","OAS_sitepage":"","connexes":[],"url_video":"","mandat_duree":""},{"id_diffusion":"104243564","code_programme":"","id_programme":"","titre":"Clips","sous_titre":"","accroche":"","url_image_racine":"","extension_image":"","datemodif_image":"","chaine":"la_1ere","date":"2014-06-02","heure":"10:11","duree":"3","csa_code":"TP","csa_nom_long":"Tous publics","rubrique":"","genre_simplifie":"Clips","production":"","nationalite":"","presentateurs":"","invites":"","realisateurs":"","acteurs":"","url_site":"","mandat_debut":"","mandat_nb":"0","OAS_sitepage":"","connexes":[],"url_video":"","mandat_duree":""},{"id_diffusion":"103495161","code_programme":"","id_programme":"","titre":"Dans la peau d'un chef","sous_titre":"","accroche":"Chaque semaine, Christophe Michalak re\u00e7oit un chef invit\u00e9. Chaque jour, l'un des deux chefs r\u00e9alise une recette sous les yeux des candidats, qui doivent ensuite la reproduire le plus fid\u00e8lement possible. Christophe Michalak et le chef invit\u00e9 d\u00e9signent la meilleure des deux r\u00e9alisations, faisant remporter 1000 euros au vainqueur et lui offrant la possibilit\u00e9 de remettre son titre en jeu d\u00e8s le lendemain.","url_image_racine":"\/staticftv\/ref_emissions\/2014-06-02\/COL_448759_csa1","extension_image":"jpg","datemodif_image":"1401515938","chaine":"la_1ere","date":"2014-06-02","heure":"10:14","duree":"45","csa_code":"TP","csa_nom_long":"Tous publics","rubrique":"","genre_simplifie":"Magazine de services","production":"","nationalite":"","presentateurs":"Christophe Michalak","invites":"","realisateurs":"","acteurs":"","url_site":"","mandat_debut":"","mandat_nb":"0","OAS_sitepage":"","connexes":[],"url_video":"","mandat_duree":""},{"id_diffusion":"104243565","code_programme":"","id_programme":"","titre":"Salon du livre 2014","sous_titre":"N\u00b004","accroche":"","url_image_racine":"","extension_image":"","datemodif_image":"","chaine":"la_1ere","date":"2014-06-02","heure":"10:59","duree":"2","csa_code":"TP","csa_nom_long":"Tous publics","rubrique":"","genre_simplifie":"Magazine culturel","production":"","nationalite":"","presentateurs":"","invites":"","realisateurs":"","acteurs":"","url_site":"","mandat_debut":"","mandat_nb":"0","OAS_sitepage":"","connexes":[],"url_video":"","mandat_duree":""},{"id_diffusion":"103495162","code_programme":"le_triomphe_de_l_amour","id_programme":"15827","titre":"Le triomphe de l'amour","sous_titre":"","accroche":"Drame familial sur plusieurs g\u00e9n\u00e9rations, le Triomphe de l'amour d\u00e9fend le pouvoir de l\u0092amour envers et contre tout.\r\nRediffusion tous les samedis de 12h30 \u00e0 16h30, les 5 \u00e9pisodes d'affil\u00e9e","url_image_racine":"\/staticftv\/programmes\/15827_1392127220_csa1","extension_image":"jpg","datemodif_image":"1392127220","chaine":"la_1ere","date":"2014-06-02","heure":"11:01","duree":"48","csa_code":"TP","csa_nom_long":"Tous publics","rubrique":"","genre_simplifie":"S\u00e9rie sentimentale","production":"","nationalite":"mexicain","presentateurs":"","invites":"","realisateurs":"","acteurs":"C\u00e9sar Evora, Daniela Romo, Victoria Ruffo, Diego Olivera, William Levy, Maite Perroni, Osvaldo R\u00edos","url_site":"http:\/\/polynesie.la1ere.fr\/emissions\/le-triomphe-de-l-amour","mandat_debut":"0","mandat_nb":"toutes","OAS_sitepage":"","connexes":[],"url_video":"","mandat_duree":""},{"id_diffusion":"103495163","code_programme":"","id_programme":"","titre":"Le journal de Roland-Garros","sous_titre":"","accroche":"","url_image_racine":"\/staticftv\/ref_emissions\/2014-06-02\/COL_200266_csa1","extension_image":"jpg","datemodif_image":"1401515938","chaine":"la_1ere","date":"2014-06-02","heure":"11:49","duree":"8","csa_code":"TP","csa_nom_long":"Tous publics","rubrique":"","genre_simplifie":"Magazine sportif","production":"","nationalite":"","presentateurs":"","invites":"","realisateurs":"","acteurs":"","url_site":"","mandat_debut":"","mandat_nb":"0","OAS_sitepage":"","connexes":[],"url_video":"","mandat_duree":""},{"id_diffusion":"104243566","code_programme":"","id_programme":"","titre":"Football Made in Brazil","sous_titre":"","accroche":"","url_image_racine":"","extension_image":"","datemodif_image":"","chaine":"la_1ere","date":"2014-06-02","heure":"11:57","duree":"3","csa_code":"TP","csa_nom_long":"Tous publics","rubrique":"","genre_simplifie":"Documentaire","production":"","nationalite":"","presentateurs":"","invites":"","realisateurs":"","acteurs":"","url_site":"","mandat_debut":"","mandat_nb":"0","OAS_sitepage":"","connexes":[],"url_video":"","mandat_duree":""},{"id_diffusion":"103495164","code_programme":"fare_maohi","id_programme":"11764","titre":"Fare maohi","sous_titre":"","accroche":"Musique live, informations pratiques, \u00e9v\u00e9nements \u00e0 ne pas manquer, flash info\u0085","url_image_racine":"\/staticftv\/programmes\/11764_1347367540_csa1","extension_image":"jpg","datemodif_image":"1347367540","chaine":"la_1ere","date":"2014-06-02","heure":"12:00","duree":"55","csa_code":"TP","csa_nom_long":"Tous publics","rubrique":"Culture","genre_simplifie":"Magazine de soci\u00e9t\u00e9","production":"","nationalite":"","presentateurs":"","invites":"","realisateurs":"","acteurs":"","url_site":"","mandat_debut":"0","mandat_nb":"toutes","OAS_sitepage":"la_1ere\/culture\/faremaohi","connexes":[],"url_video":"","mandat_duree":""},{"id_diffusion":"104243567","code_programme":"","id_programme":"","titre":"Destination Brasil","sous_titre":"","accroche":"","url_image_racine":"","extension_image":"","datemodif_image":"","chaine":"la_1ere","date":"2014-06-02","heure":"12:55","duree":"3","csa_code":"TP","csa_nom_long":"Tous publics","rubrique":"","genre_simplifie":"Documentaire","production":"","nationalite":"","presentateurs":"","invites":"","realisateurs":"","acteurs":"","url_site":"","mandat_debut":"","mandat_nb":"0","OAS_sitepage":"","connexes":[],"url_video":"","mandat_duree":""},{"id_diffusion":"103495166","code_programme":"","id_programme":"","titre":"La force du coeur","sous_titre":"","accroche":"","url_image_racine":"","extension_image":"","datemodif_image":"","chaine":"la_1ere","date":"2014-06-02","heure":"12:58","duree":"44","csa_code":"TP","csa_nom_long":"Tous publics","rubrique":"","genre_simplifie":"S\u00e9rie sentimentale","production":"","nationalite":"","presentateurs":"","invites":"","realisateurs":"","acteurs":"","url_site":"","mandat_debut":"","mandat_nb":"0","OAS_sitepage":"","connexes":[],"url_video":"","mandat_duree":""},{"id_diffusion":"104243568","code_programme":"","id_programme":"","titre":"La force du coeur","sous_titre":"","accroche":"","url_image_racine":"","extension_image":"","datemodif_image":"","chaine":"la_1ere","date":"2014-06-02","heure":"13:42","duree":"44","csa_code":"TP","csa_nom_long":"Tous publics","rubrique":"","genre_simplifie":"S\u00e9rie sentimentale","production":"","nationalite":"","presentateurs":"","invites":"","realisateurs":"","acteurs":"","url_site":"","mandat_debut":"","mandat_nb":"0","OAS_sitepage":"","connexes":[],"url_video":"","mandat_duree":""},{"id_diffusion":"104243569","code_programme":"","id_programme":"","titre":"La force du coeur","sous_titre":"","accroche":"","url_image_racine":"","extension_image":"","datemodif_image":"","chaine":"la_1ere","date":"2014-06-02","heure":"14:26","duree":"44","csa_code":"TP","csa_nom_long":"Tous publics","rubrique":"","genre_simplifie":"S\u00e9rie sentimentale","production":"","nationalite":"","presentateurs":"","invites":"","realisateurs":"","acteurs":"","url_site":"","mandat_debut":"","mandat_nb":"0","OAS_sitepage":"","connexes":[],"url_video":"","mandat_duree":""},{"id_diffusion":"104243570","code_programme":"","id_programme":"","titre":"Salon du livre 2014","sous_titre":"N\u00b005","accroche":"","url_image_racine":"","extension_image":"","datemodif_image":"","chaine":"la_1ere","date":"2014-06-02","heure":"15:10","duree":"2","csa_code":"TP","csa_nom_long":"Tous publics","rubrique":"","genre_simplifie":"Magazine culturel","production":"","nationalite":"","presentateurs":"","invites":"","realisateurs":"","acteurs":"","url_site":"","mandat_debut":"","mandat_nb":"0","OAS_sitepage":"","connexes":[],"url_video":"","mandat_duree":""},{"id_diffusion":"104243571","code_programme":"","id_programme":"","titre":"La Teniente","sous_titre":"","accroche":"Roberta Ballesteros est une femme forte, opini\u00e2tre, disciplin\u00e9e et sensible, confront\u00e9e \u00e0 un monde d'hommes o\u00f9 r\u00e8gnent le danger et l'action. A la t\u00eate de l'unit\u00e9 Platoon au sein de la base des forces sp\u00e9ciales de la Marine mexicaine, elle est la premi\u00e8re femme \u00e0 atteindre un niveau aussi \u00e9lev\u00e9 dans cette prestigieuse institution. Si Roberta doit prouver qu'elle est la meilleure, elle s'efforce surtout de gagner la confiance des membres de son \u00e9quipe, un escadron charg\u00e9 des missions difficiles. Elle tente \u00e9galement de faire toute la lumi\u00e8re sur une trahison qui a co\u00fbt\u00e9 la vie \u00e0 son pr\u00e9d\u00e9cesseur.","url_image_racine":"\/staticftv\/ref_emissions\/2014-06-02\/COL_467405_csa1","extension_image":"jpg","datemodif_image":"1401515939","chaine":"la_1ere","date":"2014-06-02","heure":"15:12","duree":"46","csa_code":"TP","csa_nom_long":"Tous publics","rubrique":"","genre_simplifie":"S\u00e9rie d'aventures","production":"","nationalite":"mexicaine","presentateurs":"","invites":"","realisateurs":"","acteurs":"Armando Torrea, Mar\u00eda Fernanda Y\u00e9pes, Mat\u00edas Novoa, Hector Arredondo, Fernando Sarfatti, Sylvia Saenz","url_site":"","mandat_debut":"","mandat_nb":"0","OAS_sitepage":"","connexes":[],"url_video":"","mandat_duree":""},{"id_diffusion":"104243572","code_programme":"","id_programme":"","titre":"Private Practice","sous_titre":"Deux pas en arri\u00e8re","accroche":"Au cours d'une s\u00e9ance de th\u00e9rapie de couple, Charlotte d\u00e9couvre un secret concernant Cooper. Les coll\u00e8gues de Violet d\u00e9sapprouvent qu'elle \u00e9voque leur vie priv\u00e9e dans son livre. Sheldon s'occupe d'une patiente qui semble pr\u00e9senter des troubles de la personnalit\u00e9. Sam et Naomi suivent une adolescente atteinte du syndrome de Down...","url_image_racine":"\/staticftv\/ref_emissions\/2014-06-02\/EMI_439560_csa2","extension_image":"jpg","datemodif_image":"1401515939","chaine":"la_1ere","date":"2014-06-02","heure":"15:58","duree":"42","csa_code":"10","csa_nom_long":"D\u00e9conseill\u00e9 aux moins de 10 ans","rubrique":"","genre_simplifie":"S\u00e9rie dramatique","production":"","nationalite":"am\u00e9ricaine","presentateurs":"","invites":"","realisateurs":"Jeff Bleckner","acteurs":"Brian Benben, Amy Brenneman, Tim Daly, Caterina Scorsone, Taye Diggs, Paul Adelstein, Audra McDonald, KaDee Strickland","url_site":"","mandat_debut":"","mandat_nb":"0","OAS_sitepage":"","connexes":[],"url_video":"","mandat_duree":""},{"id_diffusion":"104243573","code_programme":"","id_programme":"","titre":"Destination Brasil","sous_titre":"Monument du Br\u00e9sil","accroche":"","url_image_racine":"","extension_image":"","datemodif_image":"","chaine":"la_1ere","date":"2014-06-02","heure":"16:40","duree":"2","csa_code":"TP","csa_nom_long":"Tous publics","rubrique":"","genre_simplifie":"Documentaire","production":"","nationalite":"","presentateurs":"","invites":"","realisateurs":"","acteurs":"","url_site":"","mandat_debut":"","mandat_nb":"0","OAS_sitepage":"","connexes":[],"url_video":"","mandat_duree":""},{"id_diffusion":"104243574","code_programme":"","id_programme":"","titre":"FBI : port\u00e9s disparus","sous_titre":"D\u00e9sir\u00e9e","accroche":"Sherri Stevens, une m\u00e8re divorc\u00e9e, se pr\u00e9sente de mani\u00e8re inattendue \u00e0 l'\u00e9cole de sa fille, Daphne, 13 ans. Sherri est venue lui faire une surprise et lui propose aussit\u00f4t de passer un apr\u00e8s-midi shopping. Plut\u00f4t \u00e9tonn\u00e9e de cette visite, Daphne finit par accepter. Le temps que toutes deux rejoignent le v\u00e9hicule, Daphne a inexpliquablement disparu. Alert\u00e9s, les agents du FBI comprennent rapidement qu'ils ont affaire \u00e0 un enl\u00e8vement. Quatre mois plus t\u00f4t, Sherri avait perdu la garde de Daphne au terme d'un proc\u00e8s long et difficile. Selon l'ex-mari de Sherri, elle avait \u00e9t\u00e9 d\u00e9bout\u00e9e pour de bonnes raisons : elle \u00e9tait d\u00e9pressive et instable. Peut-\u00eatre serait-elle capable de faire du mal \u00e0 sa fille...","url_image_racine":"\/staticftv\/ref_emissions\/2014-06-02\/EMI_131693_csa1","extension_image":"jpg","datemodif_image":"1401515939","chaine":"la_1ere","date":"2014-06-02","heure":"16:42","duree":"41","csa_code":"TP","csa_nom_long":"Tous publics","rubrique":"","genre_simplifie":"S\u00e9rie","production":"","nationalite":"am\u00e9ricaine","presentateurs":"","invites":"","realisateurs":"Marianne Jean-Baptiste","acteurs":"Anthony LaPaglia, Kathleen Wilhoite, Marianne Jean-Baptiste, JC MacKenzie, Poppy Montgomery, Enrique Murciano, Sasha Pieterse, Rachel Quaintance","url_site":"","mandat_debut":"","mandat_nb":"0","OAS_sitepage":"","connexes":[],"url_video":"","mandat_duree":""},{"id_diffusion":"104243575","code_programme":"","id_programme":"","titre":"O2","sous_titre":"Spot 19 : New York","accroche":"","url_image_racine":"","extension_image":"","datemodif_image":"","chaine":"la_1ere","date":"2014-06-02","heure":"17:23","duree":"2","csa_code":"TP","csa_nom_long":"Tous publics","rubrique":"","genre_simplifie":"Magazine de d\u00e9couvertes","production":"","nationalite":"","presentateurs":"","invites":"","realisateurs":"","acteurs":"","url_site":"","mandat_debut":"","mandat_nb":"0","OAS_sitepage":"","connexes":[],"url_video":"","mandat_duree":""},{"id_diffusion":"104243576","code_programme":"","id_programme":"","titre":"Salon du livre 2014","sous_titre":"N\u00b006","accroche":"","url_image_racine":"","extension_image":"","datemodif_image":"","chaine":"la_1ere","date":"2014-06-02","heure":"17:25","duree":"4","csa_code":"TP","csa_nom_long":"Tous publics","rubrique":"","genre_simplifie":"Magazine culturel","production":"","nationalite":"","presentateurs":"","invites":"","realisateurs":"","acteurs":"","url_site":"","mandat_debut":"","mandat_nb":"0","OAS_sitepage":"","connexes":[],"url_video":"","mandat_duree":""},{"id_diffusion":"103495172","code_programme":"avenida_brazil_polynesie","id_programme":"15120","titre":"Avenida Brasil","sous_titre":"","accroche":"Carminia souhaite s'isoler quelques temps. Tifon parle au m\u00e9decin et accepte une sortie provisoire. D\u00e9bora et Jorginho rompent d\u00e9finitivement...","url_image_racine":"\/staticftv\/ref_emissions\/2014-06-02\/COL_485458_csa1","extension_image":"jpg","datemodif_image":"1401515939","chaine":"la_1ere","date":"2014-06-02","heure":"17:29","duree":"47","csa_code":"TP","csa_nom_long":"Tous publics","rubrique":"S\u00e9rie & Fiction","genre_simplifie":"S\u00e9rie sentimentale","production":"","nationalite":"br\u00e9silien","presentateurs":"","invites":"","realisateurs":"","acteurs":"Adriana Esteves, Murilo Ben\u00edcio, Helo\u00edsa P\u00e9riss\u00e9, D\u00e9bora Falabella, Marcello Novaes, Eliane Glardini, Let\u00edcia Isnard","url_site":"","mandat_debut":"0","mandat_nb":"toutes","OAS_sitepage":"la_1ere\/seriefiction\/avenidabrasil","connexes":[],"url_video":"","mandat_duree":""},{"id_diffusion":"104243577","code_programme":"","id_programme":"","titre":"Miss Tahiti 2014","sous_titre":"","accroche":"","url_image_racine":"","extension_image":"","datemodif_image":"","chaine":"la_1ere","date":"2014-06-02","heure":"18:16","duree":"2","csa_code":"TP","csa_nom_long":"Tous publics","rubrique":"","genre_simplifie":"Divertissement","production":"","nationalite":"","presentateurs":"","invites":"","realisateurs":"","acteurs":"","url_site":"","mandat_debut":"","mandat_nb":"0","OAS_sitepage":"","connexes":[],"url_video":"","mandat_duree":""},{"id_diffusion":"103495173","code_programme":"","id_programme":"","titre":"En route vers Rio","sous_titre":"","accroche":"","url_image_racine":"","extension_image":"","datemodif_image":"","chaine":"la_1ere","date":"2014-06-02","heure":"18:18","duree":"8","csa_code":"TP","csa_nom_long":"Tous publics","rubrique":"","genre_simplifie":"Magazine sportif","production":"","nationalite":"","presentateurs":"","invites":"","realisateurs":"","acteurs":"","url_site":"","mandat_debut":"","mandat_nb":"0","OAS_sitepage":"","connexes":[],"url_video":"","mandat_duree":""},{"id_diffusion":"104243578","code_programme":"meteo_polynesie_1ere_polynesien","id_programme":"11662","titre":"M\u00e9t\u00e9o (en tahitien)","sous_titre":"","accroche":"Bulletin m\u00e9t\u00e9o et pr\u00e9visions.","url_image_racine":"\/staticftv\/programmes\/11662_1346321114_csa1","extension_image":"jpg","datemodif_image":"1346321114","chaine":"la_1ere","date":"2014-06-02","heure":"18:26","duree":"4","csa_code":"TP","csa_nom_long":"Tous publics","rubrique":"Info","genre_simplifie":"M\u00e9t\u00e9o","production":"","nationalite":"","presentateurs":"","invites":"","realisateurs":"","acteurs":"","url_site":"","mandat_debut":"0","mandat_nb":"toutes","OAS_sitepage":"la_1ere\/info\/meteoentahitien","connexes":[],"url_video":"","mandat_duree":""},{"id_diffusion":"103495174","code_programme":"jt_polynesie_polynesien","id_programme":"11462","titre":"Ve'a Tahiti (en tahitien)","sous_titre":"","accroche":"Toute l'actualit\u00e9 de Polyn\u00e9sie.","url_image_racine":"\/staticftv\/programmes\/11462_1343904260_csa1","extension_image":"jpg","datemodif_image":"1343904260","chaine":"la_1ere","date":"2014-06-02","heure":"18:30","duree":"21","csa_code":"TP","csa_nom_long":"Tous publics","rubrique":"Info","genre_simplifie":"Journal","production":"France O","nationalite":"","presentateurs":"","invites":"","realisateurs":"","acteurs":"","url_site":"http:\/\/polynesie.la1ere.fr","mandat_debut":"0","mandat_nb":"toutes","OAS_sitepage":"la_1ere\/info\/veatahitientahitien","connexes":[],"url_video":"","mandat_duree":""},{"id_diffusion":"103495175","code_programme":"rai_et_mana","id_programme":"15632","titre":"Rai et Mana","sous_titre":"Face \u00e0 la nature","accroche":"Rai, c\u0092est le grand fr\u00e8re s\u00fbr de lui qui aime donner des le\u00e7ons \u00e0 Mana, un peu na\u00eff mais qui sait aussi ramener la situation \u00e0 son avantage. Avec un peu d\u0092ironie et beaucoup de pertinence, ils d\u00e9peignent le quotidien des Polyn\u00e9siens, \u00ab tiraill\u00e9s \u00bb entre traditions et mode de vie moderne.","url_image_racine":"\/staticftv\/programmes\/15632_1389963617_csa1","extension_image":"jpg","datemodif_image":"1389963617","chaine":"la_1ere","date":"2014-06-02","heure":"18:51","duree":"6","csa_code":"TP","csa_nom_long":"Tous publics","rubrique":"S\u00e9rie & Fiction","genre_simplifie":"S\u00e9rie humoristique","production":"","nationalite":"fran\u00e7aise","presentateurs":"","invites":"","realisateurs":"","acteurs":"","url_site":"http:\/\/polynesie.la1ere.fr\/emissions\/rai-mana","mandat_debut":"0","mandat_nb":"toutes","OAS_sitepage":"la_1ere\/seriefiction\/raietmana","connexes":[],"url_video":"","mandat_duree":""},{"id_diffusion":"104243579","code_programme":"meteo_polynesie_1ere","id_programme":"11547","titre":"M\u00e9t\u00e9o","sous_titre":"","accroche":"Bulletin m\u00e9t\u00e9o et pr\u00e9visions.","url_image_racine":"\/staticftv\/programmes\/11547_1345649289_csa1","extension_image":"jpg","datemodif_image":"1345649289","chaine":"la_1ere","date":"2014-06-02","heure":"18:57","duree":"3","csa_code":"TP","csa_nom_long":"Tous publics","rubrique":"Info","genre_simplifie":"M\u00e9t\u00e9o","production":"","nationalite":"","presentateurs":"","invites":"","realisateurs":"","acteurs":"","url_site":"","mandat_debut":"0","mandat_nb":"toutes","OAS_sitepage":"la_1ere\/info\/meteo","connexes":[],"url_video":"","mandat_duree":""},{"id_diffusion":"103495176","code_programme":"jt_polynesie","id_programme":"448","titre":"Journal Polyn\u00e9sie","sous_titre":"","accroche":"Toute l'actualit\u00e9 de votre r\u00e9gion.","url_image_racine":"\/staticftv\/catchup\/img\/3\/4\/448_1300729002_3_csa1","extension_image":"png","datemodif_image":"1300729002","chaine":"la_1ere","date":"2014-06-02","heure":"19:00","duree":"21","csa_code":"TP","csa_nom_long":"Tous publics","rubrique":"Info","genre_simplifie":"Journal","production":"","nationalite":"","presentateurs":"","invites":"","realisateurs":"","acteurs":"","url_site":"http:\/\/polynesie.la1ere.fr","mandat_debut":"0","mandat_nb":"toutes","OAS_sitepage":"la_1ere\/info\/journalpolynesie","connexes":[],"url_video":"","mandat_duree":""},{"id_diffusion":"103495177","code_programme":"","id_programme":"","titre":"Studio Live Sessions","sous_titre":"Ruben : Je suis la Terre","accroche":"","url_image_racine":"","extension_image":"","datemodif_image":"","chaine":"la_1ere","date":"2014-06-02","heure":"19:21","duree":"5","csa_code":"TP","csa_nom_long":"Tous publics","rubrique":"","genre_simplifie":"Magazine culturel","production":"","nationalite":"","presentateurs":"","invites":"","realisateurs":"","acteurs":"","url_site":"","mandat_debut":"","mandat_nb":"0","OAS_sitepage":"","connexes":[],"url_video":"","mandat_duree":""},{"id_diffusion":"104243580","code_programme":"","id_programme":"","titre":"Destination Brasil","sous_titre":"","accroche":"","url_image_racine":"","extension_image":"","datemodif_image":"","chaine":"la_1ere","date":"2014-06-02","heure":"19:26","duree":"6","csa_code":"TP","csa_nom_long":"Tous publics","rubrique":"","genre_simplifie":"Documentaire","production":"","nationalite":"","presentateurs":"","invites":"","realisateurs":"","acteurs":"","url_site":"","mandat_debut":"","mandat_nb":"0","OAS_sitepage":"","connexes":[],"url_video":"","mandat_duree":""},{"id_diffusion":"103495178","code_programme":"iaora","id_programme":"11766","titre":"Ia ora","sous_titre":"","accroche":"Des reportages politiques, \u00e9conomiques, sociaux, culturels\u0085 nous invitent \u00e0 d\u00e9couvrir la Polyn\u00e9sie d\u0092aujourd\u0092hui, dans toutes ses r\u00e9alit\u00e9s.","url_image_racine":"\/staticftv\/programmes\/11766_1347367803_csa1","extension_image":"jpg","datemodif_image":"1347367803","chaine":"la_1ere","date":"2014-06-02","heure":"19:32","duree":"27","csa_code":"TP","csa_nom_long":"Tous publics","rubrique":"Culture","genre_simplifie":"Magazine de d\u00e9couvertes","production":"","nationalite":"","presentateurs":"","invites":"","realisateurs":"","acteurs":"","url_site":"","mandat_debut":"0","mandat_nb":"toutes","OAS_sitepage":"la_1ere\/culture\/iaora","connexes":[],"url_video":"","mandat_duree":""},{"id_diffusion":"103495179","code_programme":"","id_programme":"","titre":"Les experts : Las Vegas","sous_titre":"Des pieds et des mains","accroche":"Un jeune homme est retrouv\u00e9 mort dans une b\u00e2che en plastique \u00e0 la sortie de la ville, sur un terrain vague. Il a le visage tum\u00e9fi\u00e9, les deux mains sectionn\u00e9es et sa jambe porte la trace d'un pi\u00e8ge \u00e0 ours. Les enqu\u00eateurs pensent que le meurtrier est un chasseur. En effet, une cam\u00e9ra de surveillance routi\u00e8re a film\u00e9 un homme en treillis, \u00e9quip\u00e9 de lunettes \u00e0 vision nocturne, en train de d\u00e9poser le corps l\u00e0 o\u00f9 les policiers l'ont retrouv\u00e9. Dylan Trigg, ami de Carl, la victime, r\u00e9v\u00e8le \u00e0 l'\u00e9quipe que Carl lui avait emprunt\u00e9 une tente et qu'il avait pr\u00e9vu de partir faire de la moto et du camping dans la r\u00e9gion. En quadrillant le secteur avec Sam, le chien de Nick, Morgan et Nick tombent sur une trappe donnant acc\u00e8s \u00e0 un bunker souterrain o\u00f9 vivent un p\u00e8re et sa fille...","url_image_racine":"\/staticftv\/ref_emissions\/2014-06-02\/EMI_467712_csa1","extension_image":"jpg","datemodif_image":"1401515939","chaine":"la_1ere","date":"2014-06-02","heure":"19:59","duree":"42","csa_code":"TP","csa_nom_long":"Tous publics","rubrique":"","genre_simplifie":"S\u00e9rie","production":"","nationalite":"am\u00e9ricaine","presentateurs":"","invites":"","realisateurs":"Louis Shaw Milito","acteurs":"Jorja Fox, George Eads, Elisabeth Shue, Ted Danson, Elisabeth Harnois, Eric Szmanda, Cameron Stewart, Dalton Day","url_site":"","mandat_debut":"","mandat_nb":"0","OAS_sitepage":"","connexes":[],"url_video":"","mandat_duree":""},{"id_diffusion":"103495180","code_programme":"","id_programme":"","titre":"Les experts : Las Vegas","sous_titre":"Meurtre au paradis","accroche":"Un cadavre est retrouv\u00e9 mort dans un bain de boue au sein du centre spirituel d'Alan Quinn. La victime est Eric Wade, un employ\u00e9 d'une importante soci\u00e9t\u00e9 de produits pharmaceutiques, qui semble avoir \u00e9t\u00e9 noy\u00e9. Les experts m\u00e8nent l'enqu\u00eate, mais des analyses bouleversent les premi\u00e8res constatations. L'homme a succomb\u00e9 \u00e0 une \u00e9norme r\u00e9action allergique due \u00e0 une inhalation massive de latex. Les investigations s'orientent vers des coll\u00e8gues du d\u00e9funt. Des restes de pillules sont retrouv\u00e9es. Un laboratoire clandestin de fabrication de m\u00e9dicaments est d\u00e9couvert par les enqu\u00eateurs. De son c\u00f4t\u00e9, Hodge d\u00e9couvre le secret que lui cachait sa fianc\u00e9e...","url_image_racine":"\/staticftv\/ref_emissions\/2014-06-02\/EMI_469209_csa1","extension_image":"jpg","datemodif_image":"1401515939","chaine":"la_1ere","date":"2014-06-02","heure":"20:41","duree":"42","csa_code":"TP","csa_nom_long":"Tous publics","rubrique":"","genre_simplifie":"S\u00e9rie","production":"","nationalite":"am\u00e9ricaine","presentateurs":"","invites":"","realisateurs":"Eagle Egilsson","acteurs":"Jorja Fox, George Eads, Wallace Langham, Elisabeth Shue, Ted Danson, Eric Szmanda, Robert David Hall, David Berman","url_site":"","mandat_debut":"","mandat_nb":"0","OAS_sitepage":"","connexes":[],"url_video":"","mandat_duree":""},{"id_diffusion":"104243581","code_programme":"","id_programme":"","titre":"Football Made in Brazil","sous_titre":"","accroche":"","url_image_racine":"","extension_image":"","datemodif_image":"","chaine":"la_1ere","date":"2014-06-02","heure":"21:23","duree":"2","csa_code":"TP","csa_nom_long":"Tous publics","rubrique":"","genre_simplifie":"Documentaire","production":"","nationalite":"","presentateurs":"","invites":"","realisateurs":"","acteurs":"","url_site":"","mandat_debut":"","mandat_nb":"0","OAS_sitepage":"","connexes":[],"url_video":"","mandat_duree":""},{"id_diffusion":"103495181","code_programme":"","id_programme":"","titre":"Des racines et des ailes","sous_titre":"Routes de France, routes des vacances","accroche":"Les Etats-Unis ont leur c\u00e9l\u00e8bre route 66, la France a la Nationale 7. Un long ruban de bitume qui court sur pr\u00e8s de 1000 kilom\u00e8tres, de Paris \u00e0 Menton, symbole de la France des Trente Glorieuses, de l'av\u00e8nement des d\u00e9parts en vacances, de la civilisation automobile et de l'\u00e8re de la consommation. Au volant de sa berline des ann\u00e9es 1950, l'illustrateur Thierry Dubois la parcourt inlassablement, savoure la vue sur les bords de Loire, le massif de l'Esterel et la Grande Corniche, de Nice \u00e0 Menton. Christian Lucas et ses \u00abtontons scooters\u00bb, eux, font revivre les tron\u00e7ons de route d\u00e9class\u00e9s. La route des vacances file ensuite vers Tourves, dans le Var, puis Lyon et son march\u00e9 de la mode vintage.","url_image_racine":"\/staticftv\/ref_emissions\/2014-06-02\/EMI_501820_csa1","extension_image":"jpg","datemodif_image":"1401515939","chaine":"la_1ere","date":"2014-06-02","heure":"21:25","duree":"112","csa_code":"TP","csa_nom_long":"Tous publics","rubrique":"","genre_simplifie":"Magazine d'information","production":"","nationalite":"","presentateurs":"Patrick de Carolis","invites":"","realisateurs":"","acteurs":"","url_site":"","mandat_debut":"","mandat_nb":"0","OAS_sitepage":"","connexes":[],"url_video":"","mandat_duree":""},{"id_diffusion":"103495182","code_programme":"","id_programme":"","titre":"Echapp\u00e9es belles","sous_titre":"Nouveau-Mexique, un d\u00e9cor de cin\u00e9ma","accroche":"J\u00e9r\u00f4me Pitorin se trouve cette semaine au Nouveau-Mexique. Il survole Albuquerque en montgolfi\u00e8re en compagnie de Scott, un expert qui participe \u00e0 de nombreuses productions pour le cin\u00e9ma. De retour sur terre, J\u00e9r\u00f4me d\u00e9couvre la ville, un eldorado pour le 7e art am\u00e9ricain. La suite du p\u00e9riple m\u00eale canyons, d\u00e9sert et vie \u00e0 la ferme bio. A Santa Fe, J\u00e9r\u00f4me va \u00e0 la rencontre d'artisans am\u00e9rindiens, achevant son voyage en compagnie de quelques cow-boys. Au sommaire :\n\n\n\n\n\n\nEpisode 4 : Mysore-Bangalore : le Kernataka, le boom \u00e9conomique et la Silicon Valley.","url_image_racine":"\/staticftv\/ref_emissions\/2014-06-02\/EMI_502663_csa1","extension_image":"jpg","datemodif_image":"1401515939","chaine":"la_1ere","date":"2014-06-02","heure":"23:17","duree":"90","csa_code":"TP","csa_nom_long":"Tous publics","rubrique":"","genre_simplifie":"Magazine de d\u00e9couvertes","production":"","nationalite":"","presentateurs":"J\u00e9r\u00f4me Pitorin","invites":"","realisateurs":"","acteurs":"","url_site":"","mandat_debut":"","mandat_nb":"0","OAS_sitepage":"","connexes":[],"url_video":"","mandat_duree":""},{"id_diffusion":"103495183","code_programme":"","id_programme":"","titre":"Toma 09","sous_titre":"Blue-S-Cat","accroche":"","url_image_racine":"","extension_image":"","datemodif_image":"","chaine":"la_1ere","date":"2014-06-03","heure":"00:47","duree":"64","csa_code":"TP","csa_nom_long":"Tous publics","rubrique":"","genre_simplifie":"Spectacle","production":"","nationalite":"","presentateurs":"","invites":"","realisateurs":"","acteurs":"","url_site":"","mandat_debut":"","mandat_nb":"0","OAS_sitepage":"","connexes":[],"url_video":"","mandat_duree":""},{"id_diffusion":"103495184","code_programme":"","id_programme":"","titre":"Sc\u00e8nes de m\u00e9nages","sous_titre":"","accroche":"Les conflits du quotidien de quatre couples d'\u00e2ges diff\u00e9rents, Marion et C\u00e9dric, Liliane et Jos\u00e9, Huguette et Raymond et Emma et Fabien.","url_image_racine":"\/staticftv\/ref_emissions\/2014-06-02\/COL_473663_csa1","extension_image":"jpg","datemodif_image":"1401515939","chaine":"la_1ere","date":"2014-06-03","heure":"01:51","duree":"5","csa_code":"TP","csa_nom_long":"Tous publics","rubrique":"","genre_simplifie":"S\u00e9rie humoristique","production":"","nationalite":"fran\u00e7aise","presentateurs":"","invites":"","realisateurs":"Francis Duquet","acteurs":"Marion Game, G\u00e9rard Hernandez, Fr\u00e9d\u00e9ric Bouraly, Val\u00e9rie Karsenti, Loup-Denis Elion, Anne-Elisabeth Blateau, Audrey Lamy, David Mora","url_site":"","mandat_debut":"","mandat_nb":"0","OAS_sitepage":"","connexes":[],"url_video":"","mandat_duree":""},{"id_diffusion":"103495186","code_programme":"","id_programme":"","titre":"Tennis","sous_titre":"","accroche":"","url_image_racine":"\/staticftv\/ref_emissions\/2014-06-02\/EMI_432596_csa1","extension_image":"jpg","datemodif_image":"1401515939","chaine":"la_1ere","date":"2014-06-03","heure":"01:56","duree":"289","csa_code":"TP","csa_nom_long":"Tous publics","rubrique":"","genre_simplifie":"Tennis","production":"","nationalite":"","presentateurs":"","invites":"","realisateurs":"","acteurs":"","url_site":"","mandat_debut":"","mandat_nb":"0","OAS_sitepage":"","connexes":[],"url_video":"","mandat_duree":""}]}