{"journee":{"date":"2014-06-02","nb_prog":44},"programmes":[{"id_diffusion":"103236648","code_programme":"","id_programme":"","titre":"Dans quelle \u00e9ta-g\u00e8re","sous_titre":"\u00abNom de Dieu !\u00bb, de Philippe Grimbert (Grasset)","accroche":"Un entretien de deux minutes avec un \u00e9crivain qui \u00e9voque son nouveau livre.","url_image_racine":"\/staticftv\/ref_emissions\/2014-06-02\/COL_366711_csa1","extension_image":"jpg","datemodif_image":"1401688276","chaine":"france2","date":"2014-06-02","heure":"05:55","duree":"5","csa_code":"TP","csa_nom_long":"Tous publics","rubrique":"","genre_simplifie":"Magazine culturel","production":"","nationalite":"","presentateurs":"Monique Atlan","invites":"","realisateurs":"","acteurs":"","url_site":"","mandat_debut":"","mandat_nb":"0","OAS_sitepage":"","connexes":[],"url_video":"","mandat_duree":""},{"id_diffusion":"103236649","code_programme":"","id_programme":"","titre":"Les Z'amours","sous_titre":"","accroche":"Trois couples de candidats r\u00e9pondent \u00e0 des questions cens\u00e9es \u00e9valuer la connaissance qu'ils ont de leurs partenaires respectifs. Les conjoints qui accordent au mieux leurs violons remportent la mise.","url_image_racine":"\/staticftv\/ref_emissions\/2014-06-02\/COL_374105_csa1","extension_image":"jpg","datemodif_image":"1401688276","chaine":"france2","date":"2014-06-02","heure":"06:00","duree":"25","csa_code":"TP","csa_nom_long":"Tous publics","rubrique":"","genre_simplifie":"Jeu","production":"","nationalite":"","presentateurs":" Tex","invites":"","realisateurs":"","acteurs":"","url_site":"","mandat_debut":"","mandat_nb":"0","OAS_sitepage":"","connexes":[],"url_video":"","mandat_duree":""},{"id_diffusion":"103236650","code_programme":"","id_programme":"","titre":"Point route","sous_titre":"","accroche":"","url_image_racine":"","extension_image":"","datemodif_image":"","chaine":"france2","date":"2014-06-02","heure":"06:25","duree":"5","csa_code":"TP","csa_nom_long":"Tous publics","rubrique":"","genre_simplifie":"Magazine de services","production":"","nationalite":"","presentateurs":"","invites":"","realisateurs":"","acteurs":"","url_site":"","mandat_debut":"","mandat_nb":"0","OAS_sitepage":"","connexes":[],"url_video":"","mandat_duree":""},{"id_diffusion":"103237182","code_programme":"jt_06h30","id_programme":"9494","titre":"Journal","sous_titre":"","accroche":"Le rappel de l'info de la r\u00e9daction de France 2.","url_image_racine":"\/staticftv\/programmes\/9494_1389107106_csa1","extension_image":"jpg","datemodif_image":"1389107106","chaine":"france2","date":"2014-06-02","heure":"06:30","duree":"5","csa_code":"TP","csa_nom_long":"Tous publics","rubrique":"Info","genre_simplifie":"Journal","production":"","nationalite":"","presentateurs":"","invites":"","realisateurs":"","acteurs":"","url_site":"","mandat_debut":"0","mandat_nb":"toutes","OAS_sitepage":"france2\/info\/journal","connexes":[],"url_video":"\/hls-ios-inf\/i\/streaming-adaptatif\/2014\/S23\/J1\/103237182-20140602-,398,632,934,k.mp4.csmil\/master.m3u8","mandat_duree":"7"},{"id_diffusion":"103237183","code_programme":"telematin","id_programme":"4","titre":"T\u00e9l\u00e9matin","sous_titre":"","accroche":"Une \u00e9mission destin\u00e9e \u00e0 ceux qui se l\u00e8vent t\u00f4t. Parmi la liste des diff\u00e9rentes rubriques abord\u00e9es tout au long de la semaine figurent le cin\u00e9ma, les expositions, la cuisine, les voyages, l'automobile, l'emploi, la nature, la mode, la sant\u00e9, les spectacles, et bien d'autres.","url_image_racine":"\/staticftv\/ref_emissions\/2014-06-02\/COL_363980_csa1","extension_image":"jpg","datemodif_image":"1401688277","chaine":"france2","date":"2014-06-02","heure":"06:35","duree":"22","csa_code":"TP","csa_nom_long":"Tous publics","rubrique":"Magazine","genre_simplifie":"Magazine de services","production":"William Leymergie","nationalite":"","presentateurs":"William Leymergie","invites":"","realisateurs":"","acteurs":"","url_site":"http:\/\/telematin.france2.fr","mandat_debut":"0","mandat_nb":"toutes","OAS_sitepage":"france2\/magazine\/telematin","connexes":[],"url_video":"\/hls-ios-inf\/i\/streaming-adaptatif\/2014\/S23\/J1\/103237183-20140602-,398,632,934,k.mp4.csmil\/master.m3u8","mandat_duree":"7"},{"id_diffusion":"103237184","code_programme":"meteo_jt_06h30","id_programme":"12529","titre":"M\u00e9t\u00e9o 2","sous_titre":"","accroche":"Toute la m\u00e9t\u00e9o sur France 2.","url_image_racine":"\/staticftv\/ref_emissions\/2014-06-02\/COL_474010_csa1","extension_image":"jpg","datemodif_image":"1401688277","chaine":"france2","date":"2014-06-02","heure":"06:57","duree":"3","csa_code":"TP","csa_nom_long":"Tous publics","rubrique":"Info","genre_simplifie":"M\u00e9t\u00e9o","production":"France 2","nationalite":"","presentateurs":"","invites":"","realisateurs":"","acteurs":"","url_site":"http:\/\/meteo.france2.fr\/","mandat_debut":"0","mandat_nb":"toutes","OAS_sitepage":"france2\/info\/meteo2","connexes":[],"url_video":"\/hls-ios-inf\/i\/streaming-adaptatif\/2014\/S23\/J1\/103237184-20140602-,398,632,934,k.mp4.csmil\/master.m3u8","mandat_duree":"7"},{"id_diffusion":"103237185","code_programme":"","id_programme":"","titre":"Journal","sous_titre":"","accroche":"","url_image_racine":"","extension_image":"","datemodif_image":"","chaine":"france2","date":"2014-06-02","heure":"07:00","duree":"10","csa_code":"TP","csa_nom_long":"Tous publics","rubrique":"","genre_simplifie":"Journal","production":"","nationalite":"","presentateurs":"","invites":"","realisateurs":"","acteurs":"","url_site":"","mandat_debut":"","mandat_nb":"0","OAS_sitepage":"","connexes":[],"url_video":"","mandat_duree":""},{"id_diffusion":"103237186","code_programme":"","id_programme":"","titre":"T\u00e9l\u00e9matin (suite)","sous_titre":"","accroche":"Un rendez-vous r\u00e9veil-matin ponctu\u00e9 d'une page d'information toutes les demi-heures. Deux flashes info sont traduits en langage des signes \u00e0 6h30 et \u00e0 8h50.","url_image_racine":"\/staticftv\/ref_emissions\/2014-06-02\/COL_448680_csa1","extension_image":"jpg","datemodif_image":"1401688277","chaine":"france2","date":"2014-06-02","heure":"07:10","duree":"50","csa_code":"TP","csa_nom_long":"Tous publics","rubrique":"","genre_simplifie":"Magazine de services","production":"","nationalite":"","presentateurs":"William Leymergie","invites":"","realisateurs":"","acteurs":"","url_site":"","mandat_debut":"","mandat_nb":"0","OAS_sitepage":"","connexes":[],"url_video":"","mandat_duree":""},{"id_diffusion":"103237187","code_programme":"","id_programme":"","titre":"Journal","sous_titre":"","accroche":"","url_image_racine":"","extension_image":"","datemodif_image":"","chaine":"france2","date":"2014-06-02","heure":"08:00","duree":"10","csa_code":"TP","csa_nom_long":"Tous publics","rubrique":"","genre_simplifie":"Journal","production":"","nationalite":"","presentateurs":"","invites":"","realisateurs":"","acteurs":"","url_site":"","mandat_debut":"","mandat_nb":"0","OAS_sitepage":"","connexes":[],"url_video":"","mandat_duree":""},{"id_diffusion":"103237188","code_programme":"","id_programme":"","titre":"T\u00e9l\u00e9matin (suite)","sous_titre":"","accroche":"Un rendez-vous r\u00e9veil-matin ponctu\u00e9 d'une page d'information toutes les demi-heures. Deux flashes info sont traduits en langage des signes \u00e0 6h30 et \u00e0 8h50.","url_image_racine":"\/staticftv\/ref_emissions\/2014-06-02\/COL_448680_csa1","extension_image":"jpg","datemodif_image":"1401688277","chaine":"france2","date":"2014-06-02","heure":"08:10","duree":"55","csa_code":"TP","csa_nom_long":"Tous publics","rubrique":"","genre_simplifie":"Magazine de services","production":"","nationalite":"","presentateurs":"William Leymergie","invites":"","realisateurs":"","acteurs":"","url_site":"","mandat_debut":"","mandat_nb":"0","OAS_sitepage":"","connexes":[],"url_video":"","mandat_duree":""},{"id_diffusion":"103236651","code_programme":"dans_quelle_etagere","id_programme":"401","titre":"Dans quelle \u00e9ta-g\u00e8re","sous_titre":"\u00abProfondeurs\u00bb, de Guillaume N\u00e9ry (Arthaud)","accroche":"Un entretien de deux minutes avec un \u00e9crivain qui \u00e9voque son nouveau livre.","url_image_racine":"\/staticftv\/ref_emissions\/2014-06-02\/COL_366711_csa1","extension_image":"jpg","datemodif_image":"1401688277","chaine":"france2","date":"2014-06-02","heure":"09:05","duree":"5","csa_code":"TP","csa_nom_long":"Tous publics","rubrique":"Culture","genre_simplifie":"Magazine culturel","production":"France T\u00e9l\u00e9visions","nationalite":"","presentateurs":"Monique Atlan","invites":"","realisateurs":"","acteurs":"","url_site":"http:\/\/programmes.france2.fr\/dans-quelle-etagere\/","mandat_debut":"0","mandat_nb":"toutes","OAS_sitepage":"france2\/culture\/dansquelleetagere","connexes":[],"url_video":"\/hls-ios-inf\/i\/streaming-adaptatif_france-dom-tom\/2014\/S23\/J1\/103236651-20140602-,398,632,934,k.mp4.csmil\/master.m3u8","mandat_duree":"7"},{"id_diffusion":"103236652","code_programme":"des_jours_et_des_vies","id_programme":"1107","titre":"Des jours et des vies","sous_titre":"","accroche":"Bo et Hope sont sur le Fancy Fance \u00e0 la recherche de Tony DiMera. Ils ignorent qu'un homme les espionne depuis un autre bateau. Chelsea a gagn\u00e9 une voiture en remportant le concours de danse chez Alice...","url_image_racine":"\/staticftv\/ref_emissions\/2014-06-02\/COL_310713_csa1","extension_image":"jpg","datemodif_image":"1401688277","chaine":"france2","date":"2014-06-02","heure":"09:10","duree":"25","csa_code":"TP","csa_nom_long":"Tous publics","rubrique":"S\u00e9rie & Fiction","genre_simplifie":"S\u00e9rie sentimentale","production":"NBC","nationalite":"am\u00e9ricain","presentateurs":"","invites":"","realisateurs":"","acteurs":"Macdonald Carey, Lauren Koslow, John Clarke, Drake Hogestyn, Frances Reid, Lanna Saunders, Deke Anderson, Farah Fath","url_site":"http:\/\/www.france2.fr\/serie-fiction\/des-jours-et-des-vies","mandat_debut":"0","mandat_nb":"toutes","OAS_sitepage":"france2\/seriefiction\/desjoursetdesvies","connexes":[],"url_video":"\/hls-ios-inf\/i\/streaming-adaptatif_france-dom-tom\/2014\/S23\/J1\/103236652-20140602-,398,632,934,k.mp4.csmil\/master.m3u8","mandat_duree":"7"},{"id_diffusion":"103236653","code_programme":"amour_gloire_et_beaute","id_programme":"528","titre":"Amour, gloire et beaut\u00e9","sous_titre":"","accroche":"Hope et Steffy continuent de parler de Liam, mais Steffy \u00e9prouve des difficult\u00e9s \u00e0 \u00e9couter les plans de mariage de Hope. D'ailleurs, la jeune femme n'imagine pas une seule seconde qu'il ait pu se passer quelque chose \u00e0 Aspen, lors de son absence. Chez les Spencer, Bill et Liam continuent de parler des amours de ce dernier...","url_image_racine":"\/staticftv\/ref_emissions\/2014-06-02\/COL_229257_csa1","extension_image":"jpg","datemodif_image":"1401688277","chaine":"france2","date":"2014-06-02","heure":"09:35","duree":"20","csa_code":"TP","csa_nom_long":"Tous publics","rubrique":"S\u00e9rie & Fiction","genre_simplifie":"S\u00e9rie sentimentale","production":"Bradley Bell","nationalite":"am\u00e9ricain","presentateurs":"","invites":"","realisateurs":"","acteurs":"Ronn Moss, Katherine Kelly Lang, Susan Flannery, Don Diamont, Ashley Jones, Scott Clifton, Jacqueline MacInnes Wood, Kim Matula","url_site":"http:\/\/www.france2.fr\/emissions\/amour-gloire-et-beaute","mandat_debut":"0","mandat_nb":"toutes","OAS_sitepage":"france2\/seriefiction\/amourgloireetbeaute","connexes":[],"url_video":"\/hls-ios-inf\/i\/streaming-adaptatif_france-dom-tom\/2014\/S23\/J1\/103236653-20140602-,398,632,934,k.mp4.csmil\/master.m3u8","mandat_duree":"7"},{"id_diffusion":"103236654","code_programme":"cest_au_programme","id_programme":"339","titre":"C'est au programme","sous_titre":"","accroche":"Une heure durant, Sophie Davant, entour\u00e9e de nombreux chroniqueurs, anime un rendez-vous consacr\u00e9 \u00e0 la culture et au bien-\u00eatre.","url_image_racine":"\/staticftv\/ref_emissions\/2014-06-02\/COL_409455_csa1","extension_image":"jpg","datemodif_image":"1401688277","chaine":"france2","date":"2014-06-02","heure":"09:55","duree":"55","csa_code":"TP","csa_nom_long":"Tous publics","rubrique":"Magazine","genre_simplifie":"Magazine de soci\u00e9t\u00e9","production":"William Leymergie","nationalite":"","presentateurs":"Sophie Davant","invites":"","realisateurs":"","acteurs":"","url_site":"http:\/\/cestauprogramme.france2.fr","mandat_debut":"0","mandat_nb":"toutes","OAS_sitepage":"france2\/magazine\/cestauprogramme","connexes":[],"url_video":"\/hls-ios-inf\/i\/streaming-adaptatif\/2014\/S23\/J1\/103236654-20140602-,398,632,934,k.mp4.csmil\/master.m3u8","mandat_duree":"7"},{"id_diffusion":"103236655","code_programme":"","id_programme":"","titre":"M\u00e9t\u00e9o outremer","sous_titre":"","accroche":"","url_image_racine":"","extension_image":"","datemodif_image":"","chaine":"france2","date":"2014-06-02","heure":"10:50","duree":"5","csa_code":"TP","csa_nom_long":"Tous publics","rubrique":"","genre_simplifie":"M\u00e9t\u00e9o","production":"","nationalite":"","presentateurs":"","invites":"","realisateurs":"","acteurs":"","url_site":"","mandat_debut":"","mandat_nb":"0","OAS_sitepage":"","connexes":[],"url_video":"","mandat_duree":""},{"id_diffusion":"103236656","code_programme":"motus","id_programme":"1476","titre":"Motus","sous_titre":"","accroche":"Deux \u00e9quipes s'affrontent pour d\u00e9chiffrer des mots de six \u00e0 dix lettres.","url_image_racine":"\/staticftv\/ref_emissions\/2014-06-02\/COL_473240_csa1","extension_image":"jpg","datemodif_image":"1401688277","chaine":"france2","date":"2014-06-02","heure":"10:55","duree":"35","csa_code":"TP","csa_nom_long":"Tous publics","rubrique":"Jeu","genre_simplifie":"Jeu","production":"France 2","nationalite":"","presentateurs":"Thierry Beccaro","invites":"","realisateurs":"","acteurs":"","url_site":"http:\/\/www.france2.fr\/emissions\/motus","mandat_debut":"0","mandat_nb":"toutes","OAS_sitepage":"france2\/jeu\/motus","connexes":[],"url_video":"\/hls-ios-inf\/i\/streaming-adaptatif_france-dom-tom\/2014\/S23\/J1\/103236656-20140602-,398,632,934,k.mp4.csmil\/master.m3u8","mandat_duree":"7"},{"id_diffusion":"103236657","code_programme":"les_z_amours","id_programme":"1479","titre":"Les Z'amours","sous_titre":"","accroche":"Trois couples de candidats r\u00e9pondent \u00e0 des questions cens\u00e9es \u00e9valuer la connaissance qu'ils ont de leurs partenaires respectifs. Les conjoints qui accordent au mieux leurs violons remportent la mise.","url_image_racine":"\/staticftv\/ref_emissions\/2014-06-02\/COL_374105_csa1","extension_image":"jpg","datemodif_image":"1401688277","chaine":"france2","date":"2014-06-02","heure":"11:30","duree":"30","csa_code":"TP","csa_nom_long":"Tous publics","rubrique":"Jeu","genre_simplifie":"Jeu","production":"Sony Pictures Television Production France","nationalite":"","presentateurs":" Tex","invites":"","realisateurs":"","acteurs":"","url_site":"http:\/\/www.france2.fr\/emissions\/les-z-amours","mandat_debut":"0","mandat_nb":"toutes","OAS_sitepage":"france2\/jeu\/leszamours","connexes":[],"url_video":"\/hls-ios-inf\/i\/streaming-adaptatif_france-dom-tom\/2014\/S23\/J1\/103236657-20140602-,398,632,934,k.mp4.csmil\/master.m3u8","mandat_duree":"7"},{"id_diffusion":"103236658","code_programme":"tout_le_monde_veut_prendre_sa_place","id_programme":"371","titre":"Tout le monde veut prendre sa place","sous_titre":"","accroche":"Six candidats affrontent un \u00abchampion\u00bb autour d'une s\u00e9rie de jeux. Celui ou celle qui parviendra \u00e0 le d\u00e9loger deviendra le nouveau champion.","url_image_racine":"\/staticftv\/ref_emissions\/2014-06-02\/COL_294950_csa1","extension_image":"jpg","datemodif_image":"1401688277","chaine":"france2","date":"2014-06-02","heure":"12:00","duree":"54","csa_code":"TP","csa_nom_long":"Tous publics","rubrique":"Jeu","genre_simplifie":"Jeu","production":"Effervescence \/ Air Productions","nationalite":"","presentateurs":" Nagui","invites":"","realisateurs":"","acteurs":"","url_site":"http:\/\/programmes.france2.fr\/tout-le-monde-veut-prendre-sa-place\/","mandat_debut":"0","mandat_nb":"toutes","OAS_sitepage":"france2\/jeu\/toutlemondeveutprendresaplace","connexes":[],"url_video":"","mandat_duree":""},{"id_diffusion":"103360966","code_programme":"roland_garros_et_moi","id_programme":"16771","titre":"Roland Garros et moi","sous_titre":"","accroche":"Roland Garros et moi ","url_image_racine":"\/staticftv\/programmes\/16771_1400679868_csa1","extension_image":"jpg","datemodif_image":"1400679868","chaine":"france2","date":"2014-06-02","heure":"12:54","duree":"1","csa_code":"TP","csa_nom_long":"Tous publics","rubrique":"Sport","genre_simplifie":"Magazine de services","production":"","nationalite":"","presentateurs":"","invites":"","realisateurs":"","acteurs":"","url_site":"","mandat_debut":"0","mandat_nb":"toutes","OAS_sitepage":"france2\/sport\/rolandgarrosetmoi","connexes":[],"url_video":"","mandat_duree":""},{"id_diffusion":"103236659","code_programme":"meteo_jt_13h","id_programme":"363","titre":"M\u00e9t\u00e9o 2","sous_titre":"","accroche":"Toute la m\u00e9t\u00e9o sur France 2.","url_image_racine":"\/staticftv\/ref_emissions\/2014-06-02\/COL_474010_csa1","extension_image":"jpg","datemodif_image":"1401688277","chaine":"france2","date":"2014-06-02","heure":"12:55","duree":"5","csa_code":"TP","csa_nom_long":"Tous publics","rubrique":"Info","genre_simplifie":"M\u00e9t\u00e9o","production":"France 2","nationalite":"","presentateurs":"","invites":"","realisateurs":"","acteurs":"","url_site":"http:\/\/meteo.france2.fr\/","mandat_debut":"0","mandat_nb":"toutes","OAS_sitepage":"france2\/info\/meteo2","connexes":[],"url_video":"","mandat_duree":""},{"id_diffusion":"103236660","code_programme":"jt_13h","id_programme":"361","titre":"Journal","sous_titre":"","accroche":"Le journal de 13h de la r\u00e9daction de France 2.","url_image_racine":"\/staticftv\/ref_emissions\/2014-06-02\/COL_430771_csa1","extension_image":"jpg","datemodif_image":"1401688277","chaine":"france2","date":"2014-06-02","heure":"13:00","duree":"48","csa_code":"TP","csa_nom_long":"Tous publics","rubrique":"Info","genre_simplifie":"Journal","production":"France 2","nationalite":"","presentateurs":"Elise Lucet","invites":"","realisateurs":"","acteurs":"","url_site":"http:\/\/www.francetvinfo.fr\/replay-jt\/france-2\/13-heures\/","mandat_debut":"0","mandat_nb":"toutes","OAS_sitepage":"france2\/info\/journal","connexes":[],"url_video":"","mandat_duree":""},{"id_diffusion":"103236662","code_programme":"","id_programme":"","titre":"M\u00e9t\u00e9o 2","sous_titre":"","accroche":"","url_image_racine":"\/staticftv\/ref_emissions\/2014-06-02\/COL_474010_csa1","extension_image":"jpg","datemodif_image":"1401688278","chaine":"france2","date":"2014-06-02","heure":"13:48","duree":"2","csa_code":"TP","csa_nom_long":"Tous publics","rubrique":"","genre_simplifie":"M\u00e9t\u00e9o","production":"","nationalite":"","presentateurs":"","invites":"","realisateurs":"","acteurs":"","url_site":"","mandat_debut":"","mandat_nb":"0","OAS_sitepage":"","connexes":[],"url_video":"","mandat_duree":""},{"id_diffusion":"103236661","code_programme":"consomag","id_programme":"3645","titre":"Consomag","sous_titre":"Pesticides : bien organiser son jardin","accroche":"Une \u00e9mission de l'Institut national de la consommation.","url_image_racine":"\/staticftv\/catchup\/img\/3\/36\/3645_1317043070_3_csa1","extension_image":"png","datemodif_image":"1317043070","chaine":"france2","date":"2014-06-02","heure":"13:50","duree":"10","csa_code":"TP","csa_nom_long":"Tous publics","rubrique":"Magazine","genre_simplifie":"Magazine de services","production":"","nationalite":"","presentateurs":"","invites":"","realisateurs":"","acteurs":"","url_site":"http:\/\/www.conso.net\/page\/bases.2_videos.1_consomag.2_consomag_en_video.\/","mandat_debut":"0","mandat_nb":"toutes","OAS_sitepage":"france2\/magazine\/consomag","connexes":[],"url_video":"","mandat_duree":""},{"id_diffusion":"103236663","code_programme":"toute_une_histoire","id_programme":"349","titre":"Toute une histoire","sous_titre":"","accroche":"En compagnie de Sophie Davant, des invit\u00e9s t\u00e9moignent de leur v\u00e9cu, de leur parcours, de leurs difficult\u00e9s et de la mani\u00e8re dont ils ont pu surmonter les obstacles.","url_image_racine":"\/staticftv\/ref_emissions\/2014-06-02\/COL_450798_csa1","extension_image":"jpg","datemodif_image":"1401688278","chaine":"france2","date":"2014-06-02","heure":"14:00","duree":"55","csa_code":"TP","csa_nom_long":"Tous publics","rubrique":"Magazine","genre_simplifie":"Magazine de soci\u00e9t\u00e9","production":" R\u00e9servoir Prod. ","nationalite":"","presentateurs":"Sophie Davant","invites":"","realisateurs":"","acteurs":"","url_site":"http:\/\/toute-une-histoire.france2.fr","mandat_debut":"0","mandat_nb":"toutes","OAS_sitepage":"france2\/magazine\/touteunehistoire","connexes":[],"url_video":"","mandat_duree":""},{"id_diffusion":"103264412","code_programme":"roland_garros","id_programme":"6015","titre":"Tennis","sous_titre":"","accroche":"Suivez le tournoi de Roland-Garros avec France T\u00e9l\u00e9visions.","url_image_racine":"\/staticftv\/ref_emissions\/2014-06-02\/EMI_432596_csa1","extension_image":"jpg","datemodif_image":"1401688278","chaine":"france2","date":"2014-06-02","heure":"14:55","duree":"300","csa_code":"TP","csa_nom_long":"Tous publics","rubrique":"Sport","genre_simplifie":"Tennis","production":"","nationalite":"","presentateurs":"","invites":"","realisateurs":"","acteurs":"","url_site":"http:\/\/www.francetvsport.fr\/roland-garros","mandat_debut":"0","mandat_nb":"toutes","OAS_sitepage":"france2\/sport\/tennis","connexes":[],"url_video":"","mandat_duree":""},{"id_diffusion":"103236664","code_programme":"","id_programme":"","titre":"M\u00e9t\u00e9o 2","sous_titre":"","accroche":"","url_image_racine":"\/staticftv\/ref_emissions\/2014-06-02\/COL_474010_csa1","extension_image":"jpg","datemodif_image":"1401688278","chaine":"france2","date":"2014-06-02","heure":"19:55","duree":"5","csa_code":"TP","csa_nom_long":"Tous publics","rubrique":"","genre_simplifie":"M\u00e9t\u00e9o","production":"","nationalite":"","presentateurs":"","invites":"","realisateurs":"","acteurs":"","url_site":"","mandat_debut":"","mandat_nb":"0","OAS_sitepage":"","connexes":[],"url_video":"","mandat_duree":""},{"id_diffusion":"103236665","code_programme":"jt20h","id_programme":"341","titre":"Journal","sous_titre":"","accroche":"Le journal de 20h de la r\u00e9daction de France 2.","url_image_racine":"\/staticftv\/ref_emissions\/2014-06-02\/COL_372304_csa1","extension_image":"jpg","datemodif_image":"1401688278","chaine":"france2","date":"2014-06-02","heure":"20:00","duree":"40","csa_code":"TP","csa_nom_long":"Tous publics","rubrique":"Info","genre_simplifie":"Journal","production":"France 2","nationalite":"","presentateurs":"David Pujadas","invites":"","realisateurs":"","acteurs":"","url_site":"http:\/\/www.francetvinfo.fr\/replay-jt\/france-2\/20-heures\/","mandat_debut":"0","mandat_nb":"toutes","OAS_sitepage":"france2\/info\/journal","connexes":[],"url_video":"","mandat_duree":""},{"id_diffusion":"103236666","code_programme":"parents_mode_d_emploi","id_programme":"14839","titre":"Parents mode d'emploi","sous_titre":"","accroche":"Gaby et Isa, parents de trois enfants de 8, 12 et 16 ans, tentent de tenir bon la barre et de garder le cap dans les eaux tumultueuses du quotidien...","url_image_racine":"\/staticftv\/ref_emissions\/2014-06-02\/COL_462069_csa1","extension_image":"jpg","datemodif_image":"1401688278","chaine":"france2","date":"2014-06-02","heure":"20:40","duree":"1","csa_code":"TP","csa_nom_long":"Tous publics","rubrique":"S\u00e9rie & Fiction","genre_simplifie":"S\u00e9rie humoristique","production":"","nationalite":"fran\u00e7aise","presentateurs":"","invites":"","realisateurs":"","acteurs":"Arnaud Ducret, Alix Poisson","url_site":"http:\/\/france2.fr\/emissions\/parents-mode-d-emploi","mandat_debut":"0","mandat_nb":"toutes","OAS_sitepage":"france2\/seriefiction\/parentsmodedemploi","connexes":[],"url_video":"","mandat_duree":""},{"id_diffusion":"103236667","code_programme":"cocorico","id_programme":"15922","titre":"Parlons PME","sous_titre":"","accroche":"Parlons PME","url_image_racine":"\/staticftv\/ref_emissions\/2014-06-02\/COL_501525_csa1","extension_image":"jpg","datemodif_image":"1401688278","chaine":"france2","date":"2014-06-02","heure":"20:41","duree":"1","csa_code":"TP","csa_nom_long":"Tous publics","rubrique":"Magazine","genre_simplifie":"Magazine d'information","production":"","nationalite":"","presentateurs":"","invites":"","realisateurs":"","acteurs":"","url_site":"","mandat_debut":"0","mandat_nb":"toutes","OAS_sitepage":"france2\/magazine\/parlonspme","connexes":[],"url_video":"","mandat_duree":""},{"id_diffusion":"103236669","code_programme":"image_du_jour_roland_garros","id_programme":"13721","titre":"Image du jour : Roland-Garros","sous_titre":"","accroche":"Image du jour - Roland-Garros","url_image_racine":"\/staticftv\/ref_emissions\/2014-06-02\/COL_505210_csa1","extension_image":"jpg","datemodif_image":"1401688278","chaine":"france2","date":"2014-06-02","heure":"20:42","duree":"1","csa_code":"TP","csa_nom_long":"Tous publics","rubrique":"Sport","genre_simplifie":"Magazine sportif","production":"","nationalite":"","presentateurs":"","invites":"","realisateurs":"","acteurs":"","url_site":"http:\/\/www.francetvsport.fr\/roland-garros","mandat_debut":"0","mandat_nb":"toutes","OAS_sitepage":"france2\/sport\/imagedujourrolandgarros","connexes":[],"url_video":"","mandat_duree":""},{"id_diffusion":"103236670","code_programme":"alcaline_l_instant","id_programme":"14579","titre":"Alcaline l'instant","sous_titre":"Yannick Noah","accroche":"Rencontre avec un artiste qui fait l'actualit\u00e9 musicale.","url_image_racine":"\/staticftv\/ref_emissions\/2014-06-02\/COL_451654_csa1","extension_image":"jpg","datemodif_image":"1401688278","chaine":"france2","date":"2014-06-02","heure":"20:43","duree":"1","csa_code":"TP","csa_nom_long":"Tous publics","rubrique":"Culture","genre_simplifie":"Magazine culturel","production":"","nationalite":"","presentateurs":"","invites":"","realisateurs":"","acteurs":"","url_site":"http:\/\/culturebox.francetvinfo.fr\/emissions\/alcaline","mandat_debut":"0","mandat_nb":"toutes","OAS_sitepage":"france2\/culture\/alcalinelinstant","connexes":[],"url_video":"","mandat_duree":""},{"id_diffusion":"103236668","code_programme":"meteo_jt20h","id_programme":"345","titre":"M\u00e9t\u00e9o 2","sous_titre":"","accroche":"Toute la m\u00e9t\u00e9o sur France 2.","url_image_racine":"\/staticftv\/ref_emissions\/2014-06-02\/COL_474010_csa1","extension_image":"jpg","datemodif_image":"1401688278","chaine":"france2","date":"2014-06-02","heure":"20:44","duree":"1","csa_code":"TP","csa_nom_long":"Tous publics","rubrique":"Info","genre_simplifie":"M\u00e9t\u00e9o","production":"France 2","nationalite":"","presentateurs":"","invites":"","realisateurs":"","acteurs":"","url_site":"http:\/\/meteo.france2.fr\/","mandat_debut":"0","mandat_nb":"toutes","OAS_sitepage":"france2\/info\/meteo2","connexes":[],"url_video":"","mandat_duree":""},{"id_diffusion":"103228459","code_programme":"rizzoli_and_isles","id_programme":"13194","titre":"Rizzoli & Isles, autopsie d'un meurtre","sous_titre":"Amour virtuel","accroche":"Greg Jensen, jeune ma\u00eetre brasseur, vient d'\u00eatre assassin\u00e9 sur son lieu de travail, la brasserie Overlod. Son meurtrier s'est servi d'une lance pour lui transpercer le corps et c'est son assistante, Ruby Burke, qui a d\u00e9couvert le corps. La victime \u00e9tait un passionn\u00e9 de culture Viking et participait \u00e0 un jeu en ligne sur ce th\u00e8me. Bien que mari\u00e9, Jensen se servait de son avatar \u00abOlaf le d\u00e9soss\u00e9\u00bb pour faire des rencontres. Parall\u00e8lement \u00e0 cette enqu\u00eate, Jane et l'\u00e9quipe conseillent des adolescents en situation difficile. De son c\u00f4t\u00e9, Angela entame une nouvelle romance dont il est difficile de pr\u00e9voir l'\u00e9volution...","url_image_racine":"\/staticftv\/ref_emissions\/2014-06-02\/EMI_468143_csa1","extension_image":"jpg","datemodif_image":"1401688278","chaine":"france2","date":"2014-06-02","heure":"20:45","duree":"45","csa_code":"TP","csa_nom_long":"Tous publics","rubrique":"S\u00e9rie & Fiction","genre_simplifie":"S\u00e9rie","production":"","nationalite":"am\u00e9ricaine","presentateurs":"","invites":"","realisateurs":"Steve Robin","acteurs":"Lorraine Bracco, Jordan Bridges, Angie Harmon, Bruce McGill, Lee Thompson Young, Sasha Alexander, Brian Goodman, Christopher Rich","url_site":"","mandat_debut":"0","mandat_nb":"toutes","OAS_sitepage":"france2\/seriefiction\/rizzoliislesautopsiedunmeurtre","connexes":[],"url_video":"","mandat_duree":""},{"id_diffusion":"103228462","code_programme":"","id_programme":"","titre":"Rizzoli & Isles, autopsie d'un meurtre","sous_titre":"Mort en coulisses","accroche":"Lorsque la m\u00e8re d'une danseuse est poignard\u00e9e durant une comp\u00e9tition, Jane et son \u00e9quipe se mettent en qu\u00eate du tueur. Les policiers pensent tout d'abord qu'il s'agit d'une histoire de vengeance, voire du crime d'un d\u00e9s\u00e9quilibr\u00e9. Ils r\u00e9alisent toutefois que les d\u00e9calarations de la victime ne sont pas coh\u00e9rentes. Certains aspects de son pass\u00e9 semblent, par ailleurs, suspects. Et si elle avait menti aux agents ? Dans le m\u00eame temps, le beau-fils de Korsac est accus\u00e9 d'avoir tir\u00e9 sur un policier...","url_image_racine":"\/staticftv\/ref_emissions\/2014-06-02\/EMI_418651_csa2","extension_image":"jpg","datemodif_image":"1401688278","chaine":"france2","date":"2014-06-02","heure":"21:30","duree":"45","csa_code":"10","csa_nom_long":"D\u00e9conseill\u00e9 aux moins de 10 ans","rubrique":"","genre_simplifie":"S\u00e9rie","production":"","nationalite":"am\u00e9ricaine","presentateurs":"","invites":"","realisateurs":"Mark Haber","acteurs":"Jordan Bridges, Angie Harmon, Bruce McGill, Lolita Davidovich, Lee Thompson Young, Sasha Alexander, Colby French, Allison Dunbar","url_site":"","mandat_debut":"","mandat_nb":"0","OAS_sitepage":"","connexes":[],"url_video":"","mandat_duree":""},{"id_diffusion":"103236671","code_programme":"beau_travail_f2","id_programme":"16403","titre":"Beau travail","sous_titre":"","accroche":"Beau Travail","url_image_racine":"\/staticftv\/programmes\/16403_1396960895_csa1","extension_image":"jpg","datemodif_image":"1396960895","chaine":"france2","date":"2014-06-02","heure":"22:15","duree":"1","csa_code":"TP","csa_nom_long":"Tous publics","rubrique":"Magazine","genre_simplifie":"Magazine de services","production":"","nationalite":"","presentateurs":"","invites":"","realisateurs":"","acteurs":"","url_site":"","mandat_debut":"0","mandat_nb":"toutes","OAS_sitepage":"france2\/magazine\/beautravail","connexes":[],"url_video":"","mandat_duree":""},{"id_diffusion":"103228464","code_programme":"ceremonie_des_molieres","id_programme":"16833","titre":"La 26e nuit des Moli\u00e8res","sous_titre":"","accroche":"Apr\u00e8s deux ann\u00e9es d'absence, la c\u00e9r\u00e9monie des Moli\u00e8res est de retour \u00e0 l'antenne pour sa 26e \u00e9dition. Tourn\u00e9e aux Folies Berg\u00e8re, elle r\u00e9compense le th\u00e9\u00e2tre fran\u00e7ais avec 17 prix d\u00e9cern\u00e9s. Un Moli\u00e8re d'honneur est d\u00e9cern\u00e9 \u00e0 Michel Bouquet et un hommage est rendu par Dominique Blanc au metteur en sc\u00e8ne Patrice Ch\u00e9reau, disparu en octobre 2013. Clovis Cornillac, Daniel Auteuil, Michel Fau et Robert Hirsch sont nomm\u00e9s dans la cat\u00e9gorie du meilleur Com\u00e9dien. A la pr\u00e9sentation, Nicolas Bedos est notamment entour\u00e9 de Denis Podalyd\u00e8s, Yvan Attal et Elsa Zylberstein.","url_image_racine":"\/staticftv\/ref_emissions\/2014-06-02\/EMI_505938_csa1","extension_image":"jpg","datemodif_image":"1401688278","chaine":"france2","date":"2014-06-02","heure":"22:16","duree":"122","csa_code":"TP","csa_nom_long":"Tous publics","rubrique":"Divertissement","genre_simplifie":"Emission sp\u00e9ciale","production":"","nationalite":"","presentateurs":"Nicolas Bedos","invites":"","realisateurs":"","acteurs":"","url_site":"","mandat_debut":"0","mandat_nb":"toutes","OAS_sitepage":"france2\/divertissement\/la26enuitdesmolieres","connexes":[],"url_video":"","mandat_duree":""},{"id_diffusion":"103236673","code_programme":"expression_directe_f2","id_programme":"3735","titre":"Expression directe","sous_titre":"","accroche":"Retrouvez le message d\u0092un parti politique ou d\u0092une organisation syndicale.","url_image_racine":"\/staticftv\/catchup\/img\/3\/37\/3735_1300729355_3_csa1","extension_image":"png","datemodif_image":"1300729355","chaine":"france2","date":"2014-06-03","heure":"00:18","duree":"2","csa_code":"TP","csa_nom_long":"Tous publics","rubrique":"Magazine","genre_simplifie":"Magazine d'information","production":"","nationalite":"","presentateurs":"","invites":"","realisateurs":"","acteurs":"","url_site":"","mandat_debut":"0","mandat_nb":"toutes","OAS_sitepage":"france2\/magazine\/expressiondirecte","connexes":[],"url_video":"","mandat_duree":""},{"id_diffusion":"103236672","code_programme":"","id_programme":"","titre":"Dans quelle \u00e9ta-g\u00e8re","sous_titre":"\u00abProfondeurs\u00bb, de Guillaume N\u00e9ry (Arthaud)","accroche":"Un entretien de deux minutes avec un \u00e9crivain qui \u00e9voque son nouveau livre.","url_image_racine":"\/staticftv\/ref_emissions\/2014-06-02\/COL_366711_csa1","extension_image":"jpg","datemodif_image":"1401688278","chaine":"france2","date":"2014-06-03","heure":"00:20","duree":"5","csa_code":"TP","csa_nom_long":"Tous publics","rubrique":"","genre_simplifie":"Magazine culturel","production":"","nationalite":"","presentateurs":"Monique Atlan","invites":"","realisateurs":"","acteurs":"","url_site":"","mandat_debut":"","mandat_nb":"0","OAS_sitepage":"","connexes":[],"url_video":"","mandat_duree":""},{"id_diffusion":"103236674","code_programme":"","id_programme":"","titre":"M\u00e9t\u00e9o outremer","sous_titre":"","accroche":"","url_image_racine":"","extension_image":"","datemodif_image":"","chaine":"france2","date":"2014-06-03","heure":"00:25","duree":"2","csa_code":"TP","csa_nom_long":"Tous publics","rubrique":"","genre_simplifie":"M\u00e9t\u00e9o","production":"","nationalite":"","presentateurs":"","invites":"","realisateurs":"","acteurs":"","url_site":"","mandat_debut":"","mandat_nb":"0","OAS_sitepage":"","connexes":[],"url_video":"","mandat_duree":""},{"id_diffusion":"103228468","code_programme":"","id_programme":"","titre":"Un baiser papillon","sous_titre":"","accroche":"Billie et Louis s'aiment passionn\u00e9ment. Mais un jour, une terrible nouvelle fait basculer leur existence et celle de leurs proches. Marie, la meilleure amie de Billie et sa confidente, une actrice renomm\u00e9e, c\u00e8de \u00e0 son obsession de mettre un enfant au monde. Elle presse son mari, Samuel, de lui donner le b\u00e9b\u00e9 qu'elle appelle de ses voeux. Alice, l'infirmi\u00e8re de Billie, lui fait passer des examens qui signent la progression d'une terrible maladie, dont Billie seule conna\u00eet l'existence et pressent l'issue. Alice conseille \u00e0 Billie de dire la v\u00e9rit\u00e9 \u00e0 ses proches. Louis est effondr\u00e9. Son fr\u00e8re choisit ce moment pour ressurgir d'une longue absence...","url_image_racine":"\/staticftv\/ref_emissions\/2014-06-02\/EMI_278276_csa2","extension_image":"jpg","datemodif_image":"1401688279","chaine":"france2","date":"2014-06-03","heure":"00:27","duree":"103","csa_code":"10","csa_nom_long":"D\u00e9conseill\u00e9 aux moins de 10 ans","rubrique":"","genre_simplifie":"Drame","production":"","nationalite":"fran\u00e7ais","presentateurs":"","invites":"","realisateurs":"Karine Silla","acteurs":"Elsa Zylberstein, Valeria Golino, Vincent Perez, Jalil Lespert, C\u00e9cile de France, Nicolas Giraud, Veronica Novak, Iman Perez","url_site":"","mandat_debut":"","mandat_nb":"0","OAS_sitepage":"","connexes":[],"url_video":"","mandat_duree":""},{"id_diffusion":"103236675","code_programme":"","id_programme":"","titre":"Toute une histoire","sous_titre":"","accroche":"En compagnie de Sophie Davant, des invit\u00e9s t\u00e9moignent de leur v\u00e9cu, de leur parcours, de leurs difficult\u00e9s et de la mani\u00e8re dont ils ont pu surmonter les obstacles.","url_image_racine":"\/staticftv\/ref_emissions\/2014-06-02\/COL_450798_csa1","extension_image":"jpg","datemodif_image":"1401688279","chaine":"france2","date":"2014-06-03","heure":"02:10","duree":"45","csa_code":"TP","csa_nom_long":"Tous publics","rubrique":"","genre_simplifie":"Magazine de soci\u00e9t\u00e9","production":"","nationalite":"","presentateurs":"Sophie Davant","invites":"","realisateurs":"","acteurs":"","url_site":"","mandat_debut":"","mandat_nb":"0","OAS_sitepage":"","connexes":[],"url_video":"","mandat_duree":""},{"id_diffusion":"103236676","code_programme":"amazonie_francaise","id_programme":"9296","titre":"Amazonie fran\u00e7aise","sous_titre":"","accroche":"La Guyane est g\u00e9n\u00e9ralement pr\u00e9sent\u00e9e comme le \u00abjoyau vert\u00bb de la France. Le fait est qu'elle ne manque ni de charme, ni d'int\u00e9r\u00eat. La r\u00e9alit\u00e9, cependant, est moins brillante que les clich\u00e9s. La Guyane fran\u00e7aise souffre d'une d\u00e9gradation de son littoral, d'une rar\u00e9faction de sa faune en g\u00e9n\u00e9ral, et du gibier en particulier. La pollution au mercure, g\u00e9n\u00e9r\u00e9e par les chercheurs d'or, est devenue pr\u00e9occupante.","url_image_racine":"\/staticftv\/ref_emissions\/2014-06-02\/EMI_284212_csa1","extension_image":"jpg","datemodif_image":"1401688279","chaine":"france2","date":"2014-06-03","heure":"02:55","duree":"55","csa_code":"TP","csa_nom_long":"Tous publics","rubrique":"Documentaire","genre_simplifie":"Documentaire","production":"","nationalite":"fran\u00e7ais","presentateurs":"","invites":"","realisateurs":"G\u00e9rald Duduyer","acteurs":"","url_site":"","mandat_debut":"0","mandat_nb":"toutes","OAS_sitepage":"france2\/documentaire\/amazoniefrancaise","connexes":[],"url_video":"","mandat_duree":""},{"id_diffusion":"103236677","code_programme":"emmene_moi_la_haut","id_programme":"16835","titre":"Emm\u00e8ne-moi l\u00e0-haut","sous_titre":"","accroche":"L\u00e9a, 16 ans et Beno\u00eet-Marie, 12 ans, entreprennent l'ascension du D\u00f4me de neige des Ecrins, \u00e0 4015 m\u00e8tres d'altitude, en compagnie de Nicolas, leur p\u00e8re et ami.","url_image_racine":"\/staticftv\/programmes\/16835_1401201371_csa1","extension_image":"jpg","datemodif_image":"1401201371","chaine":"france2","date":"2014-06-03","heure":"03:50","duree":"25","csa_code":"TP","csa_nom_long":"Tous publics","rubrique":"Documentaire","genre_simplifie":"Documentaire","production":"","nationalite":"fran\u00e7ais","presentateurs":"","invites":"","realisateurs":"Robert Nicod","acteurs":"","url_site":"","mandat_debut":"0","mandat_nb":"toutes","OAS_sitepage":"france2\/documentaire\/emmenemoilahaut","connexes":[],"url_video":"","mandat_duree":""},{"id_diffusion":"103236678","code_programme":"des_trains_pas_comme_les_autres","id_programme":"3747","titre":"Des trains pas comme les autres","sous_titre":"Gr\u00e8ce (1\/2)","accroche":"De Thessalonique, la grande ville industrielle du nord du pays, le train prend la direction des M\u00e9t\u00e9ores, dans le centre, puis d'Ath\u00e8nes. Des ruines de l'Acropole au mythique nombril du monde situ\u00e9 \u00e0 Delphes, le passager est ensuite oblig\u00e9 de prendre un tortillard ant\u00e9diluvien pour se rendre \u00e0 Olympie, avant de gagner l'\u00eele de Santorin, qui serait, selon la l\u00e9gende, un vestige du continent disparu, l'Atlantide.","url_image_racine":"\/staticftv\/ref_emissions\/2014-06-02\/EMI_266472_csa1","extension_image":"jpg","datemodif_image":"1401688279","chaine":"france2","date":"2014-06-03","heure":"04:15","duree":"45","csa_code":"TP","csa_nom_long":"Tous publics","rubrique":"Documentaire","genre_simplifie":"Documentaire de soci\u00e9t\u00e9","production":"","nationalite":"fran\u00e7ais","presentateurs":"","invites":"","realisateurs":"Bernard d'Abrigeon","acteurs":"","url_site":"","mandat_debut":"0","mandat_nb":"toutes","OAS_sitepage":"france2\/documentaire\/destrainspascommelesautres","connexes":[],"url_video":"","mandat_duree":""}]}