{"journee":{"date":"2014-06-02","nb_prog":52},"programmes":[{"id_diffusion":"103229761","code_programme":"","id_programme":"","titre":"Plus belle la vie","sous_titre":"","accroche":"Douala doit faire face \u00e0 une personne particuli\u00e8rement coriace. De son c\u00f4t\u00e9, C\u00e9line pose des questions g\u00eanantes. Quant \u00e0 Jonas, sera-t-il r\u00e9compens\u00e9 de ses efforts ?...","url_image_racine":"\/staticftv\/ref_emissions\/2014-06-02\/COL_388983_csa1","extension_image":"jpg","datemodif_image":"1401688321","chaine":"france3","date":"2014-06-02","heure":"05:35","duree":"25","csa_code":"TP","csa_nom_long":"Tous publics","rubrique":"","genre_simplifie":"S\u00e9rie","production":"","nationalite":"fran\u00e7ais","presentateurs":"","invites":"","realisateurs":"Michel Hassan","acteurs":"Virgile Bayle, Rebecca Hampton, Rachid Hafassa, Nad\u00e8ge Beausson-Diagne, Laurent Kerusor\u00e9, St\u00e9phane Henon, Flavie P\u00e9an, Geoffrey Piet","url_site":"","mandat_debut":"","mandat_nb":"0","OAS_sitepage":"","connexes":[],"url_video":"","mandat_duree":""},{"id_diffusion":"103229337","code_programme":"","id_programme":"","titre":"EuroNews","sous_titre":"","accroche":"Diffusion des programmes de la cha\u00eene d'information europ\u00e9enne EuroNews.","url_image_racine":"","extension_image":"","datemodif_image":"","chaine":"france3","date":"2014-06-02","heure":"06:00","duree":"45","csa_code":"TP","csa_nom_long":"Tous publics","rubrique":"","genre_simplifie":"Journal","production":"","nationalite":"","presentateurs":"","invites":"","realisateurs":"","acteurs":"","url_site":"","mandat_debut":"","mandat_nb":"0","OAS_sitepage":"","connexes":[],"url_video":"","mandat_duree":""},{"id_diffusion":"103229338","code_programme":"c_est_bon","id_programme":"13431","titre":"C'est bon !","sous_titre":"Le sel","accroche":"La voix de Jean Pierre Coffe vous donnera envie, \u00e0 travers ce programme divertissant, de mieux manger en mettant en sc\u00e8ne un aliment de fa\u00e7on dr\u00f4le, d\u00e9cal\u00e9e et l\u00e9g\u00e8re ","url_image_racine":"\/staticftv\/ref_emissions\/2014-06-02\/COL_417458_csa1","extension_image":"jpg","datemodif_image":"1401688322","chaine":"france3","date":"2014-06-02","heure":"06:45","duree":"3","csa_code":"TP","csa_nom_long":"Tous publics","rubrique":"Jeunesse","genre_simplifie":"Emission jeunesse","production":"","nationalite":"","presentateurs":"","invites":"","realisateurs":"","acteurs":"","url_site":"","mandat_debut":"0","mandat_nb":"toutes","OAS_sitepage":"france3\/jeunesse\/cestbon","connexes":[],"url_video":"\/hls-ios-inf\/i\/streaming-adaptatif_france-dom-tom\/2014\/S23\/J1\/103229338-20140602-,398,632,934,k.mp4.csmil\/master.m3u8","mandat_duree":"2"},{"id_diffusion":"103301193","code_programme":"une_minute_au_musee","id_programme":"12090","titre":"Une minute au mus\u00e9e","sous_titre":"Reine porte coupe","accroche":"En compagnie de trois enfants, \u00e2g\u00e9s de 6 \u00e0 14 ans, visite d'un mus\u00e9e \u00e0 la d\u00e9couverte d'une peinture ou d'une sculpture en soixante secondes.","url_image_racine":"\/staticftv\/programmes\/12090_1349686668_csa1","extension_image":"jpg","datemodif_image":"1349686668","chaine":"france3","date":"2014-06-02","heure":"06:48","duree":"1","csa_code":"TP","csa_nom_long":"Tous publics","rubrique":"Jeunesse","genre_simplifie":"Magazine","production":"","nationalite":"","presentateurs":"","invites":"","realisateurs":"","acteurs":"","url_site":"","mandat_debut":"0","mandat_nb":"toutes","OAS_sitepage":"france3\/jeunesse\/uneminuteaumusee","connexes":[],"url_video":"","mandat_duree":""},{"id_diffusion":"103301194","code_programme":"une_minute_au_musee","id_programme":"12090","titre":"Une minute au mus\u00e9e","sous_titre":"Pochoir","accroche":"En compagnie de trois enfants, \u00e2g\u00e9s de 6 \u00e0 14 ans, visite d'un mus\u00e9e \u00e0 la d\u00e9couverte d'une peinture ou d'une sculpture en soixante secondes.","url_image_racine":"\/staticftv\/programmes\/12090_1349686668_csa1","extension_image":"jpg","datemodif_image":"1349686668","chaine":"france3","date":"2014-06-02","heure":"06:49","duree":"1","csa_code":"TP","csa_nom_long":"Tous publics","rubrique":"Jeunesse","genre_simplifie":"Magazine","production":"","nationalite":"","presentateurs":"","invites":"","realisateurs":"","acteurs":"","url_site":"","mandat_debut":"0","mandat_nb":"toutes","OAS_sitepage":"france3\/jeunesse\/uneminuteaumusee","connexes":[],"url_video":"\/hls-ios-inf\/i\/streaming-adaptatif_france-dom-tom\/2014\/S23\/J1\/103301194-20140602-,398,632,934,k.mp4.csmil\/master.m3u8","mandat_duree":"7"},{"id_diffusion":"103301205","code_programme":"marsupilami","id_programme":"1182","titre":"Nos voisins les Marsupilamis","sous_titre":"Le nouveau nid des Marsupilamis","accroche":"Les trois petits Marsupilamis d\u00e9couvrent un oeuf et d\u00e9cident de le d\u00e9poser dans un nid. Mais les oiseaux ne veulent pas de cet oeuf et le jettent aussit\u00f4t...","url_image_racine":"\/staticftv\/ref_emissions\/2014-06-02\/EMI_382977_csa1","extension_image":"jpg","datemodif_image":"1401688322","chaine":"france3","date":"2014-06-02","heure":"06:50","duree":"29","csa_code":"TP","csa_nom_long":"Tous publics","rubrique":"Jeunesse","genre_simplifie":"S\u00e9rie d'animation","production":"France 3 \/ Marathon Production","nationalite":"fran\u00e7aise","presentateurs":"","invites":"","realisateurs":"Pascal Ropars","acteurs":"","url_site":"http:\/\/www.mon-ludo.fr\/heros\/marsupilami","mandat_debut":"0","mandat_nb":"toutes","OAS_sitepage":"france3\/jeunesse\/nosvoisinslesmarsupilamis","connexes":[],"url_video":"\/hls-ios-inf\/i\/streaming-adaptatif_france-dom-tom\/2014\/S23\/J1\/103301205-20140602-,398,632,934,k.mp4.csmil\/master.m3u8","mandat_duree":"2"},{"id_diffusion":"103301206","code_programme":"marsupilami","id_programme":"1182","titre":"Nos voisins les Marsupilamis","sous_titre":"Le nez du Marsupilami","accroche":"Le Marsupilami a aval\u00e9 par m\u00e9garde la toute petite antenne satellite de la famille Vanderstad. D\u00e8s qu'il \u00e9ternue, il fait zapper la t\u00e9l\u00e9vision ou interf\u00e8re avec l'Internet...","url_image_racine":"\/staticftv\/ref_emissions\/2014-06-02\/EMI_382977_csa1","extension_image":"jpg","datemodif_image":"1401688322","chaine":"france3","date":"2014-06-02","heure":"07:19","duree":"28","csa_code":"TP","csa_nom_long":"Tous publics","rubrique":"Jeunesse","genre_simplifie":"S\u00e9rie d'animation","production":"France 3 \/ Marathon Production","nationalite":"fran\u00e7aise","presentateurs":"","invites":"","realisateurs":"Pascal Ropars","acteurs":"","url_site":"http:\/\/www.mon-ludo.fr\/heros\/marsupilami","mandat_debut":"0","mandat_nb":"toutes","OAS_sitepage":"france3\/jeunesse\/nosvoisinslesmarsupilamis","connexes":[],"url_video":"\/hls-ios-inf\/i\/streaming-adaptatif_france-dom-tom\/2014\/S23\/J1\/103301206-20140602-,398,632,934,k.mp4.csmil\/master.m3u8","mandat_duree":"2"},{"id_diffusion":"103229339","code_programme":"","id_programme":"","titre":"Tom et Jerry Tales","sous_titre":"A\u00efe robot","accroche":"Tom utilise une souris-robot afin de s\u00e9duire Jerry pour mieux le pi\u00e9ger...","url_image_racine":"\/staticftv\/ref_emissions\/2014-06-02\/EMI_253931_csa1","extension_image":"jpg","datemodif_image":"1401688322","chaine":"france3","date":"2014-06-02","heure":"07:47","duree":"6","csa_code":"TP","csa_nom_long":"Tous publics","rubrique":"","genre_simplifie":"Dessin anim\u00e9","production":"","nationalite":"am\u00e9ricain","presentateurs":"","invites":"","realisateurs":"","acteurs":"","url_site":"","mandat_debut":"","mandat_nb":"0","OAS_sitepage":"","connexes":[],"url_video":"","mandat_duree":""},{"id_diffusion":"103301207","code_programme":"","id_programme":"","titre":"Tom et Jerry Tales","sous_titre":"Un chat \u00e0 r\u00e9action","accroche":"Tom terrorise Jerry et Spike en utilisant un sac \u00e0 dos \u00e0 propulsion. La souris et le bulldog contre-attaquent...","url_image_racine":"\/staticftv\/ref_emissions\/2014-06-02\/COL_448027_csa1","extension_image":"jpg","datemodif_image":"1401688322","chaine":"france3","date":"2014-06-02","heure":"07:53","duree":"7","csa_code":"TP","csa_nom_long":"Tous publics","rubrique":"","genre_simplifie":"Dessin anim\u00e9","production":"","nationalite":"am\u00e9ricain","presentateurs":"","invites":"","realisateurs":"","acteurs":"","url_site":"","mandat_debut":"","mandat_nb":"0","OAS_sitepage":"","connexes":[],"url_video":"","mandat_duree":""},{"id_diffusion":"103301208","code_programme":"","id_programme":"","titre":"Tom et Jerry Tales","sous_titre":"Le chat et les piranhas","accroche":"Quand Tom d\u00e9tourne son attention de Jerry pour une f\u00e9line diva, Jerry prend sa revanche en \u00e9changeant son poisson rouge avec un piranha fou...","url_image_racine":"\/staticftv\/ref_emissions\/2014-06-02\/COL_448004_csa1","extension_image":"jpg","datemodif_image":"1401688322","chaine":"france3","date":"2014-06-02","heure":"08:00","duree":"7","csa_code":"TP","csa_nom_long":"Tous publics","rubrique":"","genre_simplifie":"Dessin anim\u00e9","production":"","nationalite":"am\u00e9ricain","presentateurs":"","invites":"","realisateurs":"","acteurs":"","url_site":"","mandat_debut":"","mandat_nb":"0","OAS_sitepage":"","connexes":[],"url_video":"","mandat_duree":""},{"id_diffusion":"103301209","code_programme":"","id_programme":"","titre":"Tom et Jerry Tales","sous_titre":"La maison des frissons","accroche":"Lors d'une course-poursuite dans une \u00e9trange maison, les comp\u00e8res ont une peur bleue...","url_image_racine":"\/staticftv\/ref_emissions\/2014-06-02\/EMI_448027_csa1","extension_image":"jpg","datemodif_image":"1401688322","chaine":"france3","date":"2014-06-02","heure":"08:07","duree":"10","csa_code":"TP","csa_nom_long":"Tous publics","rubrique":"","genre_simplifie":"Dessin anim\u00e9","production":"","nationalite":"am\u00e9ricain","presentateurs":"","invites":"","realisateurs":"","acteurs":"","url_site":"","mandat_debut":"","mandat_nb":"0","OAS_sitepage":"","connexes":[],"url_video":"","mandat_duree":""},{"id_diffusion":"103229340","code_programme":"les_lapins_cretins","id_programme":"14783","titre":"Les lapins cr\u00e9tins : invasion","sous_titre":"Vachement cr\u00e9tin","accroche":"A l'inverse des Lapins hautains qui font tout dans la norme, les Lapins cr\u00e9tins font de leur quotidien un monde \u00e9tonnant.","url_image_racine":"\/staticftv\/ref_emissions\/2014-06-02\/COL_462117_csa1","extension_image":"jpg","datemodif_image":"1401688322","chaine":"france3","date":"2014-06-02","heure":"08:17","duree":"6","csa_code":"TP","csa_nom_long":"Tous publics","rubrique":"Jeunesse","genre_simplifie":"Dessin anim\u00e9","production":"","nationalite":"fran\u00e7ais","presentateurs":"","invites":"","realisateurs":"","acteurs":"","url_site":"","mandat_debut":"0","mandat_nb":"toutes","OAS_sitepage":"france3\/jeunesse\/leslapinscretinsinvasion","connexes":[],"url_video":"","mandat_duree":""},{"id_diffusion":"103301210","code_programme":"les_lapins_cretins","id_programme":"14783","titre":"Les lapins cr\u00e9tins : invasion","sous_titre":"Picore Lapin","accroche":"A l'inverse des Lapins hautains qui font tout dans la norme, les Lapins cr\u00e9tins font de leur quotidien un monde \u00e9tonnant.","url_image_racine":"\/staticftv\/ref_emissions\/2014-06-02\/COL_462117_csa1","extension_image":"jpg","datemodif_image":"1401688322","chaine":"france3","date":"2014-06-02","heure":"08:23","duree":"7","csa_code":"TP","csa_nom_long":"Tous publics","rubrique":"Jeunesse","genre_simplifie":"Dessin anim\u00e9","production":"","nationalite":"fran\u00e7ais","presentateurs":"","invites":"","realisateurs":"","acteurs":"","url_site":"","mandat_debut":"0","mandat_nb":"toutes","OAS_sitepage":"france3\/jeunesse\/leslapinscretinsinvasion","connexes":[],"url_video":"\/hls-ios-inf\/i\/streaming-adaptatif_france-dom-tom\/2014\/S23\/J1\/103301210-20140602-,398,632,934,k.mp4.csmil\/master.m3u8","mandat_duree":"2"},{"id_diffusion":"103301211","code_programme":"les_lapins_cretins","id_programme":"14783","titre":"Les lapins cr\u00e9tins : invasion","sous_titre":"Lapinmobil","accroche":"A l'inverse des Lapins hautains qui font tout dans la norme, les Lapins cr\u00e9tins font de leur quotidien un monde \u00e9tonnant.","url_image_racine":"\/staticftv\/ref_emissions\/2014-06-02\/COL_457050_csa1","extension_image":"jpg","datemodif_image":"1401688322","chaine":"france3","date":"2014-06-02","heure":"08:30","duree":"7","csa_code":"TP","csa_nom_long":"Tous publics","rubrique":"Jeunesse","genre_simplifie":"Dessin anim\u00e9","production":"","nationalite":"fran\u00e7ais","presentateurs":"","invites":"","realisateurs":"","acteurs":"","url_site":"","mandat_debut":"0","mandat_nb":"toutes","OAS_sitepage":"france3\/jeunesse\/leslapinscretinsinvasion","connexes":[],"url_video":"\/hls-ios-inf\/i\/streaming-adaptatif_france-dom-tom\/2014\/S23\/J1\/103301211-20140602-,398,632,934,k.mp4.csmil\/master.m3u8","mandat_duree":"2"},{"id_diffusion":"103301212","code_programme":"la_chouette","id_programme":"3831","titre":"La chouette & Cie","sous_titre":"Destination chouettouristique","accroche":"Elle est rose, elle est maladroite, elle est mignonne. Mais elle a la poisse! Qu'elle que soit la situation, \u00e7a finit toujours mal pour elle...","url_image_racine":"\/staticftv\/ref_emissions\/2014-06-02\/COL_485441_csa1","extension_image":"jpg","datemodif_image":"1401688322","chaine":"france3","date":"2014-06-02","heure":"08:37","duree":"13","csa_code":"TP","csa_nom_long":"Tous publics","rubrique":"Jeunesse","genre_simplifie":"S\u00e9rie d'animation","production":"","nationalite":"fran\u00e7aise","presentateurs":"","invites":"","realisateurs":"Alexandre So","acteurs":"","url_site":"http:\/\/www.mon-ludo.fr\/heros\/la-chouette","mandat_debut":"0","mandat_nb":"toutes","OAS_sitepage":"france3\/jeunesse\/lachouettecie","connexes":[],"url_video":"\/hls-ios-inf\/i\/streaming-adaptatif_france-dom-tom\/2014\/S23\/J1\/103301212-20140602-,398,632,934,k.mp4.csmil\/master.m3u8","mandat_duree":"2"},{"id_diffusion":"101642470","code_programme":"","id_programme":"","titre":"Des histoires et des vies (1\u00e8re partie)","sous_titre":"","accroche":"Des hommes et des femmes, issus de toutes les r\u00e9gions de France, partagent leurs exp\u00e9riences, leurs passions, et font d\u00e9couvrir leur mode de vie.","url_image_racine":"","extension_image":"","datemodif_image":"","chaine":"france3","date":"2014-06-02","heure":"08:50","duree":"60","csa_code":"TP","csa_nom_long":"Tous publics","rubrique":"","genre_simplifie":"Documentaire de soci\u00e9t\u00e9","production":"","nationalite":"fran\u00e7ais","presentateurs":"","invites":"","realisateurs":"","acteurs":"","url_site":"","mandat_debut":"","mandat_nb":"0","OAS_sitepage":"","connexes":[],"url_video":"","mandat_duree":""},{"id_diffusion":"101642471","code_programme":"","id_programme":"","titre":"Des histoires et des vies (2e partie)","sous_titre":"","accroche":"Des hommes et des femmes, issus de toutes les r\u00e9gions de France, partagent leurs exp\u00e9riences, leurs passions, et font d\u00e9couvrir leur mode de vie.","url_image_racine":"","extension_image":"","datemodif_image":"","chaine":"france3","date":"2014-06-02","heure":"09:50","duree":"55","csa_code":"TP","csa_nom_long":"Tous publics","rubrique":"","genre_simplifie":"Documentaire de soci\u00e9t\u00e9","production":"","nationalite":"fran\u00e7ais","presentateurs":"","invites":"","realisateurs":"","acteurs":"","url_site":"","mandat_debut":"","mandat_nb":"0","OAS_sitepage":"","connexes":[],"url_video":"","mandat_duree":""},{"id_diffusion":"103229341","code_programme":"","id_programme":"","titre":"Consomag","sous_titre":"","accroche":"Une \u00e9mission de l'Institut national de la consommation.","url_image_racine":"","extension_image":"","datemodif_image":"","chaine":"france3","date":"2014-06-02","heure":"10:45","duree":"5","csa_code":"TP","csa_nom_long":"Tous publics","rubrique":"","genre_simplifie":"Magazine de services","production":"","nationalite":"","presentateurs":"","invites":"","realisateurs":"","acteurs":"","url_site":"","mandat_debut":"","mandat_nb":"0","OAS_sitepage":"","connexes":[],"url_video":"","mandat_duree":""},{"id_diffusion":"103229342","code_programme":"midi_en_france_1ere_partie","id_programme":"4224","titre":"Midi en France","sous_titre":"A Sainte-M\u00e8re-Eglise","accroche":"Chaque semaine, Laurent Boyer et son \u00e9quipe d\u00e9couvrent une ville diff\u00e9rente et d\u00e9voilent les richesses artistiques, culinaires, patrimoniales ou historiques des r\u00e9gions de France.","url_image_racine":"\/staticftv\/ref_emissions\/2014-06-02\/COL_502192_csa1","extension_image":"jpg","datemodif_image":"1401688322","chaine":"france3","date":"2014-06-02","heure":"10:50","duree":"65","csa_code":"TP","csa_nom_long":"Tous publics","rubrique":"Magazine","genre_simplifie":"Magazine de soci\u00e9t\u00e9","production":"","nationalite":"","presentateurs":"Laurent Boyer","invites":"","realisateurs":"","acteurs":"","url_site":"http:\/\/www.france3.fr\/emissions\/midi-en-france","mandat_debut":"0","mandat_nb":"toutes","OAS_sitepage":"france3\/magazine\/midienfrance","connexes":[],"url_video":"","mandat_duree":""},{"id_diffusion":"103229343","code_programme":"meteo_jt_1213","id_programme":"364","titre":"M\u00e9t\u00e9o","sous_titre":"","accroche":"La m\u00e9t\u00e9o en France sur France 3.","url_image_racine":"\/staticftv\/catchup\/img\/3\/3\/364_1389025078_csa1","extension_image":"jpg","datemodif_image":"1389025078","chaine":"france3","date":"2014-06-02","heure":"11:55","duree":"5","csa_code":"TP","csa_nom_long":"Tous publics","rubrique":"Info","genre_simplifie":"M\u00e9t\u00e9o","production":"France 3","nationalite":"","presentateurs":"","invites":"","realisateurs":"","acteurs":"","url_site":"http:\/\/meteo.france3.fr\/","mandat_debut":"0","mandat_nb":"toutes","OAS_sitepage":"france3\/info\/meteo","connexes":[],"url_video":"\/hls-ios-inf\/i\/streaming-adaptatif\/2014\/S23\/J1\/103229343-20140602-,398,632,934,k.mp4.csmil\/master.m3u8","mandat_duree":"7"},{"id_diffusion":"101642472","code_programme":"","id_programme":"","titre":"12\/13 : Journal r\u00e9gional","sous_titre":"","accroche":"","url_image_racine":"\/staticftv\/ref_emissions\/2014-06-02\/COL_455701_csa1","extension_image":"jpg","datemodif_image":"1401688322","chaine":"france3","date":"2014-06-02","heure":"12:00","duree":"25","csa_code":"TP","csa_nom_long":"Tous publics","rubrique":"","genre_simplifie":"Journal","production":"","nationalite":"","presentateurs":"","invites":"","realisateurs":"","acteurs":"","url_site":"","mandat_debut":"","mandat_nb":"0","OAS_sitepage":"","connexes":[],"url_video":"","mandat_duree":""},{"id_diffusion":"101642473","code_programme":"jt_1213","id_programme":"362","titre":"12\/13 : Journal national","sous_titre":"","accroche":"L'\u00e9dition nationale du JT 12\/13 de France 3.","url_image_racine":"\/staticftv\/ref_emissions\/2014-06-02\/COL_298541_csa1","extension_image":"jpg","datemodif_image":"1401688322","chaine":"france3","date":"2014-06-02","heure":"12:25","duree":"30","csa_code":"TP","csa_nom_long":"Tous publics","rubrique":"Info","genre_simplifie":"Journal","production":"France 3","nationalite":"","presentateurs":"Samuel Etienne","invites":"","realisateurs":"","acteurs":"","url_site":"http:\/\/jt.france3.fr\/1213\/","mandat_debut":"0","mandat_nb":"toutes","OAS_sitepage":"france3\/info\/1213journalnational","connexes":[],"url_video":"","mandat_duree":""},{"id_diffusion":"103229344","code_programme":"meteo_a_la_carte","id_programme":"11637","titre":"M\u00e9t\u00e9o \u00e0 la carte","sous_titre":"","accroche":"Reportages en r\u00e9gions et rubriques en plateau permettent de mieux comprendre l'impact de la m\u00e9t\u00e9o sur la sant\u00e9, la nature, l'histoire et la vie de tous les jours.","url_image_racine":"\/staticftv\/ref_emissions\/2014-06-02\/COL_477217_csa1","extension_image":"jpg","datemodif_image":"1401688322","chaine":"france3","date":"2014-06-02","heure":"12:55","duree":"55","csa_code":"TP","csa_nom_long":"Tous publics","rubrique":"Magazine","genre_simplifie":"Magazine de d\u00e9couvertes","production":"","nationalite":"","presentateurs":"Marine Vignes, Laurent Romejko","invites":"","realisateurs":"","acteurs":"","url_site":"http:\/\/www.france3.fr\/emissions\/meteo-a-la-carte","mandat_debut":"0","mandat_nb":"toutes","OAS_sitepage":"france3\/magazine\/meteoalacarte","connexes":[],"url_video":"","mandat_duree":""},{"id_diffusion":"103229345","code_programme":"","id_programme":"","titre":"Un cas pour deux","sous_titre":"Noir, impair et meurt","accroche":"Marion Schultheiss a suivi les conseils de ma\u00eetre Franck et obtenu des patrons des salles de jeu qu'ils n'y laissent plus entrer son mari. Celui-ci y d\u00e9pensait, en effet, tout l'argent du m\u00e9nage. Le jour m\u00eame o\u00f9 il s'est vu interdire l'acc\u00e8s d'un casino, Gerd Schultheiss a pris le large, sans laisser d'adresse. Inqui\u00e8te, Marion a cherch\u00e9 \u00e0 joindre sa fille Lissy et constat\u00e9 qu'elle aussi avait disparu. D\u00e9sesp\u00e9r\u00e9e, Marion se tourne \u00e0 nouveau vers ma\u00eetre Franck. Les premi\u00e8res recherches de Matula indiquent que Gerd n\u00e9gligeait totalement son commerce de spiritueux depuis d\u00e9j\u00e0 plusieurs semaines...","url_image_racine":"","extension_image":"","datemodif_image":"","chaine":"france3","date":"2014-06-02","heure":"13:50","duree":"65","csa_code":"TP","csa_nom_long":"Tous publics","rubrique":"","genre_simplifie":"S\u00e9rie","production":"","nationalite":"allemande","presentateurs":"","invites":"","realisateurs":"Michael Meyer","acteurs":"Rainer Hunold, Claus Theo G\u00e4rtner, Iris Werlin, Nele Mueller-St\u00f6fen, Hans Peter Korff, Christiane Kr\u00fcger, Maximilian Wigger, Renate Kohn","url_site":"","mandat_debut":"","mandat_nb":"0","OAS_sitepage":"","connexes":[],"url_video":"","mandat_duree":""},{"id_diffusion":"103229346","code_programme":"","id_programme":"","titre":"Un cas pour deux","sous_titre":"Corruption","accroche":"Klaus Beckmann n'est pas rentr\u00e9 chez lui depuis la veille au soir. Un d\u00e9tail pour la police, qui refuse de s'en occuper, mais une forte source d'inqui\u00e9tude pour son \u00e9pouse, Sylvia, qui se tourne alors vers ma\u00eetre Franck. L'avocat n'a-t-il pas repr\u00e9sent\u00e9 le disparu lors du proc\u00e8s que lui avait valu son livre sur les enfants toxicomanes ? Lorsqu'il apprend que l'\u00e9crivain s'occupait du blanchiment de l'argent provenant d'un trafic de drogue et qu'il n'est pas revenu d'un rendez-vous avec un informateur, ma\u00eetre Franck demande \u00e0 Matula de prendre l'affaire en main...","url_image_racine":"","extension_image":"","datemodif_image":"","chaine":"france3","date":"2014-06-02","heure":"14:55","duree":"75","csa_code":"TP","csa_nom_long":"Tous publics","rubrique":"","genre_simplifie":"S\u00e9rie","production":"","nationalite":"allemande","presentateurs":"","invites":"","realisateurs":"Gabriela Zerhau","acteurs":"Udo Samel, Rainer Hunold, Claus Theo G\u00e4rtner, Annette Uhlen, Walter Kreye, Ulrike Kriener, Renate Kohn, Sabine Wegner","url_site":"","mandat_debut":"","mandat_nb":"0","OAS_sitepage":"","connexes":[],"url_video":"","mandat_duree":""},{"id_diffusion":"103229347","code_programme":"des_chiffres_et_des_lettres","id_programme":"1482","titre":"Des chiffres et des lettres","sous_titre":"","accroche":"Calcul mental et ma\u00eetrise de l'orthographe sont les ma\u00eetres mots de ce c\u00e9l\u00e8bre jeu.","url_image_racine":"\/staticftv\/ref_emissions\/2014-06-02\/COL_383406_csa1","extension_image":"jpg","datemodif_image":"1401688323","chaine":"france3","date":"2014-06-02","heure":"16:10","duree":"40","csa_code":"TP","csa_nom_long":"Tous publics","rubrique":"Jeu","genre_simplifie":"Jeu","production":"","nationalite":"","presentateurs":"Bertrand Renard, Laurent Romejko, Arielle Boulin-Prat","invites":"","realisateurs":"","acteurs":"","url_site":"http:\/\/www.france3.fr\/emissions\/des-chiffres-et-des-lettres","mandat_debut":"0","mandat_nb":"toutes","OAS_sitepage":"france3\/jeu\/deschiffresetdeslettres","connexes":[],"url_video":"","mandat_duree":""},{"id_diffusion":"103229348","code_programme":"harry","id_programme":"12389","titre":"Harry","sous_titre":"","accroche":"Quatre candidats s'affrontent au cours de diff\u00e9rents jeux de lettres qui consistent \u00e0 remettre dans l'ordre des mots d\u00e9coup\u00e9s en une s\u00e9rie d'anneaux qui se d\u00e9placent sur l'\u00e9cran. Au terme de deux manches et d'une demi-finale, un seul participant acc\u00e8de \u00e0 la finale.","url_image_racine":"\/staticftv\/ref_emissions\/2014-06-02\/COL_457055_csa1","extension_image":"jpg","datemodif_image":"1401688323","chaine":"france3","date":"2014-06-02","heure":"16:50","duree":"30","csa_code":"TP","csa_nom_long":"Tous publics","rubrique":"Jeu","genre_simplifie":"Jeu","production":"","nationalite":"","presentateurs":"S\u00e9bastien Folin","invites":"","realisateurs":"","acteurs":"","url_site":"http:\/\/www.france3.fr\/emissions\/harry\/","mandat_debut":"0","mandat_nb":"toutes","OAS_sitepage":"france3\/jeu\/harry","connexes":[],"url_video":"","mandat_duree":""},{"id_diffusion":"103229349","code_programme":"un_livre_un_jour","id_programme":"380","titre":"Un livre, un jour","sous_titre":"\u00abUn amour \u00e0 l'aube\u00bb, d'Elisabeth Barill\u00e9 (Grasset)","accroche":"Olivier Barrot pr\u00e9sente un ouvrage r\u00e9cemment paru en librairie.","url_image_racine":"\/staticftv\/ref_emissions\/2014-06-02\/COL_366307_csa1","extension_image":"jpg","datemodif_image":"1401688323","chaine":"france3","date":"2014-06-02","heure":"17:20","duree":"10","csa_code":"TP","csa_nom_long":"Tous publics","rubrique":"Culture","genre_simplifie":"Magazine culturel","production":"France 3","nationalite":"","presentateurs":"Olivier Barrot","invites":"","realisateurs":"","acteurs":"","url_site":"http:\/\/programmes.france3.fr\/livres\/un-livre-un-jour\/","mandat_debut":"0","mandat_nb":"toutes","OAS_sitepage":"france3\/culture\/unlivreunjour","connexes":[],"url_video":"","mandat_duree":""},{"id_diffusion":"103229350","code_programme":"slam","id_programme":"1101","titre":"Slam","sous_titre":"","accroche":"Trois candidats s'affrontent sur des grilles de mots fl\u00e9ch\u00e9s qu'ils tentent de remplir en trouvant les r\u00e9ponses aux d\u00e9finitions propos\u00e9es. Mais pour avoir acc\u00e8s aux d\u00e9finitions, les candidats doivent d'abord r\u00e9pondre \u00e0 des questions qui ont une caract\u00e9ristique bien particuli\u00e8re : la r\u00e9ponse est toujours une lettre.","url_image_racine":"\/staticftv\/ref_emissions\/2014-06-02\/COL_405840_csa1","extension_image":"jpg","datemodif_image":"1401688323","chaine":"france3","date":"2014-06-02","heure":"17:30","duree":"40","csa_code":"TP","csa_nom_long":"Tous publics","rubrique":"Jeu","genre_simplifie":"Jeu","production":"Effervescence","nationalite":"","presentateurs":"Cyril F\u00e9raud","invites":"","realisateurs":"","acteurs":"","url_site":"http:\/\/www.france3.fr\/emissions\/slam","mandat_debut":"0","mandat_nb":"toutes","OAS_sitepage":"france3\/jeu\/slam","connexes":[],"url_video":"","mandat_duree":""},{"id_diffusion":"103229351","code_programme":"questions_pour_un_champion","id_programme":"376","titre":"Questions pour un champion","sous_titre":"","accroche":"Les \u00abneuf points gagnants\u00bb, le \u00abquatre \u00e0 la suite\u00bb, le \u00abface-\u00e0-face\u00bb et la d\u00e9contraction de Julien Lepers : c'est la recette de \u00abQuestions pour un champion\u00bb.","url_image_racine":"\/staticftv\/ref_emissions\/2014-06-02\/COL_382965_csa1","extension_image":"jpg","datemodif_image":"1401688323","chaine":"france3","date":"2014-06-02","heure":"18:10","duree":"50","csa_code":"TP","csa_nom_long":"Tous publics","rubrique":"Jeu","genre_simplifie":"Jeu","production":"","nationalite":"","presentateurs":"Julien Lepers","invites":"","realisateurs":"","acteurs":"","url_site":"http:\/\/questions-pour-un-champion.france3.fr\/emission\/","mandat_debut":"0","mandat_nb":"toutes","OAS_sitepage":"france3\/jeu\/questionspourunchampion","connexes":[],"url_video":"","mandat_duree":""},{"id_diffusion":"101642474","code_programme":"","id_programme":"","titre":"19\/20 : Journal r\u00e9gional","sous_titre":"","accroche":"","url_image_racine":"\/staticftv\/ref_emissions\/2014-06-02\/COL_455698_csa1","extension_image":"jpg","datemodif_image":"1401688323","chaine":"france3","date":"2014-06-02","heure":"19:00","duree":"18","csa_code":"TP","csa_nom_long":"Tous publics","rubrique":"","genre_simplifie":"Journal","production":"","nationalite":"","presentateurs":"","invites":"","realisateurs":"","acteurs":"","url_site":"","mandat_debut":"","mandat_nb":"0","OAS_sitepage":"","connexes":[],"url_video":"","mandat_duree":""},{"id_diffusion":"101642475","code_programme":"","id_programme":"","titre":"19\/20 : Edition locale","sous_titre":"","accroche":"","url_image_racine":"\/staticftv\/ref_emissions\/2014-06-02\/COL_455698_csa1","extension_image":"jpg","datemodif_image":"1401688323","chaine":"france3","date":"2014-06-02","heure":"19:18","duree":"12","csa_code":"TP","csa_nom_long":"Tous publics","rubrique":"","genre_simplifie":"Journal","production":"","nationalite":"","presentateurs":"","invites":"","realisateurs":"","acteurs":"","url_site":"","mandat_debut":"","mandat_nb":"0","OAS_sitepage":"","connexes":[],"url_video":"","mandat_duree":""},{"id_diffusion":"101642476","code_programme":"jt_1920","id_programme":"343","titre":"19\/20 : Journal national","sous_titre":"","accroche":"L'\u00e9dition nationale du JT 19\/20.","url_image_racine":"\/staticftv\/ref_emissions\/2014-06-02\/COL_468313_csa1","extension_image":"jpg","datemodif_image":"1401688323","chaine":"france3","date":"2014-06-02","heure":"19:30","duree":"28","csa_code":"TP","csa_nom_long":"Tous publics","rubrique":"Info","genre_simplifie":"Journal","production":"France 3","nationalite":"","presentateurs":"Carole Gaessler","invites":"","realisateurs":"","acteurs":"","url_site":"http:\/\/www.francetvinfo.fr\/replay-jt\/france-3\/19-20\/","mandat_debut":"0","mandat_nb":"toutes","OAS_sitepage":"france3\/info\/1920journalnational","connexes":[],"url_video":"","mandat_duree":""},{"id_diffusion":"103229352","code_programme":"meteo_jt_1920","id_programme":"344","titre":"M\u00e9t\u00e9o","sous_titre":"","accroche":"Bulletin m\u00e9t\u00e9o et pr\u00e9visions.","url_image_racine":"\/staticftv\/catchup\/img\/3\/3\/344_1389025537_csa1","extension_image":"jpg","datemodif_image":"1389025537","chaine":"france3","date":"2014-06-02","heure":"19:58","duree":"2","csa_code":"TP","csa_nom_long":"Tous publics","rubrique":"Info","genre_simplifie":"M\u00e9t\u00e9o","production":"France 3","nationalite":"","presentateurs":"","invites":"","realisateurs":"","acteurs":"","url_site":"http:\/\/meteo.france3.fr\/","mandat_debut":"0","mandat_nb":"toutes","OAS_sitepage":"france3\/info\/meteo","connexes":[],"url_video":"","mandat_duree":""},{"id_diffusion":"103229353","code_programme":"tout_le_sport","id_programme":"12217","titre":"Tout le sport","sous_titre":"","accroche":"L'actualit\u00e9 sportive quotidienne.","url_image_racine":"\/staticftv\/ref_emissions\/2014-06-02\/COL_409332_csa1","extension_image":"jpg","datemodif_image":"1401688323","chaine":"france3","date":"2014-06-02","heure":"20:00","duree":"5","csa_code":"TP","csa_nom_long":"Tous publics","rubrique":"Sport","genre_simplifie":"Magazine sportif","production":"","nationalite":"","presentateurs":"","invites":"","realisateurs":"","acteurs":"","url_site":"http:\/\/www.francetvsport.fr\/tout-le-sport\/","mandat_debut":"0","mandat_nb":"toutes","OAS_sitepage":"france3\/sport\/toutlesport","connexes":[],"url_video":"","mandat_duree":""},{"id_diffusion":"103229354","code_programme":"le_journal_de_roland_garros","id_programme":"16789","titre":"Le journal de Roland-Garros","sous_titre":"","accroche":"Le journal de Roland Garros","url_image_racine":"\/staticftv\/ref_emissions\/2014-06-02\/COL_200266_csa1","extension_image":"jpg","datemodif_image":"1401688323","chaine":"france3","date":"2014-06-02","heure":"20:05","duree":"10","csa_code":"TP","csa_nom_long":"Tous publics","rubrique":"Sport","genre_simplifie":"Magazine sportif","production":"","nationalite":"","presentateurs":"Laurent Luyat","invites":"","realisateurs":"","acteurs":"","url_site":"","mandat_debut":"0","mandat_nb":"toutes","OAS_sitepage":"france3\/sport\/lejournalderolandgarros","connexes":[],"url_video":"","mandat_duree":""},{"id_diffusion":"103229355","code_programme":"plus_belle_la_vie","id_programme":"11","titre":"Plus belle la vie","sous_titre":"","accroche":"Jonas part en voyage en Alg\u00e9rie, tandis que Mirta se voit accus\u00e9e d'un crime qu'elle n'a pas commis. Quant \u00e0 C\u00e9line, elle se retrouve dans l'embarras \u00e0 cause d'un ch\u00e9quier vol\u00e9...","url_image_racine":"\/staticftv\/ref_emissions\/2014-06-02\/COL_388983_csa1","extension_image":"jpg","datemodif_image":"1401688323","chaine":"france3","date":"2014-06-02","heure":"20:15","duree":"25","csa_code":"TP","csa_nom_long":"Tous publics","rubrique":"S\u00e9rie & Fiction","genre_simplifie":"S\u00e9rie","production":"Telfrance s\u00e9rie \/ Rendez-Vous Productions S\u00e9ries avec la participation de France 3","nationalite":"fran\u00e7ais","presentateurs":"","invites":"","realisateurs":"Michel Hassan","acteurs":"Sylvie Flepp, Virgile Bayle, Rebecca Hampton, Laurent Kerusor\u00e9, St\u00e9phane Henon, Flavie P\u00e9an, Joakim Latzko, Geoffrey Piet","url_site":"http:\/\/www.france3.fr\/emissions\/plus-belle-la-vie","mandat_debut":"0","mandat_nb":"toutes","OAS_sitepage":"france3\/seriefiction\/plusbellelavie","connexes":[],"url_video":"","mandat_duree":""},{"id_diffusion":"102900450","code_programme":"beau_travail_f3","id_programme":"16405","titre":"Beau travail","sous_titre":"","accroche":"Beau Travail ","url_image_racine":"\/staticftv\/programmes\/16405_1396961898_csa1","extension_image":"jpg","datemodif_image":"1396961898","chaine":"france3","date":"2014-06-02","heure":"20:40","duree":"5","csa_code":"TP","csa_nom_long":"Tous publics","rubrique":"Magazine","genre_simplifie":"Magazine de services","production":"","nationalite":"","presentateurs":"","invites":"","realisateurs":"","acteurs":"","url_site":"","mandat_debut":"0","mandat_nb":"toutes","OAS_sitepage":"france3\/magazine\/beautravail","connexes":[],"url_video":"","mandat_duree":""},{"id_diffusion":"103229356","code_programme":"histoire_immediate","id_programme":"7992","titre":"Qui veut la peau de Bernard Tapie ?","sous_titre":"","accroche":"Au d\u00e9but des ann\u00e9es 80, Bernard Tapie, hommes d'affaires ambitieux, investit sa toute fra\u00eeche notori\u00e9t\u00e9 en politique. C'est en tant que jeune candidat aux l\u00e9gislatives qu'il affronte Jean-Marie Le Pen \u00e0 Marseille. Il est bient\u00f4t nomm\u00e9 ministre puis se tourne vers le football, devenant patron de l'OM. Puis les scandales politiques et financiers \u00e9clatent, les mises en examen s'encha\u00eenent jusqu'\u00e0 sa condamnation \u00e0 une peine de prison. Son parcours continue de passionner les Fran\u00e7ais. Proches et adversaires, hommes politiques ou partenaires d'affaires, confient les secrets de ce personnage haut en couleur.","url_image_racine":"\/staticftv\/ref_emissions\/2014-06-02\/EMI_505808_csa1","extension_image":"jpg","datemodif_image":"1401688323","chaine":"france3","date":"2014-06-02","heure":"20:45","duree":"100","csa_code":"TP","csa_nom_long":"Tous publics","rubrique":"Documentaire","genre_simplifie":"Documentaire de soci\u00e9t\u00e9","production":"","nationalite":"fran\u00e7ais","presentateurs":"","invites":"","realisateurs":"Jean-Charles Doria","acteurs":"","url_site":"http:\/\/www.france3.fr\/emissions\/documentaires\/histoire-immediate","mandat_debut":"0","mandat_nb":"toutes","OAS_sitepage":"france3\/documentaire\/quiveutlapeaudebernardtapie","connexes":[],"url_video":"","mandat_duree":""},{"id_diffusion":"103229357","code_programme":"histoire_immediate","id_programme":"7992","titre":"J\u00e9r\u00f4me Cahuzac","sous_titre":"L'homme qui ne savait pas mentir","accroche":"L'affaire Cahuzac a \u00e9t\u00e9 le feuilleton politique de la fin de l'ann\u00e9e 2012. R\u00e9v\u00e9l\u00e9 par M\u00e9diapart, l'existence d'un compte secret en Suisse du ministre a fini par d\u00e9clencher une information judiciaire. Par quel aveuglement J\u00e9r\u00f4me Cahuzac, suppos\u00e9 si clairvoyant, a-t-il pu oublier pendant des ann\u00e9es l'\u00e9p\u00e9e de Damocl\u00e8s suspendue au dessus de sa t\u00eate ? Et une fois r\u00e9v\u00e9l\u00e9e l'existence de son compte, comment a-t-il pu avoir la na\u00efvet\u00e9 de croire que ses mensonges suffiraient \u00e0 le prot\u00e9ger ? G\u00e9rard Miller et Ana\u00efs Feuillette ont cherch\u00e9 \u00e0 comprendre la logique qui a men\u00e9 le ministre au coeur d'un cataclysme in\u00e9dit dans la vie politique fran\u00e7aise.","url_image_racine":"\/staticftv\/ref_emissions\/2014-06-02\/EMI_506077_csa1","extension_image":"jpg","datemodif_image":"1401688324","chaine":"france3","date":"2014-06-02","heure":"22:25","duree":"53","csa_code":"TP","csa_nom_long":"Tous publics","rubrique":"Documentaire","genre_simplifie":"Documentaire de soci\u00e9t\u00e9","production":"","nationalite":"","presentateurs":"","invites":"","realisateurs":"G\u00e9rard Miller, Ana\u00efs Feuillette","acteurs":"","url_site":"http:\/\/www.france3.fr\/emissions\/documentaires\/histoire-immediate","mandat_debut":"0","mandat_nb":"toutes","OAS_sitepage":"france3\/documentaire\/jeromecahuzac","connexes":[],"url_video":"","mandat_duree":""},{"id_diffusion":"101642478","code_programme":"parlons_passion_f3","id_programme":"13253","titre":"Parlons passion","sous_titre":"","accroche":"\u00ab Parlons Passion \u00bb, des acteurs du monde de l'\u00e9ducation \u00e9voquent leur m\u00e9tier.","url_image_racine":"\/staticftv\/programmes\/13253_1361548072_csa1","extension_image":"jpg","datemodif_image":"1389607267","chaine":"france3","date":"2014-06-02","heure":"23:18","duree":"2","csa_code":"TP","csa_nom_long":"Tous publics","rubrique":"Magazine","genre_simplifie":"Magazine culturel","production":"","nationalite":"","presentateurs":"","invites":"","realisateurs":"","acteurs":"","url_site":"","mandat_debut":"0","mandat_nb":"toutes","OAS_sitepage":"france3\/magazine\/parlonspassion","connexes":[],"url_video":"","mandat_duree":""},{"id_diffusion":"101642479","code_programme":"grand_soir_3","id_programme":"13413","titre":"Soir 3","sous_titre":"","accroche":"Port\u00e9 par les journalistes Patricia Loison et Louis Laforge, il est le seul rendez-vous \u00e0 proposer chaque soir : une heure d\u0092informations in\u00e9dites avec un journal complet de 20 \u00e0 25 minutes, un d\u00e9bat en direct, un rappel de l\u0092essentiel de l\u0092actualit\u00e9 r\u00e9gionale et europ\u00e9enne.","url_image_racine":"\/staticftv\/ref_emissions\/2014-06-02\/COL_383385_csa1","extension_image":"jpg","datemodif_image":"1401688324","chaine":"france3","date":"2014-06-02","heure":"23:20","duree":"35","csa_code":"TP","csa_nom_long":"Tous publics","rubrique":"Info","genre_simplifie":"Journal","production":"","nationalite":"","presentateurs":"Louis Laforge, Patricia Loison","invites":"","realisateurs":"","acteurs":"","url_site":"","mandat_debut":"0","mandat_nb":"toutes","OAS_sitepage":"france3\/info\/soir3","connexes":[],"url_video":"","mandat_duree":""},{"id_diffusion":"103229358","code_programme":"","id_programme":"","titre":"M\u00e9t\u00e9o","sous_titre":"","accroche":"","url_image_racine":"","extension_image":"","datemodif_image":"","chaine":"france3","date":"2014-06-02","heure":"23:55","duree":"5","csa_code":"TP","csa_nom_long":"Tous publics","rubrique":"","genre_simplifie":"M\u00e9t\u00e9o","production":"","nationalite":"","presentateurs":"","invites":"","realisateurs":"","acteurs":"","url_site":"","mandat_debut":"","mandat_nb":"0","OAS_sitepage":"","connexes":[],"url_video":"","mandat_duree":""},{"id_diffusion":"103229359","code_programme":"les_auditeurs_du_soir","id_programme":"16843","titre":"Les auditeurs du soir","sous_titre":"","accroche":"Chaque ann\u00e9e, des hommes et des femmes de tous \u00e2ges et toutes origines suivent des cours du soir au Lyc\u00e9e Municipal de la Ville de Paris pour passer leur Bac.","url_image_racine":"\/staticftv\/ref_emissions\/2014-06-02\/EMI_506302_csa1","extension_image":"jpg","datemodif_image":"1401688324","chaine":"france3","date":"2014-06-03","heure":"00:00","duree":"55","csa_code":"TP","csa_nom_long":"Tous publics","rubrique":"Documentaire","genre_simplifie":"Documentaire de soci\u00e9t\u00e9","production":"","nationalite":"fran\u00e7ais","presentateurs":"","invites":"","realisateurs":"J\u00e9r\u00f4me Cassou","acteurs":"","url_site":"","mandat_debut":"0","mandat_nb":"toutes","OAS_sitepage":"france3\/documentaire\/lesauditeursdusoir","connexes":[],"url_video":"","mandat_duree":""},{"id_diffusion":"103229360","code_programme":"","id_programme":"","titre":"Midi en France","sous_titre":"A Sainte-M\u00e8re-Eglise","accroche":"Chaque semaine, Laurent Boyer et son \u00e9quipe d\u00e9couvrent une ville diff\u00e9rente et d\u00e9voilent les richesses artistiques, culinaires, patrimoniales ou historiques des r\u00e9gions de France.","url_image_racine":"\/staticftv\/ref_emissions\/2014-06-02\/COL_502192_csa1","extension_image":"jpg","datemodif_image":"1401688324","chaine":"france3","date":"2014-06-03","heure":"00:55","duree":"55","csa_code":"TP","csa_nom_long":"Tous publics","rubrique":"","genre_simplifie":"Magazine de soci\u00e9t\u00e9","production":"","nationalite":"","presentateurs":"Laurent Boyer","invites":"","realisateurs":"","acteurs":"","url_site":"","mandat_debut":"","mandat_nb":"0","OAS_sitepage":"","connexes":[],"url_video":"","mandat_duree":""},{"id_diffusion":"103229361","code_programme":"","id_programme":"","titre":"Plus belle la vie","sous_titre":"","accroche":"Douala doit faire face \u00e0 une personne particuli\u00e8rement coriace. De son c\u00f4t\u00e9, C\u00e9line pose des questions g\u00eanantes. Quant \u00e0 Jonas, sera-t-il r\u00e9compens\u00e9 de ses efforts ?...","url_image_racine":"\/staticftv\/ref_emissions\/2014-06-02\/COL_388983_csa1","extension_image":"jpg","datemodif_image":"1401688324","chaine":"france3","date":"2014-06-03","heure":"01:50","duree":"25","csa_code":"TP","csa_nom_long":"Tous publics","rubrique":"","genre_simplifie":"S\u00e9rie","production":"","nationalite":"fran\u00e7ais","presentateurs":"","invites":"","realisateurs":"Michel Hassan","acteurs":"Virgile Bayle, Rebecca Hampton, Rachid Hafassa, Nad\u00e8ge Beausson-Diagne, Laurent Kerusor\u00e9, St\u00e9phane Henon, Flavie P\u00e9an, Geoffrey Piet","url_site":"","mandat_debut":"","mandat_nb":"0","OAS_sitepage":"","connexes":[],"url_video":"","mandat_duree":""},{"id_diffusion":"103229362","code_programme":"","id_programme":"","titre":"Un livre, un jour","sous_titre":"\u00abUn amour \u00e0 l'aube\u00bb, d'Elisabeth Barill\u00e9 (Grasset)","accroche":"Olivier Barrot pr\u00e9sente un ouvrage r\u00e9cemment paru en librairie.","url_image_racine":"\/staticftv\/ref_emissions\/2014-06-02\/COL_366307_csa1","extension_image":"jpg","datemodif_image":"1401688324","chaine":"france3","date":"2014-06-03","heure":"02:15","duree":"5","csa_code":"TP","csa_nom_long":"Tous publics","rubrique":"","genre_simplifie":"Magazine culturel","production":"","nationalite":"","presentateurs":"Olivier Barrot","invites":"","realisateurs":"","acteurs":"","url_site":"","mandat_debut":"","mandat_nb":"0","OAS_sitepage":"","connexes":[],"url_video":"","mandat_duree":""},{"id_diffusion":"103229363","code_programme":"","id_programme":"","titre":"Jour de brocante","sous_titre":"","accroche":"Un brocanteur bordelais pr\u00e9sente vases, assiettes et objets de d\u00e9coration. La c\u00e9l\u00e9bration du centenaire de la guerre 14-18 est aussi l'occasion de chiner des costumes d'\u00e9poque, mais aussi tous les objets fabriqu\u00e9s par les soldats des tranch\u00e9es.","url_image_racine":"\/staticftv\/ref_emissions\/2014-06-02\/COL_502473_csa1","extension_image":"jpg","datemodif_image":"1401688324","chaine":"france3","date":"2014-06-03","heure":"02:20","duree":"70","csa_code":"TP","csa_nom_long":"Tous publics","rubrique":"","genre_simplifie":"Magazine de l'art de vivre","production":"","nationalite":"","presentateurs":"Eglantine Em\u00e9y\u00e9","invites":"","realisateurs":"","acteurs":"","url_site":"","mandat_debut":"","mandat_nb":"0","OAS_sitepage":"","connexes":[],"url_video":"","mandat_duree":""},{"id_diffusion":"103229364","code_programme":"","id_programme":"","titre":"30 millions d'amis","sous_titre":"","accroche":"A travers des enqu\u00eates li\u00e9es \u00e0 l'actualit\u00e9, des reportages et des t\u00e9moignages, le magazine explore les relations qui unissent l'homme \u00e0 l'animal.","url_image_racine":"\/staticftv\/ref_emissions\/2014-06-02\/COL_259988_csa1","extension_image":"jpg","datemodif_image":"1401688324","chaine":"france3","date":"2014-06-03","heure":"03:30","duree":"45","csa_code":"TP","csa_nom_long":"Tous publics","rubrique":"","genre_simplifie":"Magazine de la nature","production":"","nationalite":"","presentateurs":"R\u00e9ha Kutlu-Hutin","invites":"","realisateurs":"","acteurs":"","url_site":"","mandat_debut":"","mandat_nb":"0","OAS_sitepage":"","connexes":[],"url_video":"","mandat_duree":""},{"id_diffusion":"103654442","code_programme":"","id_programme":"","titre":"Avenue de l'Europe","sous_titre":"","accroche":"Michaela Wiegel, correspondante politique du \u00abFrankfurter Allgemeine Zeitung\u00bb, \u00e9voque l'actualit\u00e9 europ\u00e9enne en compagnie de V\u00e9ronique Auger.","url_image_racine":"\/staticftv\/ref_emissions\/2014-06-02\/COL_370603_csa1","extension_image":"jpg","datemodif_image":"1401688324","chaine":"france3","date":"2014-06-03","heure":"04:15","duree":"15","csa_code":"TP","csa_nom_long":"Tous publics","rubrique":"","genre_simplifie":"Magazine d'information","production":"","nationalite":"","presentateurs":"V\u00e9ronique Auger","invites":"Michaela Wiegel","realisateurs":"","acteurs":"","url_site":"","mandat_debut":"","mandat_nb":"0","OAS_sitepage":"","connexes":[],"url_video":"","mandat_duree":""},{"id_diffusion":"103229365","code_programme":"","id_programme":"","titre":"Les matinales","sous_titre":"","accroche":"Un programme de musique classique pour commencer la journ\u00e9e en douceur.","url_image_racine":"","extension_image":"","datemodif_image":"","chaine":"france3","date":"2014-06-03","heure":"04:30","duree":"25","csa_code":"TP","csa_nom_long":"Tous publics","rubrique":"","genre_simplifie":"Magazine culturel","production":"","nationalite":"","presentateurs":"","invites":"","realisateurs":"","acteurs":"","url_site":"","mandat_debut":"","mandat_nb":"0","OAS_sitepage":"","connexes":[],"url_video":"","mandat_duree":""},{"id_diffusion":"103229366","code_programme":"","id_programme":"","titre":"Questions pour un champion","sous_titre":"","accroche":"Les \u00abneuf points gagnants\u00bb, le \u00abquatre \u00e0 la suite\u00bb, le \u00abface-\u00e0-face\u00bb et la d\u00e9contraction de Julien Lepers : c'est la recette de \u00abQuestions pour un champion\u00bb.","url_image_racine":"\/staticftv\/ref_emissions\/2014-06-02\/COL_382965_csa1","extension_image":"jpg","datemodif_image":"1401688324","chaine":"france3","date":"2014-06-03","heure":"04:55","duree":"40","csa_code":"TP","csa_nom_long":"Tous publics","rubrique":"","genre_simplifie":"Jeu","production":"","nationalite":"","presentateurs":"Julien Lepers","invites":"","realisateurs":"","acteurs":"","url_site":"","mandat_debut":"","mandat_nb":"0","OAS_sitepage":"","connexes":[],"url_video":"","mandat_duree":""}]}