{"journee":{"date":"2014-06-02","nb_prog":59},"programmes":[{"id_diffusion":"104135903","code_programme":"","id_programme":"","titre":"Destination Brasil","sous_titre":"","accroche":"","url_image_racine":"","extension_image":"","datemodif_image":"","chaine":"la_1ere","date":"2014-06-02","heure":"05:46","duree":"1","csa_code":"TP","csa_nom_long":"Tous publics","rubrique":"","genre_simplifie":"Documentaire","production":"","nationalite":"","presentateurs":"","invites":"","realisateurs":"","acteurs":"","url_site":"","mandat_debut":"","mandat_nb":"0","OAS_sitepage":"","connexes":[],"url_video":"","mandat_duree":""},{"id_diffusion":"104135904","code_programme":"","id_programme":"","titre":"La malle aux archives","sous_titre":"","accroche":"","url_image_racine":"","extension_image":"","datemodif_image":"","chaine":"la_1ere","date":"2014-06-02","heure":"05:47","duree":"3","csa_code":"TP","csa_nom_long":"Tous publics","rubrique":"","genre_simplifie":"Magazine d'information","production":"","nationalite":"","presentateurs":"","invites":"","realisateurs":"","acteurs":"","url_site":"","mandat_debut":"","mandat_nb":"0","OAS_sitepage":"","connexes":[],"url_video":"","mandat_duree":""},{"id_diffusion":"103495858","code_programme":"","id_programme":"","titre":"Journal du Pacifique","sous_titre":"","accroche":"","url_image_racine":"","extension_image":"","datemodif_image":"","chaine":"la_1ere","date":"2014-06-02","heure":"05:50","duree":"8","csa_code":"TP","csa_nom_long":"Tous publics","rubrique":"","genre_simplifie":"Journal","production":"","nationalite":"","presentateurs":"","invites":"","realisateurs":"","acteurs":"","url_site":"","mandat_debut":"","mandat_nb":"0","OAS_sitepage":"","connexes":[],"url_video":"","mandat_duree":""},{"id_diffusion":"103495859","code_programme":"","id_programme":"","titre":"Journal de 20h de France 2","sous_titre":"","accroche":"","url_image_racine":"","extension_image":"","datemodif_image":"","chaine":"la_1ere","date":"2014-06-02","heure":"05:58","duree":"42","csa_code":"TP","csa_nom_long":"Tous publics","rubrique":"","genre_simplifie":"Journal","production":"","nationalite":"","presentateurs":"","invites":"","realisateurs":"","acteurs":"","url_site":"","mandat_debut":"","mandat_nb":"0","OAS_sitepage":"","connexes":[],"url_video":"","mandat_duree":""},{"id_diffusion":"104135905","code_programme":"","id_programme":"","titre":"Anim ta vitamine","sous_titre":"","accroche":"","url_image_racine":"","extension_image":"","datemodif_image":"","chaine":"la_1ere","date":"2014-06-02","heure":"06:40","duree":"1","csa_code":"TP","csa_nom_long":"Tous publics","rubrique":"","genre_simplifie":"Court m\u00e9trage","production":"","nationalite":"","presentateurs":"","invites":"","realisateurs":"","acteurs":"","url_site":"","mandat_debut":"","mandat_nb":"0","OAS_sitepage":"","connexes":[],"url_video":"","mandat_duree":""},{"id_diffusion":"103495860","code_programme":"","id_programme":"","titre":"64 rue du zoo","sous_titre":"","accroche":"Les voisins de Lucie sont bien \u00e9tranges, et pour cause, ce sont les pensionnaires d'un parc zoologique. Chaque nuit, quand le gardien s'est assoupi, son amie la girafe sert de guide \u00e0 Lucie, lui fait rencontrer une nouvelle esp\u00e8ce d'animaux en lui d\u00e9voilant toutes leurs particularit\u00e9s.","url_image_racine":"\/staticftv\/ref_emissions\/2014-06-02\/COL_329073_csa1","extension_image":"jpg","datemodif_image":"1401688692","chaine":"la_1ere","date":"2014-06-02","heure":"06:41","duree":"12","csa_code":"TP","csa_nom_long":"Tous publics","rubrique":"","genre_simplifie":"Dessin anim\u00e9","production":"","nationalite":"fran\u00e7ais","presentateurs":"","invites":"","realisateurs":"","acteurs":"","url_site":"","mandat_debut":"","mandat_nb":"0","OAS_sitepage":"","connexes":[],"url_video":"","mandat_duree":""},{"id_diffusion":"103495861","code_programme":"","id_programme":"","titre":"Garfield & Cie","sous_titre":"Agent double","accroche":"Le docteur Puzzle a mis au point une nouvelle arme qui permet d'\u00e9changer les personnalit\u00e9s entre deux individus. Son auditoire, compos\u00e9 de scientifiques compl\u00e8tement fous, est enthousiaste. L'arme est test\u00e9e sur un crapaud et un agent secret et sur Nermal et Garfield...","url_image_racine":"\/staticftv\/ref_emissions\/2014-06-02\/EMI_258502_csa1","extension_image":"jpg","datemodif_image":"1401688692","chaine":"la_1ere","date":"2014-06-02","heure":"06:53","duree":"12","csa_code":"TP","csa_nom_long":"Tous publics","rubrique":"","genre_simplifie":"Dessin anim\u00e9","production":"","nationalite":"franco-am\u00e9ricain","presentateurs":"","invites":"","realisateurs":"","acteurs":"","url_site":"","mandat_debut":"","mandat_nb":"0","OAS_sitepage":"","connexes":[],"url_video":"","mandat_duree":""},{"id_diffusion":"103495862","code_programme":"","id_programme":"","titre":"Simsala Grimm","sous_titre":"","accroche":"Voyage au pays enchant\u00e9 des fr\u00e8res Grimm, en compagnie de Yoyo et Doc Croc, deux petits monstres amusants.","url_image_racine":"\/staticftv\/ref_emissions\/2014-06-02\/COL_261932_csa1","extension_image":"jpg","datemodif_image":"1401688692","chaine":"la_1ere","date":"2014-06-02","heure":"07:05","duree":"25","csa_code":"TP","csa_nom_long":"Tous publics","rubrique":"","genre_simplifie":"Dessin anim\u00e9","production":"","nationalite":"allemand","presentateurs":"","invites":"","realisateurs":"","acteurs":"","url_site":"","mandat_debut":"","mandat_nb":"0","OAS_sitepage":"","connexes":[],"url_video":"","mandat_duree":""},{"id_diffusion":"104135906","code_programme":"","id_programme":"","titre":"Angelo la d\u00e9brouille","sous_titre":"Zapper n'est pas jouer","accroche":"Angelo et ses amis souhaitent regarder un concert exceptionnel \u00e0 la t\u00e9l\u00e9vision, mais papa regarde un match de basket-ball. Ils mettent tout en oeuvre pour le d\u00e9loger du salon...","url_image_racine":"\/staticftv\/ref_emissions\/2014-06-02\/EMI_273864_csa1","extension_image":"jpg","datemodif_image":"1401688693","chaine":"la_1ere","date":"2014-06-02","heure":"07:30","duree":"7","csa_code":"TP","csa_nom_long":"Tous publics","rubrique":"","genre_simplifie":"S\u00e9rie d'animation","production":"","nationalite":"fran\u00e7aise","presentateurs":"","invites":"","realisateurs":"","acteurs":"","url_site":"","mandat_debut":"","mandat_nb":"0","OAS_sitepage":"","connexes":[],"url_video":"","mandat_duree":""},{"id_diffusion":"104135907","code_programme":"","id_programme":"","titre":"Angelo la d\u00e9brouille","sous_titre":"S'amuser sans jeux vid\u00e9o","accroche":"Angelo, un enfant imaginatif et optimiste de 11 ans, se d\u00e9brouille pour faire de son quotidien une partie de plaisir. Confront\u00e9 \u00e0 des probl\u00e8mes de son \u00e2ge, il a toujours des id\u00e9es farfelues pour s'en sortir.","url_image_racine":"\/staticftv\/ref_emissions\/2014-06-02\/COL_490452_csa1","extension_image":"jpg","datemodif_image":"1401688693","chaine":"la_1ere","date":"2014-06-02","heure":"07:37","duree":"1","csa_code":"TP","csa_nom_long":"Tous publics","rubrique":"","genre_simplifie":"S\u00e9rie d'animation","production":"","nationalite":"fran\u00e7aise","presentateurs":"","invites":"","realisateurs":"","acteurs":"","url_site":"","mandat_debut":"","mandat_nb":"0","OAS_sitepage":"","connexes":[],"url_video":"","mandat_duree":""},{"id_diffusion":"103495863","code_programme":"","id_programme":"","titre":"Kidchinette","sous_titre":"","accroche":"","url_image_racine":"","extension_image":"","datemodif_image":"","chaine":"la_1ere","date":"2014-06-02","heure":"07:38","duree":"6","csa_code":"TP","csa_nom_long":"Tous publics","rubrique":"","genre_simplifie":"Magazine jeunesse","production":"","nationalite":"","presentateurs":"","invites":"","realisateurs":"","acteurs":"","url_site":"","mandat_debut":"","mandat_nb":"0","OAS_sitepage":"","connexes":[],"url_video":"","mandat_duree":""},{"id_diffusion":"104135908","code_programme":"","id_programme":"","titre":"Motus","sous_titre":"","accroche":"Deux \u00e9quipes s'affrontent pour d\u00e9chiffrer des mots de six \u00e0 dix lettres.","url_image_racine":"","extension_image":"","datemodif_image":"","chaine":"la_1ere","date":"2014-06-02","heure":"07:44","duree":"26","csa_code":"TP","csa_nom_long":"Tous publics","rubrique":"","genre_simplifie":"Jeu","production":"","nationalite":"","presentateurs":"Thierry Beccaro","invites":"","realisateurs":"","acteurs":"","url_site":"","mandat_debut":"","mandat_nb":"0","OAS_sitepage":"","connexes":[],"url_video":"","mandat_duree":""},{"id_diffusion":"103495865","code_programme":"","id_programme":"","titre":"Sc\u00e8nes de m\u00e9nages","sous_titre":"","accroche":"Les conflits du quotidien de quatre couples d'\u00e2ges diff\u00e9rents, Emma et Fabien, Marion et C\u00e9dric, Liliane et Jos\u00e9 et Huguette et Raymond.","url_image_racine":"\/staticftv\/ref_emissions\/2014-06-02\/COL_473663_csa1","extension_image":"jpg","datemodif_image":"1401688693","chaine":"la_1ere","date":"2014-06-02","heure":"08:10","duree":"26","csa_code":"TP","csa_nom_long":"Tous publics","rubrique":"","genre_simplifie":"S\u00e9rie humoristique","production":"","nationalite":"fran\u00e7aise","presentateurs":"","invites":"","realisateurs":"Francis Duquet","acteurs":"Marion Game, G\u00e9rard Hernandez, Fr\u00e9d\u00e9ric Bouraly, Val\u00e9rie Karsenti, Loup-Denis Elion, Anne-Elisabeth Blateau, Audrey Lamy, David Mora","url_site":"","mandat_debut":"","mandat_nb":"0","OAS_sitepage":"","connexes":[],"url_video":"","mandat_duree":""},{"id_diffusion":"104135909","code_programme":"","id_programme":"","titre":"Destination Brasil","sous_titre":"","accroche":"","url_image_racine":"","extension_image":"","datemodif_image":"","chaine":"la_1ere","date":"2014-06-02","heure":"08:36","duree":"1","csa_code":"TP","csa_nom_long":"Tous publics","rubrique":"","genre_simplifie":"Documentaire","production":"","nationalite":"","presentateurs":"","invites":"","realisateurs":"","acteurs":"","url_site":"","mandat_debut":"","mandat_nb":"0","OAS_sitepage":"","connexes":[],"url_video":"","mandat_duree":""},{"id_diffusion":"103495866","code_programme":"","id_programme":"","titre":"Questions pour un champion","sous_titre":"","accroche":"Les \u00abneuf points gagnants\u00bb, le \u00abquatre \u00e0 la suite\u00bb, le \u00abface-\u00e0-face\u00bb et la d\u00e9contraction de Julien Lepers : c'est la recette de \u00abQuestions pour un champion\u00bb.","url_image_racine":"","extension_image":"","datemodif_image":"","chaine":"la_1ere","date":"2014-06-02","heure":"08:37","duree":"37","csa_code":"TP","csa_nom_long":"Tous publics","rubrique":"","genre_simplifie":"Jeu","production":"","nationalite":"","presentateurs":"Julien Lepers","invites":"","realisateurs":"","acteurs":"","url_site":"","mandat_debut":"","mandat_nb":"0","OAS_sitepage":"","connexes":[],"url_video":"","mandat_duree":""},{"id_diffusion":"103495867","code_programme":"","id_programme":"","titre":"Plus belle la vie","sous_titre":"","accroche":"La m\u00e9thode \u00abSharon Stone\u00bb montre ses limites. Thomas a du mal \u00e0 g\u00e9rer son humeur pendant qu'Elise d\u00e9couvre l'origine de ses probl\u00e8mes intestinaux...","url_image_racine":"\/staticftv\/ref_emissions\/2014-06-02\/COL_388983_csa1","extension_image":"jpg","datemodif_image":"1401688693","chaine":"la_1ere","date":"2014-06-02","heure":"09:14","duree":"27","csa_code":"TP","csa_nom_long":"Tous publics","rubrique":"","genre_simplifie":"S\u00e9rie","production":"","nationalite":"fran\u00e7ais","presentateurs":"","invites":"","realisateurs":"Michel Hassan","acteurs":"Virgile Bayle, Rebecca Hampton, Rachid Hafassa, Laurent Kerusor\u00e9, Flavie P\u00e9an, Joakim Latzko, Geoffrey Piet, Charlie Joirkin","url_site":"","mandat_debut":"","mandat_nb":"0","OAS_sitepage":"","connexes":[],"url_video":"","mandat_duree":""},{"id_diffusion":"103495868","code_programme":"","id_programme":"","titre":"Avenida Brasil","sous_titre":"","accroche":"Jorginho d\u00e9couvre la preuve que Carminia a bien organis\u00e9 son propre enl\u00e8vement. Max annonce \u00e0 Ivana que les affaires ont \u00e9t\u00e9 bonnes et qu'il s'est achet\u00e9 un bateau...","url_image_racine":"\/staticftv\/ref_emissions\/2014-06-02\/COL_485458_csa1","extension_image":"jpg","datemodif_image":"1401688693","chaine":"la_1ere","date":"2014-06-02","heure":"09:41","duree":"49","csa_code":"TP","csa_nom_long":"Tous publics","rubrique":"","genre_simplifie":"S\u00e9rie sentimentale","production":"","nationalite":"br\u00e9silien","presentateurs":"","invites":"","realisateurs":"","acteurs":"Adriana Esteves, Murilo Ben\u00edcio, Helo\u00edsa P\u00e9riss\u00e9, D\u00e9bora Falabella, Marcello Novaes, Eliane Glardini, Let\u00edcia Isnard","url_site":"","mandat_debut":"","mandat_nb":"0","OAS_sitepage":"","connexes":[],"url_video":"","mandat_duree":""},{"id_diffusion":"103994341","code_programme":"","id_programme":"","titre":"Tout le monde veut prendre sa place","sous_titre":"","accroche":"Six candidats affrontent un \u00abchampion\u00bb autour d'une s\u00e9rie de jeux. Celui ou celle qui parviendra \u00e0 le d\u00e9loger deviendra le nouveau champion.","url_image_racine":"\/staticftv\/ref_emissions\/2014-06-02\/COL_294950_csa1","extension_image":"jpg","datemodif_image":"1401688693","chaine":"la_1ere","date":"2014-06-02","heure":"10:30","duree":"46","csa_code":"TP","csa_nom_long":"Tous publics","rubrique":"","genre_simplifie":"Jeu","production":"","nationalite":"","presentateurs":" Nagui","invites":"","realisateurs":"","acteurs":"","url_site":"","mandat_debut":"","mandat_nb":"0","OAS_sitepage":"","connexes":[],"url_video":"","mandat_duree":""},{"id_diffusion":"103495870","code_programme":"","id_programme":"","titre":"Le triomphe de l'amour","sous_titre":"","accroche":"","url_image_racine":"","extension_image":"","datemodif_image":"","chaine":"la_1ere","date":"2014-06-02","heure":"11:16","duree":"44","csa_code":"TP","csa_nom_long":"Tous publics","rubrique":"","genre_simplifie":"S\u00e9rie sentimentale","production":"","nationalite":"mexicain","presentateurs":"","invites":"","realisateurs":"","acteurs":"C\u00e9sar Evora, Daniela Romo, Victoria Ruffo, Diego Olivera, William Levy, Maite Perroni, Osvaldo R\u00edos","url_site":"","mandat_debut":"","mandat_nb":"0","OAS_sitepage":"","connexes":[],"url_video":"","mandat_duree":""},{"id_diffusion":"103722958","code_programme":"","id_programme":"","titre":"Le 19h30","sous_titre":"","accroche":"","url_image_racine":"","extension_image":"","datemodif_image":"","chaine":"la_1ere","date":"2014-06-02","heure":"12:00","duree":"25","csa_code":"TP","csa_nom_long":"Tous publics","rubrique":"","genre_simplifie":"Journal","production":"","nationalite":"","presentateurs":"","invites":"","realisateurs":"","acteurs":"","url_site":"","mandat_debut":"","mandat_nb":"0","OAS_sitepage":"","connexes":[],"url_video":"","mandat_duree":""},{"id_diffusion":"103722959","code_programme":"","id_programme":"","titre":"Journal Polyn\u00e9sie","sous_titre":"","accroche":"","url_image_racine":"","extension_image":"","datemodif_image":"","chaine":"la_1ere","date":"2014-06-02","heure":"12:25","duree":"21","csa_code":"TP","csa_nom_long":"Tous publics","rubrique":"","genre_simplifie":"Journal","production":"","nationalite":"","presentateurs":"","invites":"","realisateurs":"","acteurs":"","url_site":"","mandat_debut":"","mandat_nb":"0","OAS_sitepage":"","connexes":[],"url_video":"","mandat_duree":""},{"id_diffusion":"104135910","code_programme":"","id_programme":"","titre":"Sc\u00e8nes de m\u00e9nages","sous_titre":"","accroche":"Les conflits du quotidien de quatre couples d'\u00e2ges diff\u00e9rents, Marion et C\u00e9dric, Liliane et Jos\u00e9, Huguette et Raymond et Emma et Fabien.","url_image_racine":"\/staticftv\/ref_emissions\/2014-06-02\/COL_473663_csa1","extension_image":"jpg","datemodif_image":"1401688693","chaine":"la_1ere","date":"2014-06-02","heure":"12:46","duree":"4","csa_code":"TP","csa_nom_long":"Tous publics","rubrique":"","genre_simplifie":"S\u00e9rie humoristique","production":"","nationalite":"fran\u00e7aise","presentateurs":"","invites":"","realisateurs":"Francis Duquet","acteurs":"Marion Game, G\u00e9rard Hernandez, Fr\u00e9d\u00e9ric Bouraly, Val\u00e9rie Karsenti, Loup-Denis Elion, Anne-Elisabeth Blateau, Audrey Lamy, David Mora","url_site":"","mandat_debut":"","mandat_nb":"0","OAS_sitepage":"","connexes":[],"url_video":"","mandat_duree":""},{"id_diffusion":"103722960","code_programme":"","id_programme":"","titre":"Destination Brasil","sous_titre":"","accroche":"","url_image_racine":"","extension_image":"","datemodif_image":"","chaine":"la_1ere","date":"2014-06-02","heure":"12:50","duree":"1","csa_code":"TP","csa_nom_long":"Tous publics","rubrique":"","genre_simplifie":"Documentaire","production":"","nationalite":"","presentateurs":"","invites":"","realisateurs":"","acteurs":"","url_site":"","mandat_debut":"","mandat_nb":"0","OAS_sitepage":"","connexes":[],"url_video":"","mandat_duree":""},{"id_diffusion":"103722961","code_programme":"","id_programme":"","titre":"Novelitas","sous_titre":"Antonio Banderas","accroche":"","url_image_racine":"","extension_image":"","datemodif_image":"","chaine":"la_1ere","date":"2014-06-02","heure":"12:51","duree":"10","csa_code":"TP","csa_nom_long":"Tous publics","rubrique":"","genre_simplifie":"Magazine de soci\u00e9t\u00e9","production":"","nationalite":"","presentateurs":"","invites":"","realisateurs":"","acteurs":"","url_site":"","mandat_debut":"","mandat_nb":"0","OAS_sitepage":"","connexes":[],"url_video":"","mandat_duree":""},{"id_diffusion":"103495872","code_programme":"","id_programme":"","titre":"La force du coeur","sous_titre":"","accroche":"","url_image_racine":"","extension_image":"","datemodif_image":"","chaine":"la_1ere","date":"2014-06-02","heure":"13:01","duree":"45","csa_code":"TP","csa_nom_long":"Tous publics","rubrique":"","genre_simplifie":"S\u00e9rie sentimentale","production":"","nationalite":"","presentateurs":"","invites":"","realisateurs":"","acteurs":"","url_site":"","mandat_debut":"","mandat_nb":"0","OAS_sitepage":"","connexes":[],"url_video":"","mandat_duree":""},{"id_diffusion":"103495873","code_programme":"","id_programme":"","titre":"La force du coeur","sous_titre":"","accroche":"","url_image_racine":"","extension_image":"","datemodif_image":"","chaine":"la_1ere","date":"2014-06-02","heure":"13:46","duree":"46","csa_code":"TP","csa_nom_long":"Tous publics","rubrique":"","genre_simplifie":"S\u00e9rie sentimentale","production":"","nationalite":"","presentateurs":"","invites":"","realisateurs":"","acteurs":"","url_site":"","mandat_debut":"","mandat_nb":"0","OAS_sitepage":"","connexes":[],"url_video":"","mandat_duree":""},{"id_diffusion":"103495874","code_programme":"","id_programme":"","titre":"La force du coeur","sous_titre":"","accroche":"","url_image_racine":"","extension_image":"","datemodif_image":"","chaine":"la_1ere","date":"2014-06-02","heure":"14:32","duree":"43","csa_code":"TP","csa_nom_long":"Tous publics","rubrique":"","genre_simplifie":"S\u00e9rie sentimentale","production":"","nationalite":"","presentateurs":"","invites":"","realisateurs":"","acteurs":"","url_site":"","mandat_debut":"","mandat_nb":"0","OAS_sitepage":"","connexes":[],"url_video":"","mandat_duree":""},{"id_diffusion":"103495875","code_programme":"","id_programme":"","titre":"Amour, gloire et beaut\u00e9","sous_titre":"","accroche":"Liam commence \u00e0 s'inqui\u00e9ter du comportement de Hope. Il lui fait part de ses doutes, mais cette derni\u00e8re le rassure vite et se persuade qu'il n'y a aucun probl\u00e8me...","url_image_racine":"\/staticftv\/ref_emissions\/2014-06-02\/EMI_229257_csa1","extension_image":"jpg","datemodif_image":"1401688693","chaine":"la_1ere","date":"2014-06-02","heure":"15:15","duree":"22","csa_code":"TP","csa_nom_long":"Tous publics","rubrique":"","genre_simplifie":"S\u00e9rie sentimentale","production":"","nationalite":"am\u00e9ricain","presentateurs":"","invites":"","realisateurs":"Jennifer Howard","acteurs":"Katherine Kelly Lang, Susan Flannery, Scott Clifton, Kyle Lowder, Texas Battle, Jacqueline MacInnes Wood, Zack Conroy, Kim Matula","url_site":"","mandat_debut":"","mandat_nb":"0","OAS_sitepage":"","connexes":[],"url_video":"","mandat_duree":""},{"id_diffusion":"103495876","code_programme":"","id_programme":"","titre":"Amour, gloire et beaut\u00e9","sous_titre":"","accroche":"Steffy qui sait que Liam traverse une p\u00e9riode difficile dans sa relation avec Hope, souhaite lui remonter le moral et veut l'emp\u00eacher de g\u00e2cher sa vie...","url_image_racine":"\/staticftv\/ref_emissions\/2014-06-02\/EMI_229257_csa1","extension_image":"jpg","datemodif_image":"1401688693","chaine":"la_1ere","date":"2014-06-02","heure":"15:37","duree":"24","csa_code":"TP","csa_nom_long":"Tous publics","rubrique":"","genre_simplifie":"S\u00e9rie sentimentale","production":"","nationalite":"am\u00e9ricain","presentateurs":"","invites":"","realisateurs":"Jennifer Howard","acteurs":"Ronn Moss, Katherine Kelly Lang, Hunter Tylo, Susan Flannery, Scott Clifton, Jacqueline MacInnes Wood, Zack Conroy, Kim Matula","url_site":"","mandat_debut":"","mandat_nb":"0","OAS_sitepage":"","connexes":[],"url_video":"","mandat_duree":""},{"id_diffusion":"103495877","code_programme":"","id_programme":"","titre":"La Teniente","sous_titre":"","accroche":"Roberta Ballesteros est une femme forte, opini\u00e2tre, disciplin\u00e9e et sensible, confront\u00e9e \u00e0 un monde d'hommes o\u00f9 r\u00e8gnent le danger et l'action. A la t\u00eate de l'unit\u00e9 Platoon au sein de la base des forces sp\u00e9ciales de la Marine mexicaine, elle est la premi\u00e8re femme \u00e0 atteindre un niveau aussi \u00e9lev\u00e9 dans cette prestigieuse institution. Si Roberta doit prouver qu'elle est la meilleure, elle s'efforce surtout de gagner la confiance des membres de son \u00e9quipe, un escadron charg\u00e9 des missions difficiles. Elle tente \u00e9galement de faire toute la lumi\u00e8re sur une trahison qui a co\u00fbt\u00e9 la vie \u00e0 son pr\u00e9d\u00e9cesseur.","url_image_racine":"\/staticftv\/ref_emissions\/2014-06-02\/COL_467405_csa1","extension_image":"jpg","datemodif_image":"1401688693","chaine":"la_1ere","date":"2014-06-02","heure":"16:01","duree":"46","csa_code":"TP","csa_nom_long":"Tous publics","rubrique":"","genre_simplifie":"S\u00e9rie d'aventures","production":"","nationalite":"mexicaine","presentateurs":"","invites":"","realisateurs":"","acteurs":"Armando Torrea, Mar\u00eda Fernanda Y\u00e9pes, Mat\u00edas Novoa, Hector Arredondo, Fernando Sarfatti, Sylvia Saenz","url_site":"","mandat_debut":"","mandat_nb":"0","OAS_sitepage":"","connexes":[],"url_video":"","mandat_duree":""},{"id_diffusion":"103495878","code_programme":"","id_programme":"","titre":"Wakfu","sous_titre":"Le Mmmmmmmmporpg","accroche":"Tout Br\u00e2kmar vient de subir le choc du si\u00e8cle\u00a0: le Boufbowler masqu\u00e9 est une femme. Qu'une femme soit plus puissante qu'un homme, personne n'a jamais vu \u00e7a depuis que le Boufbowl existe. Elle en subit les cons\u00e9quences au m\u00eame titre que tous les autres\u00a0: tout le monde \u00e0 l'\u00e9chafaud. Une nouvelle fois, c'est le terrain qui aura le jugement final. Les hautes autorit\u00e9s de Br\u00e2kmar font appel \u00e0 leur arme de Boufbowlisation massive : le \u00abMmmmmmmmmporpg\u00bb...","url_image_racine":"\/staticftv\/ref_emissions\/2014-06-02\/EMI_339054_csa1","extension_image":"jpg","datemodif_image":"1401688693","chaine":"la_1ere","date":"2014-06-02","heure":"16:47","duree":"22","csa_code":"TP","csa_nom_long":"Tous publics","rubrique":"","genre_simplifie":"Dessin anim\u00e9","production":"","nationalite":"fran\u00e7ais","presentateurs":"","invites":"","realisateurs":"","acteurs":"","url_site":"","mandat_debut":"","mandat_nb":"0","OAS_sitepage":"","connexes":[],"url_video":"","mandat_duree":""},{"id_diffusion":"104135911","code_programme":"","id_programme":"","titre":"Destination Brasil","sous_titre":"","accroche":"","url_image_racine":"","extension_image":"","datemodif_image":"","chaine":"la_1ere","date":"2014-06-02","heure":"17:09","duree":"3","csa_code":"TP","csa_nom_long":"Tous publics","rubrique":"","genre_simplifie":"Documentaire","production":"","nationalite":"","presentateurs":"","invites":"","realisateurs":"","acteurs":"","url_site":"","mandat_debut":"","mandat_nb":"0","OAS_sitepage":"","connexes":[],"url_video":"","mandat_duree":""},{"id_diffusion":"103495879","code_programme":"","id_programme":"","titre":"Private Practice","sous_titre":"Dieu dispose","accroche":"Alors que Violet est introuvable, les autres m\u00e9decins essaient de sauver la vie de Peter. Addison d\u00e9sire avoir un b\u00e9b\u00e9 et se rend chez un sp\u00e9cialiste qui se r\u00e9v\u00e8le \u00eatre Jake Reilly, l'homme myst\u00e9rieux qu'elle avait embrass\u00e9. De son c\u00f4t\u00e9, Sheldon veut aider Amelia \u00e0 r\u00e9gler son probl\u00e8me d'alcoolisme...","url_image_racine":"\/staticftv\/ref_emissions\/2014-06-02\/EMI_434918_csa1","extension_image":"jpg","datemodif_image":"1401688693","chaine":"la_1ere","date":"2014-06-02","heure":"17:12","duree":"42","csa_code":"TP","csa_nom_long":"Tous publics","rubrique":"","genre_simplifie":"S\u00e9rie dramatique","production":"","nationalite":"am\u00e9ricaine","presentateurs":"","invites":"","realisateurs":"Mark Tinker","acteurs":"Brian Benben, Amy Brenneman, Tim Daly, Kate Walsh, Taye Diggs, Paul Adelstein, Audra McDonald, KaDee Strickland","url_site":"","mandat_debut":"","mandat_nb":"0","OAS_sitepage":"","connexes":[],"url_video":"","mandat_duree":""},{"id_diffusion":"103495880","code_programme":"","id_programme":"","titre":"Avenida Brasil","sous_titre":"","accroche":"Carminia souhaite s'isoler quelques temps. Tifon parle au m\u00e9decin et accepte une sortie provisoire. D\u00e9bora et Jorginho rompent d\u00e9finitivement...","url_image_racine":"\/staticftv\/ref_emissions\/2014-06-02\/COL_485458_csa1","extension_image":"jpg","datemodif_image":"1401688693","chaine":"la_1ere","date":"2014-06-02","heure":"17:54","duree":"46","csa_code":"TP","csa_nom_long":"Tous publics","rubrique":"","genre_simplifie":"S\u00e9rie sentimentale","production":"","nationalite":"br\u00e9silien","presentateurs":"","invites":"","realisateurs":"","acteurs":"Adriana Esteves, Murilo Ben\u00edcio, Helo\u00edsa P\u00e9riss\u00e9, D\u00e9bora Falabella, Marcello Novaes, Eliane Glardini, Let\u00edcia Isnard","url_site":"","mandat_debut":"","mandat_nb":"0","OAS_sitepage":"","connexes":[],"url_video":"","mandat_duree":""},{"id_diffusion":"103495881","code_programme":"","id_programme":"","titre":"En route vers Rio","sous_titre":"","accroche":"","url_image_racine":"","extension_image":"","datemodif_image":"","chaine":"la_1ere","date":"2014-06-02","heure":"18:40","duree":"5","csa_code":"TP","csa_nom_long":"Tous publics","rubrique":"","genre_simplifie":"Magazine sportif","production":"","nationalite":"","presentateurs":"","invites":"","realisateurs":"","acteurs":"","url_site":"","mandat_debut":"","mandat_nb":"0","OAS_sitepage":"","connexes":[],"url_video":"","mandat_duree":""},{"id_diffusion":"103495882","code_programme":"","id_programme":"","titre":"Kaha'u 2014","sous_titre":"","accroche":"","url_image_racine":"","extension_image":"","datemodif_image":"","chaine":"la_1ere","date":"2014-06-02","heure":"18:45","duree":"8","csa_code":"TP","csa_nom_long":"Tous publics","rubrique":"","genre_simplifie":"Magazine de soci\u00e9t\u00e9","production":"","nationalite":"","presentateurs":"","invites":"","realisateurs":"","acteurs":"","url_site":"","mandat_debut":"","mandat_nb":"0","OAS_sitepage":"","connexes":[],"url_video":"","mandat_duree":""},{"id_diffusion":"103495883","code_programme":"","id_programme":"","titre":"Soir 3 traduit (en wallisien)","sous_titre":"","accroche":"","url_image_racine":"","extension_image":"","datemodif_image":"","chaine":"la_1ere","date":"2014-06-02","heure":"18:53","duree":"7","csa_code":"TP","csa_nom_long":"Tous publics","rubrique":"","genre_simplifie":"Journal","production":"","nationalite":"","presentateurs":"","invites":"","realisateurs":"","acteurs":"","url_site":"","mandat_debut":"","mandat_nb":"0","OAS_sitepage":"","connexes":[],"url_video":"","mandat_duree":""},{"id_diffusion":"103495884","code_programme":"jt_wallis_et_futuna","id_programme":"451","titre":"JT Wallis-et-Futuna (en wallisien)","sous_titre":"","accroche":"Toute l'actualit\u00e9 de votre r\u00e9gion.","url_image_racine":"\/staticftv\/catchup\/img\/3\/4\/451_1300729003_3_csa1","extension_image":"png","datemodif_image":"1300729003","chaine":"la_1ere","date":"2014-06-02","heure":"19:00","duree":"15","csa_code":"TP","csa_nom_long":"Tous publics","rubrique":"Info","genre_simplifie":"Journal","production":"","nationalite":"","presentateurs":"","invites":"","realisateurs":"","acteurs":"","url_site":"http:\/\/wallisfutuna.la1ere.fr","mandat_debut":"0","mandat_nb":"toutes","OAS_sitepage":"la_1ere\/info\/jtwallisetfutunaenwallisien","connexes":[],"url_video":"\/hls-ios-inf\/i\/streaming-adaptatif\/2014\/S23\/J1\/103495884-20140602-,398,632,934,k.mp4.csmil\/master.m3u8","mandat_duree":"7"},{"id_diffusion":"103495885","code_programme":"meteo_wallis_et_futuna_1ere","id_programme":"11553","titre":"M\u00e9t\u00e9o (en wallisien)","sous_titre":"","accroche":"Bulletin m\u00e9t\u00e9o et pr\u00e9visions.","url_image_racine":"\/staticftv\/programmes\/11553_1345649670_csa1","extension_image":"jpg","datemodif_image":"1345649670","chaine":"la_1ere","date":"2014-06-02","heure":"19:15","duree":"2","csa_code":"TP","csa_nom_long":"Tous publics","rubrique":"Info","genre_simplifie":"M\u00e9t\u00e9o","production":"","nationalite":"","presentateurs":"","invites":"","realisateurs":"","acteurs":"","url_site":"","mandat_debut":"0","mandat_nb":"toutes","OAS_sitepage":"la_1ere\/info\/meteoenwallisien","connexes":[],"url_video":"\/hls-ios-inf\/i\/streaming-adaptatif_france-dom-tom\/2014\/S23\/J1\/103495885-20140602-,398,632,934,k.mp4.csmil\/master.m3u8","mandat_duree":"7"},{"id_diffusion":"103495886","code_programme":"jt_wallis_et_futuna_francais","id_programme":"11458","titre":"Journal Wallis","sous_titre":"","accroche":"Toute l'actualit\u00e9 de Wallis et Futuna.","url_image_racine":"\/staticftv\/programmes\/11458_1343904283_csa1","extension_image":"jpg","datemodif_image":"1343904283","chaine":"la_1ere","date":"2014-06-02","heure":"19:17","duree":"15","csa_code":"TP","csa_nom_long":"Tous publics","rubrique":"Info","genre_simplifie":"Journal","production":"","nationalite":"","presentateurs":"","invites":"","realisateurs":"","acteurs":"","url_site":"http:\/\/wallisfutuna.la1ere.fr","mandat_debut":"0","mandat_nb":"toutes","OAS_sitepage":"la_1ere\/info\/journalwallis","connexes":[],"url_video":"\/hls-ios-inf\/i\/streaming-adaptatif\/2014\/S23\/J1\/103495886-20140602-,398,632,934,k.mp4.csmil\/master.m3u8","mandat_duree":"7"},{"id_diffusion":"103495887","code_programme":"","id_programme":"","titre":"M\u00e9t\u00e9o","sous_titre":"","accroche":"Bulletin m\u00e9t\u00e9o et pr\u00e9visions.","url_image_racine":"","extension_image":"","datemodif_image":"","chaine":"la_1ere","date":"2014-06-02","heure":"19:32","duree":"3","csa_code":"TP","csa_nom_long":"Tous publics","rubrique":"","genre_simplifie":"M\u00e9t\u00e9o","production":"","nationalite":"","presentateurs":"","invites":"","realisateurs":"","acteurs":"","url_site":"","mandat_debut":"","mandat_nb":"0","OAS_sitepage":"","connexes":[],"url_video":"","mandat_duree":""},{"id_diffusion":"103495888","code_programme":"","id_programme":"","titre":"Matin France 2","sous_titre":"","accroche":"","url_image_racine":"","extension_image":"","datemodif_image":"","chaine":"la_1ere","date":"2014-06-02","heure":"19:35","duree":"13","csa_code":"TP","csa_nom_long":"Tous publics","rubrique":"","genre_simplifie":"Magazine de soci\u00e9t\u00e9","production":"","nationalite":"","presentateurs":"","invites":"","realisateurs":"","acteurs":"","url_site":"","mandat_debut":"","mandat_nb":"0","OAS_sitepage":"","connexes":[],"url_video":"","mandat_duree":""},{"id_diffusion":"103495889","code_programme":"","id_programme":"","titre":"Football Made in Brazil","sous_titre":"","accroche":"","url_image_racine":"","extension_image":"","datemodif_image":"","chaine":"la_1ere","date":"2014-06-02","heure":"19:48","duree":"1","csa_code":"TP","csa_nom_long":"Tous publics","rubrique":"","genre_simplifie":"Documentaire","production":"","nationalite":"","presentateurs":"","invites":"","realisateurs":"","acteurs":"","url_site":"","mandat_debut":"","mandat_nb":"0","OAS_sitepage":"","connexes":[],"url_video":"","mandat_duree":""},{"id_diffusion":"103495890","code_programme":"","id_programme":"","titre":"W&F danses \/ chants","sous_titre":"Danses","accroche":"","url_image_racine":"","extension_image":"","datemodif_image":"","chaine":"la_1ere","date":"2014-06-02","heure":"19:49","duree":"21","csa_code":"TP","csa_nom_long":"Tous publics","rubrique":"","genre_simplifie":"Spectacle","production":"","nationalite":"","presentateurs":"","invites":"","realisateurs":"","acteurs":"","url_site":"","mandat_debut":"","mandat_nb":"0","OAS_sitepage":"","connexes":[],"url_video":"","mandat_duree":""},{"id_diffusion":"104248718","code_programme":"","id_programme":"","titre":"W&F danses \/ chants","sous_titre":"Chorale Saint-Pierre Chanel Futuna 2014","accroche":"","url_image_racine":"","extension_image":"","datemodif_image":"","chaine":"la_1ere","date":"2014-06-02","heure":"20:10","duree":"40","csa_code":"TP","csa_nom_long":"Tous publics","rubrique":"","genre_simplifie":"Spectacle","production":"","nationalite":"","presentateurs":"","invites":"","realisateurs":"","acteurs":"","url_site":"","mandat_debut":"","mandat_nb":"0","OAS_sitepage":"","connexes":[],"url_video":"","mandat_duree":""},{"id_diffusion":"104135913","code_programme":"","id_programme":"","titre":"Itin\u00e9raires","sous_titre":"","accroche":"","url_image_racine":"","extension_image":"","datemodif_image":"","chaine":"la_1ere","date":"2014-06-02","heure":"20:50","duree":"1","csa_code":"TP","csa_nom_long":"Tous publics","rubrique":"","genre_simplifie":"Magazine de d\u00e9couvertes","production":"","nationalite":"","presentateurs":"","invites":"","realisateurs":"","acteurs":"","url_site":"","mandat_debut":"","mandat_nb":"0","OAS_sitepage":"","connexes":[],"url_video":"","mandat_duree":""},{"id_diffusion":"104135914","code_programme":"","id_programme":"","titre":"Crocker Island Exodus","sous_titre":"","accroche":"","url_image_racine":"","extension_image":"","datemodif_image":"","chaine":"la_1ere","date":"2014-06-02","heure":"20:51","duree":"65","csa_code":"TP","csa_nom_long":"Tous publics","rubrique":"","genre_simplifie":"Documentaire de soci\u00e9t\u00e9","production":"","nationalite":"","presentateurs":"","invites":"","realisateurs":"","acteurs":"","url_site":"","mandat_debut":"","mandat_nb":"0","OAS_sitepage":"","connexes":[],"url_video":"","mandat_duree":""},{"id_diffusion":"104135915","code_programme":"","id_programme":"","titre":"Itin\u00e9raires","sous_titre":"","accroche":"","url_image_racine":"","extension_image":"","datemodif_image":"","chaine":"la_1ere","date":"2014-06-02","heure":"21:56","duree":"3","csa_code":"TP","csa_nom_long":"Tous publics","rubrique":"","genre_simplifie":"Magazine de d\u00e9couvertes","production":"","nationalite":"","presentateurs":"","invites":"","realisateurs":"","acteurs":"","url_site":"","mandat_debut":"","mandat_nb":"0","OAS_sitepage":"","connexes":[],"url_video":"","mandat_duree":""},{"id_diffusion":"104135916","code_programme":"","id_programme":"","titre":"Des racines et des ailes","sous_titre":"Routes de France, routes des vacances","accroche":"Les Etats-Unis ont leur c\u00e9l\u00e8bre route 66, la France a la Nationale 7. Un long ruban de bitume qui court sur pr\u00e8s de 1000 kilom\u00e8tres, de Paris \u00e0 Menton, symbole de la France des Trente Glorieuses, de l'av\u00e8nement des d\u00e9parts en vacances, de la civilisation automobile et de l'\u00e8re de la consommation. Au volant de sa berline des ann\u00e9es 1950, l'illustrateur Thierry Dubois la parcourt inlassablement, savoure la vue sur les bords de Loire, le massif de l'Esterel et la Grande Corniche, de Nice \u00e0 Menton. Christian Lucas et ses \u00abtontons scooters\u00bb, eux, font revivre les tron\u00e7ons de route d\u00e9class\u00e9s. La route des vacances file ensuite vers Tourves, dans le Var, puis Lyon et son march\u00e9 de la mode vintage.","url_image_racine":"\/staticftv\/ref_emissions\/2014-06-02\/EMI_501820_csa1","extension_image":"jpg","datemodif_image":"1401688693","chaine":"la_1ere","date":"2014-06-02","heure":"21:59","duree":"111","csa_code":"TP","csa_nom_long":"Tous publics","rubrique":"","genre_simplifie":"Magazine d'information","production":"","nationalite":"","presentateurs":"Patrick de Carolis","invites":"","realisateurs":"","acteurs":"","url_site":"","mandat_debut":"","mandat_nb":"0","OAS_sitepage":"","connexes":[],"url_video":"","mandat_duree":""},{"id_diffusion":"104135917","code_programme":"","id_programme":"","titre":"JT Wallis-et-Futuna (en wallisien)","sous_titre":"","accroche":"","url_image_racine":"","extension_image":"","datemodif_image":"","chaine":"la_1ere","date":"2014-06-02","heure":"23:50","duree":"15","csa_code":"TP","csa_nom_long":"Tous publics","rubrique":"","genre_simplifie":"Journal","production":"","nationalite":"","presentateurs":"","invites":"","realisateurs":"","acteurs":"","url_site":"","mandat_debut":"","mandat_nb":"0","OAS_sitepage":"","connexes":[],"url_video":"","mandat_duree":""},{"id_diffusion":"104135918","code_programme":"","id_programme":"","titre":"Journal Wallis","sous_titre":"","accroche":"","url_image_racine":"","extension_image":"","datemodif_image":"","chaine":"la_1ere","date":"2014-06-03","heure":"00:05","duree":"16","csa_code":"TP","csa_nom_long":"Tous publics","rubrique":"","genre_simplifie":"Journal","production":"","nationalite":"","presentateurs":"","invites":"","realisateurs":"","acteurs":"","url_site":"","mandat_debut":"","mandat_nb":"0","OAS_sitepage":"","connexes":[],"url_video":"","mandat_duree":""},{"id_diffusion":"104135919","code_programme":"","id_programme":"","titre":"Archipels","sous_titre":"Les enfants pr\u00eacheurs","accroche":"Ils ont entre 4 et 14 ans et sont pr\u00eatres ou pasteurs. Ils prient avec ferveur, donnent de l'espoir \u00e0 des gens d\u00e9sesp\u00e9r\u00e9s, gu\u00e9rissent leurs maladies. Au Br\u00e9sil, o\u00f9 la religion \u00e9vang\u00e9lique fait tous les jours un peu plus d'adeptes, les enfants sont le fer de lance de ce succ\u00e8s et leur image de puret\u00e9 attire de nouveaux membres. Pour les fid\u00e8les, ces enfants sont des ic\u00f4nes, des stars. Pour d'autres, ils ne sont que le fruit d'une \u00e9pouvantable manipulation que personne n'ose d\u00e9noncer. Il y a trois ans, l'Am\u00e9rique latine comptait quelque 6000 enfants pr\u00eacheurs. Aujourd'hui, on ne conna\u00eet pas leur nombre exact mais le business qu'ils g\u00e9n\u00e8rent est florissant.","url_image_racine":"\/staticftv\/ref_emissions\/2014-06-02\/EMI_335389_csa1","extension_image":"jpg","datemodif_image":"1401688693","chaine":"la_1ere","date":"2014-06-03","heure":"00:21","duree":"56","csa_code":"TP","csa_nom_long":"Tous publics","rubrique":"","genre_simplifie":"Magazine de soci\u00e9t\u00e9","production":"","nationalite":"","presentateurs":"Elyas Akhoun","invites":"","realisateurs":"","acteurs":"","url_site":"","mandat_debut":"","mandat_nb":"0","OAS_sitepage":"","connexes":[],"url_video":"","mandat_duree":""},{"id_diffusion":"104135920","code_programme":"","id_programme":"","titre":"Commissaire Cordier","sous_titre":"Grain de sel","accroche":"Un matin, Vincent Allard quitte le domicile de sa ma\u00eetresse, Louise Dutertre. Il lui emprunte son v\u00e9hicule pour aller travailler. La voiture, pi\u00e9g\u00e9e, explose. Vincent est tu\u00e9 sous les yeux de Louise. Sylvie Giancardi, grand chef r\u00e9put\u00e9, est plac\u00e9e en garde \u00e0 vue. En plus d'\u00eatre son second, Vincent \u00e9tait \u00e9galement son concubin, et Louise, critique pour l'\u00e9minent guide gastronomique Luth-Dutertre, une amie de longue date. A premi\u00e8re vue, la piste du crime passionnel s'impose. Et pourtant : Sylvie allait rompre avec Vincent, dont les infid\u00e9lit\u00e9s n'\u00e9taient plus un secret. Difficile de croire qu'elle ait voulu \u00e9liminer Louise, d'autant plus que celle-ci venait de lui d\u00e9cerner une prestigieuse troisi\u00e8me \u00e9toile...","url_image_racine":"\/staticftv\/ref_emissions\/2014-06-02\/EMI_64794_csa1","extension_image":"jpg","datemodif_image":"1401688694","chaine":"la_1ere","date":"2014-06-03","heure":"01:17","duree":"90","csa_code":"TP","csa_nom_long":"Tous publics","rubrique":"","genre_simplifie":"T\u00e9l\u00e9film policier","production":"","nationalite":"fran\u00e7ais","presentateurs":"","invites":"","realisateurs":"Eric Summer","acteurs":"Pierre Mondy, Antonella Lualdi, Charlotte Valandrey, Nathalie Roussel, St\u00e9phanie Vicat, Pierre Boulanger, Mich\u00e8le Bernier, Guillaume de Tonqu\u00e9dec","url_site":"","mandat_debut":"","mandat_nb":"0","OAS_sitepage":"","connexes":[],"url_video":"","mandat_duree":""},{"id_diffusion":"104135921","code_programme":"","id_programme":"","titre":"Just Married","sous_titre":"Maroc","accroche":"","url_image_racine":"","extension_image":"","datemodif_image":"","chaine":"la_1ere","date":"2014-06-03","heure":"02:47","duree":"26","csa_code":"TP","csa_nom_long":"Tous publics","rubrique":"","genre_simplifie":"Documentaire de soci\u00e9t\u00e9","production":"","nationalite":"","presentateurs":"","invites":"","realisateurs":"","acteurs":"","url_site":"","mandat_debut":"","mandat_nb":"0","OAS_sitepage":"","connexes":[],"url_video":"","mandat_duree":""},{"id_diffusion":"104135922","code_programme":"","id_programme":"","titre":"Just Married","sous_titre":"Maroc","accroche":"","url_image_racine":"","extension_image":"","datemodif_image":"","chaine":"la_1ere","date":"2014-06-03","heure":"03:13","duree":"20","csa_code":"TP","csa_nom_long":"Tous publics","rubrique":"","genre_simplifie":"Documentaire de soci\u00e9t\u00e9","production":"","nationalite":"","presentateurs":"","invites":"","realisateurs":"","acteurs":"","url_site":"","mandat_debut":"","mandat_nb":"0","OAS_sitepage":"","connexes":[],"url_video":"","mandat_duree":""},{"id_diffusion":"103722962","code_programme":"","id_programme":"","titre":"Couleurs outremers","sous_titre":"","accroche":"Au sommaire : Parc naturel de la R\u00e9union. Cr\u00e9\u00e9 en mars 2007, c'est le seul parc national fran\u00e7ais \u00e0 inclure des lieux d'habitation sur son territoire. - Thierry Elie, p\u00e2tissier en Martinique. L'ambition de cet artisan est de d\u00e9velopper une p\u00e2tisserie fine en Martinique, en utilisant autant que possible les produits locaux. - Ferveur catholique \u00e0 Wallis. - La Su\u00e8de et Saint-Barth.\nCr\u00e9\u00e9 en mars 2007, c'est le seul parc national fran\u00e7ais \u00e0 inclure des lieux d'habitation sur son territoire.\nL'ambition de cet artisan est de d\u00e9velopper une p\u00e2tisserie fine en Martinique, en utilisant autant que possible les produits locaux.\nA Wallis, la foi en Dieu se manifeste en tous lieux.\nAujourd'hui encore, subsistent de nombreux traces du pass\u00e9 de l'\u00eele, lorsque le royaume scandinave en \u00e9tait propri\u00e9taire.","url_image_racine":"\/staticftv\/ref_emissions\/2014-06-02\/COL_295886_csa1","extension_image":"jpg","datemodif_image":"1401688694","chaine":"la_1ere","date":"2014-06-03","heure":"03:33","duree":"26","csa_code":"TP","csa_nom_long":"Tous publics","rubrique":"","genre_simplifie":"Magazine de d\u00e9couvertes","production":"","nationalite":"","presentateurs":"Luc de Saint-Sernin","invites":"","realisateurs":"","acteurs":"","url_site":"","mandat_debut":"","mandat_nb":"0","OAS_sitepage":"","connexes":[],"url_video":"","mandat_duree":""},{"id_diffusion":"103722963","code_programme":"","id_programme":"","titre":"Sc\u00e8nes de m\u00e9nages","sous_titre":"","accroche":"Les conflits du quotidien de quatre couples d'\u00e2ges diff\u00e9rents, Emma et Fabien, Marion et C\u00e9dric, Liliane et Jos\u00e9 et Huguette et Raymond.","url_image_racine":"\/staticftv\/ref_emissions\/2014-06-02\/COL_473663_csa1","extension_image":"jpg","datemodif_image":"1401688694","chaine":"la_1ere","date":"2014-06-03","heure":"03:59","duree":"26","csa_code":"TP","csa_nom_long":"Tous publics","rubrique":"","genre_simplifie":"S\u00e9rie humoristique","production":"","nationalite":"fran\u00e7aise","presentateurs":"","invites":"","realisateurs":"Francis Duquet","acteurs":"Marion Game, G\u00e9rard Hernandez, Fr\u00e9d\u00e9ric Bouraly, Val\u00e9rie Karsenti, Loup-Denis Elion, Anne-Elisabeth Blateau, Audrey Lamy, David Mora","url_site":"","mandat_debut":"","mandat_nb":"0","OAS_sitepage":"","connexes":[],"url_video":"","mandat_duree":""},{"id_diffusion":"103722964","code_programme":"","id_programme":"","titre":"Novelitas","sous_titre":"Nouvelles Cendrillon du gotha","accroche":"","url_image_racine":"","extension_image":"","datemodif_image":"","chaine":"la_1ere","date":"2014-06-03","heure":"04:25","duree":"9","csa_code":"TP","csa_nom_long":"Tous publics","rubrique":"","genre_simplifie":"Magazine de soci\u00e9t\u00e9","production":"","nationalite":"","presentateurs":"","invites":"","realisateurs":"","acteurs":"","url_site":"","mandat_debut":"","mandat_nb":"0","OAS_sitepage":"","connexes":[],"url_video":"","mandat_duree":""},{"id_diffusion":"103722965","code_programme":"","id_programme":"","titre":"Just Married","sous_titre":"P\u00e9rou","accroche":"","url_image_racine":"","extension_image":"","datemodif_image":"","chaine":"la_1ere","date":"2014-06-03","heure":"04:34","duree":"27","csa_code":"TP","csa_nom_long":"Tous publics","rubrique":"","genre_simplifie":"Documentaire de soci\u00e9t\u00e9","production":"","nationalite":"","presentateurs":"","invites":"","realisateurs":"","acteurs":"","url_site":"","mandat_debut":"","mandat_nb":"0","OAS_sitepage":"","connexes":[],"url_video":"","mandat_duree":""}]}