{"journee":{"date":"2014-06-02","nb_prog":35},"programmes":[{"id_diffusion":"103823745","code_programme":"","id_programme":"","titre":"La petite collection couleurs Outremers","sous_titre":"Balade au sommet (Saba)","accroche":"","url_image_racine":"\/staticftv\/ref_emissions\/2014-06-02\/COL_267357_csa1","extension_image":"jpg","datemodif_image":"1401465544","chaine":"la_1ere","date":"2014-06-02","heure":"05:02","duree":"29","csa_code":"TP","csa_nom_long":"Tous publics","rubrique":"","genre_simplifie":"Documentaire de soci\u00e9t\u00e9","production":"","nationalite":"","presentateurs":"","invites":"","realisateurs":"","acteurs":"","url_site":"","mandat_debut":"","mandat_nb":"0","OAS_sitepage":"","connexes":[],"url_video":"","mandat_duree":""},{"id_diffusion":"103823746","code_programme":"","id_programme":"","titre":"Avenida Brasil","sous_titre":"","accroche":"Tifon, Agata, Ivana et Jorginho sont au chevet de Nina. Tifon confie ses sentiments \u00e0 Jorginho et lui avoue qu'il aime Nina. Max et Carminia \u00e9chafaudent de nouveaux plans...","url_image_racine":"\/staticftv\/ref_emissions\/2014-06-02\/COL_485458_csa1","extension_image":"jpg","datemodif_image":"1401465544","chaine":"la_1ere","date":"2014-06-02","heure":"05:31","duree":"48","csa_code":"TP","csa_nom_long":"Tous publics","rubrique":"","genre_simplifie":"S\u00e9rie sentimentale","production":"","nationalite":"br\u00e9silien","presentateurs":"","invites":"","realisateurs":"","acteurs":"Adriana Esteves, Murilo Ben\u00edcio, Helo\u00edsa P\u00e9riss\u00e9, D\u00e9bora Falabella, Marcello Novaes, Eliane Glardini, Let\u00edcia Isnard","url_site":"","mandat_debut":"","mandat_nb":"0","OAS_sitepage":"","connexes":[],"url_video":"","mandat_duree":""},{"id_diffusion":"103823747","code_programme":"","id_programme":"","titre":"Le triomphe de l'amour","sous_titre":"","accroche":"","url_image_racine":"","extension_image":"","datemodif_image":"","chaine":"la_1ere","date":"2014-06-02","heure":"06:19","duree":"44","csa_code":"TP","csa_nom_long":"Tous publics","rubrique":"","genre_simplifie":"S\u00e9rie sentimentale","production":"","nationalite":"mexicain","presentateurs":"","invites":"","realisateurs":"","acteurs":"C\u00e9sar Evora, Daniela Romo, Victoria Ruffo, Diego Olivera, William Levy, Maite Perroni, Osvaldo R\u00edos","url_site":"","mandat_debut":"","mandat_nb":"0","OAS_sitepage":"","connexes":[],"url_video":"","mandat_duree":""},{"id_diffusion":"103823748","code_programme":"","id_programme":"","titre":"Wakfu","sous_titre":"Le Mmmmmmmmporpg","accroche":"Tout Br\u00e2kmar vient de subir le choc du si\u00e8cle\u00a0: le Boufbowler masqu\u00e9 est une femme. Qu'une femme soit plus puissante qu'un homme, personne n'a jamais vu \u00e7a depuis que le Boufbowl existe. Elle en subit les cons\u00e9quences au m\u00eame titre que tous les autres\u00a0: tout le monde \u00e0 l'\u00e9chafaud. Une nouvelle fois, c'est le terrain qui aura le jugement final. Les hautes autorit\u00e9s de Br\u00e2kmar font appel \u00e0 leur arme de Boufbowlisation massive : le \u00abMmmmmmmmmporpg\u00bb...","url_image_racine":"\/staticftv\/ref_emissions\/2014-06-02\/EMI_339054_csa1","extension_image":"jpg","datemodif_image":"1401465544","chaine":"la_1ere","date":"2014-06-02","heure":"07:03","duree":"22","csa_code":"TP","csa_nom_long":"Tous publics","rubrique":"","genre_simplifie":"Dessin anim\u00e9","production":"","nationalite":"fran\u00e7ais","presentateurs":"","invites":"","realisateurs":"","acteurs":"","url_site":"","mandat_debut":"","mandat_nb":"0","OAS_sitepage":"","connexes":[],"url_video":"","mandat_duree":""},{"id_diffusion":"103823749","code_programme":"","id_programme":"","titre":"12\/13 : Journal national","sous_titre":"","accroche":"","url_image_racine":"\/staticftv\/ref_emissions\/2014-06-02\/COL_455701_csa1","extension_image":"jpg","datemodif_image":"1401465544","chaine":"la_1ere","date":"2014-06-02","heure":"07:25","duree":"27","csa_code":"TP","csa_nom_long":"Tous publics","rubrique":"","genre_simplifie":"Journal","production":"","nationalite":"","presentateurs":"","invites":"","realisateurs":"","acteurs":"","url_site":"","mandat_debut":"","mandat_nb":"0","OAS_sitepage":"","connexes":[],"url_video":"","mandat_duree":""},{"id_diffusion":"103823750","code_programme":"","id_programme":"","titre":"Sc\u00e8nes de m\u00e9nages","sous_titre":"","accroche":"Les conflits du quotidien de quatre couples d'\u00e2ges diff\u00e9rents, Emma et Fabien, Marion et C\u00e9dric, Liliane et Jos\u00e9 et Huguette et Raymond.","url_image_racine":"\/staticftv\/ref_emissions\/2014-06-02\/COL_473663_csa1","extension_image":"jpg","datemodif_image":"1401465544","chaine":"la_1ere","date":"2014-06-02","heure":"07:52","duree":"25","csa_code":"TP","csa_nom_long":"Tous publics","rubrique":"","genre_simplifie":"S\u00e9rie humoristique","production":"","nationalite":"fran\u00e7aise","presentateurs":"","invites":"","realisateurs":"Francis Duquet","acteurs":"Marion Game, G\u00e9rard Hernandez, Fr\u00e9d\u00e9ric Bouraly, Val\u00e9rie Karsenti, Loup-Denis Elion, Anne-Elisabeth Blateau, Audrey Lamy, David Mora","url_site":"","mandat_debut":"","mandat_nb":"0","OAS_sitepage":"","connexes":[],"url_video":"","mandat_duree":""},{"id_diffusion":"103823751","code_programme":"","id_programme":"","titre":"Plus belle la vie","sous_titre":"","accroche":"Samia et Boher se retrouvent charg\u00e9s d'une mission un peu d\u00e9licate. Guillaume se plonge dans des lectures qui le terrifient, \u00e0 l'inverse de celles de Thomas et Riva...","url_image_racine":"\/staticftv\/ref_emissions\/2014-06-02\/COL_388983_csa1","extension_image":"jpg","datemodif_image":"1401465544","chaine":"la_1ere","date":"2014-06-02","heure":"08:17","duree":"25","csa_code":"TP","csa_nom_long":"Tous publics","rubrique":"","genre_simplifie":"S\u00e9rie","production":"","nationalite":"fran\u00e7ais","presentateurs":"","invites":"","realisateurs":"Michel Hassan","acteurs":"Virgile Bayle, Rebecca Hampton, Rachid Hafassa, Laurent Kerusor\u00e9, Fabienne Carat, St\u00e9phane Henon, Joakim Latzko, Geoffrey Piet","url_site":"","mandat_debut":"","mandat_nb":"0","OAS_sitepage":"","connexes":[],"url_video":"","mandat_duree":""},{"id_diffusion":"103823752","code_programme":"","id_programme":"","titre":"Amour, gloire et beaut\u00e9","sous_titre":"","accroche":"Bill s'inqui\u00e8te beaucoup au sujet de l'avenir de Liam. Celui-ci s'ouvre alors \u00e0 son p\u00e8re au sujet de ce qui le pr\u00e9occupe. Steffy est absolument convaincue qu'elle peut apporter \u00e0 Liam tout ce dont il a besoin...","url_image_racine":"\/staticftv\/ref_emissions\/2014-06-02\/EMI_229257_csa1","extension_image":"jpg","datemodif_image":"1401465545","chaine":"la_1ere","date":"2014-06-02","heure":"08:42","duree":"22","csa_code":"TP","csa_nom_long":"Tous publics","rubrique":"","genre_simplifie":"S\u00e9rie sentimentale","production":"","nationalite":"am\u00e9ricain","presentateurs":"","invites":"","realisateurs":"Michael Stich","acteurs":"Katherine Kelly Lang, Heather Tom, Don Diamont, Scott Clifton, Aaron D Spears, Stephanie Wang, Jacqueline MacInnes Wood, Kim Matula","url_site":"","mandat_debut":"","mandat_nb":"0","OAS_sitepage":"","connexes":[],"url_video":"","mandat_duree":""},{"id_diffusion":"103823753","code_programme":"","id_programme":"","titre":"Amour, gloire et beaut\u00e9","sous_titre":"","accroche":"Durant sa conf\u00e9rence de presse, Hope est coinc\u00e9e par des journalistes au sujet des messages contradictoires qu'elle envoie et de sa relation sp\u00e9ciale avec Liam. Ce dernier partage avec elle ses sentiments. Bill et Steffy fomentent un plan de leur c\u00f4t\u00e9 pour l'avenir de Liam...","url_image_racine":"\/staticftv\/ref_emissions\/2014-06-02\/EMI_333928_csa1","extension_image":"jpg","datemodif_image":"1401465545","chaine":"la_1ere","date":"2014-06-02","heure":"09:04","duree":"22","csa_code":"TP","csa_nom_long":"Tous publics","rubrique":"","genre_simplifie":"S\u00e9rie sentimentale","production":"","nationalite":"am\u00e9ricain","presentateurs":"","invites":"","realisateurs":"Michael Stich","acteurs":"Katherine Kelly Lang, Alley Mills, Don Diamont, Scott Clifton, Aaron D Spears, Jacqueline MacInnes Wood, Zack Conroy, Kim Matula","url_site":"","mandat_debut":"","mandat_nb":"0","OAS_sitepage":"","connexes":[],"url_video":"","mandat_duree":""},{"id_diffusion":"103823754","code_programme":"","id_programme":"","titre":"Amour, gloire et beaut\u00e9","sous_titre":"","accroche":"Steffy et Liam passent un excellent moment ensemble et Liam est un peu plus tent\u00e9 de quitter Hope. Bill confie \u00e0 Justin son plan pour l'avenir de Liam, tandis que Brooke et Hope ont la m\u00eame discussion au sujet de la jeune femme...","url_image_racine":"\/staticftv\/ref_emissions\/2014-06-02\/EMI_229257_csa1","extension_image":"jpg","datemodif_image":"1401465545","chaine":"la_1ere","date":"2014-06-02","heure":"09:26","duree":"22","csa_code":"TP","csa_nom_long":"Tous publics","rubrique":"","genre_simplifie":"S\u00e9rie sentimentale","production":"","nationalite":"am\u00e9ricain","presentateurs":"","invites":"","realisateurs":"Michael Stich","acteurs":"Katherine Kelly Lang, Don Diamont, Aaron D Spears, Jacqueline MacInnes Wood, Kim Matula","url_site":"","mandat_debut":"","mandat_nb":"0","OAS_sitepage":"","connexes":[],"url_video":"","mandat_duree":""},{"id_diffusion":"104243848","code_programme":"","id_programme":"","titre":"Football Made in Brazil","sous_titre":"","accroche":"","url_image_racine":"","extension_image":"","datemodif_image":"","chaine":"la_1ere","date":"2014-06-02","heure":"09:48","duree":"7","csa_code":"TP","csa_nom_long":"Tous publics","rubrique":"","genre_simplifie":"Documentaire","production":"","nationalite":"","presentateurs":"","invites":"","realisateurs":"","acteurs":"","url_site":"","mandat_debut":"","mandat_nb":"0","OAS_sitepage":"","connexes":[],"url_video":"","mandat_duree":""},{"id_diffusion":"103823755","code_programme":"","id_programme":"","titre":"Tennis","sous_titre":"","accroche":"","url_image_racine":"\/staticftv\/ref_emissions\/2014-06-02\/EMI_432596_csa1","extension_image":"jpg","datemodif_image":"1401465545","chaine":"la_1ere","date":"2014-06-02","heure":"09:55","duree":"295","csa_code":"TP","csa_nom_long":"Tous publics","rubrique":"","genre_simplifie":"Tennis","production":"","nationalite":"","presentateurs":"","invites":"","realisateurs":"","acteurs":"","url_site":"","mandat_debut":"","mandat_nb":"0","OAS_sitepage":"","connexes":[],"url_video":"","mandat_duree":""},{"id_diffusion":"103823756","code_programme":"","id_programme":"","titre":"Le triomphe de l'amour","sous_titre":"","accroche":"","url_image_racine":"","extension_image":"","datemodif_image":"","chaine":"la_1ere","date":"2014-06-02","heure":"14:50","duree":"43","csa_code":"TP","csa_nom_long":"Tous publics","rubrique":"","genre_simplifie":"S\u00e9rie sentimentale","production":"","nationalite":"mexicain","presentateurs":"","invites":"","realisateurs":"","acteurs":"C\u00e9sar Evora, Daniela Romo, Victoria Ruffo, Diego Olivera, William Levy, Maite Perroni, Osvaldo R\u00edos","url_site":"","mandat_debut":"","mandat_nb":"0","OAS_sitepage":"","connexes":[],"url_video":"","mandat_duree":""},{"id_diffusion":"103823757","code_programme":"","id_programme":"","titre":"La force du coeur","sous_titre":"","accroche":"","url_image_racine":"","extension_image":"","datemodif_image":"","chaine":"la_1ere","date":"2014-06-02","heure":"15:33","duree":"45","csa_code":"TP","csa_nom_long":"Tous publics","rubrique":"","genre_simplifie":"S\u00e9rie sentimentale","production":"","nationalite":"","presentateurs":"","invites":"","realisateurs":"","acteurs":"","url_site":"","mandat_debut":"","mandat_nb":"0","OAS_sitepage":"","connexes":[],"url_video":"","mandat_duree":""},{"id_diffusion":"103823758","code_programme":"","id_programme":"","titre":"La force du coeur","sous_titre":"","accroche":"","url_image_racine":"","extension_image":"","datemodif_image":"","chaine":"la_1ere","date":"2014-06-02","heure":"16:18","duree":"45","csa_code":"TP","csa_nom_long":"Tous publics","rubrique":"","genre_simplifie":"S\u00e9rie sentimentale","production":"","nationalite":"","presentateurs":"","invites":"","realisateurs":"","acteurs":"","url_site":"","mandat_debut":"","mandat_nb":"0","OAS_sitepage":"","connexes":[],"url_video":"","mandat_duree":""},{"id_diffusion":"103823759","code_programme":"","id_programme":"","titre":"La force du coeur","sous_titre":"","accroche":"","url_image_racine":"","extension_image":"","datemodif_image":"","chaine":"la_1ere","date":"2014-06-02","heure":"17:03","duree":"46","csa_code":"TP","csa_nom_long":"Tous publics","rubrique":"","genre_simplifie":"S\u00e9rie sentimentale","production":"","nationalite":"","presentateurs":"","invites":"","realisateurs":"","acteurs":"","url_site":"","mandat_debut":"","mandat_nb":"0","OAS_sitepage":"","connexes":[],"url_video":"","mandat_duree":""},{"id_diffusion":"103823760","code_programme":"","id_programme":"","titre":"Avenida Brasil","sous_titre":"","accroche":"Alors que Carminia et Tifon discutent de leur divorce, Carminia fait un malaise. Jorginho parle \u00e0 L\u00e9l\u00e9co des amours de Tifon et lui explique qu'il va essayer de ne pas le blesser...","url_image_racine":"\/staticftv\/ref_emissions\/2014-06-02\/COL_485458_csa1","extension_image":"jpg","datemodif_image":"1401465545","chaine":"la_1ere","date":"2014-06-02","heure":"17:49","duree":"47","csa_code":"TP","csa_nom_long":"Tous publics","rubrique":"","genre_simplifie":"S\u00e9rie sentimentale","production":"","nationalite":"br\u00e9silien","presentateurs":"","invites":"","realisateurs":"","acteurs":"Adriana Esteves, Murilo Ben\u00edcio, Helo\u00edsa P\u00e9riss\u00e9, D\u00e9bora Falabella, Marcello Novaes, Eliane Glardini, Let\u00edcia Isnard","url_site":"","mandat_debut":"","mandat_nb":"0","OAS_sitepage":"","connexes":[],"url_video":"","mandat_duree":""},{"id_diffusion":"103823761","code_programme":"en_attendant_19h","id_programme":"16411","titre":"En attendant 19h","sous_titre":"","accroche":"Rudy Icare fait d\u00e9couvrir des nouveaux talents de Guyane dans la bonne huemeur    ","url_image_racine":"\/staticftv\/programmes\/16411_1397034035_csa1","extension_image":"jpg","datemodif_image":"1397034035","chaine":"la_1ere","date":"2014-06-02","heure":"18:36","duree":"13","csa_code":"TP","csa_nom_long":"Tous publics","rubrique":"Magazine","genre_simplifie":"S\u00e9rie humoristique","production":"","nationalite":"","presentateurs":"","invites":"","realisateurs":"","acteurs":"","url_site":"","mandat_debut":"0","mandat_nb":"toutes","OAS_sitepage":"la_1ere\/magazine\/enattendant19h","connexes":[],"url_video":"","mandat_duree":""},{"id_diffusion":"103823762","code_programme":"sur_la_route_de_rio","id_programme":"16767","titre":"En route vers Rio","sous_titre":"","accroche":"Lucie D\u00e9cosse, championne olympique de judo et Guyanaise d'origine nous emm\u00e8ne \u00e0 la d\u00e9couverte du Br\u00e9sil, en pleine pr\u00e9paration de la coupe du monde de football","url_image_racine":"\/staticftv\/programmes\/16767_1400678615_csa1","extension_image":"jpg","datemodif_image":"1400678615","chaine":"la_1ere","date":"2014-06-02","heure":"18:49","duree":"5","csa_code":"TP","csa_nom_long":"Tous publics","rubrique":"Sport","genre_simplifie":"Magazine sportif","production":"","nationalite":"","presentateurs":"","invites":"","realisateurs":"","acteurs":"","url_site":"http:\/\/guyane.la1ere.fr\/emissions\/sur-la-route-de-rio","mandat_debut":"0","mandat_nb":"toutes","OAS_sitepage":"la_1ere\/sport\/enrouteversrio","connexes":[],"url_video":"","mandat_duree":""},{"id_diffusion":"103823763","code_programme":"","id_programme":"","titre":"Plein air","sous_titre":"","accroche":"","url_image_racine":"","extension_image":"","datemodif_image":"","chaine":"la_1ere","date":"2014-06-02","heure":"18:54","duree":"6","csa_code":"TP","csa_nom_long":"Tous publics","rubrique":"","genre_simplifie":"Magazine de services","production":"","nationalite":"","presentateurs":"","invites":"","realisateurs":"","acteurs":"","url_site":"","mandat_debut":"","mandat_nb":"0","OAS_sitepage":"","connexes":[],"url_video":"","mandat_duree":""},{"id_diffusion":"103823764","code_programme":"","id_programme":"","titre":"Info soir : les titres","sous_titre":"","accroche":"","url_image_racine":"","extension_image":"","datemodif_image":"","chaine":"la_1ere","date":"2014-06-02","heure":"19:00","duree":"1","csa_code":"TP","csa_nom_long":"Tous publics","rubrique":"","genre_simplifie":"Journal","production":"","nationalite":"","presentateurs":"","invites":"","realisateurs":"","acteurs":"","url_site":"","mandat_debut":"","mandat_nb":"0","OAS_sitepage":"","connexes":[],"url_video":"","mandat_duree":""},{"id_diffusion":"103823765","code_programme":"","id_programme":"","titre":"19\/20 : Edition nationale","sous_titre":"","accroche":"","url_image_racine":"","extension_image":"","datemodif_image":"","chaine":"la_1ere","date":"2014-06-02","heure":"19:01","duree":"29","csa_code":"TP","csa_nom_long":"Tous publics","rubrique":"","genre_simplifie":"Journal","production":"","nationalite":"","presentateurs":"","invites":"","realisateurs":"","acteurs":"","url_site":"","mandat_debut":"","mandat_nb":"0","OAS_sitepage":"","connexes":[],"url_video":"","mandat_duree":""},{"id_diffusion":"103823766","code_programme":"jt_guyane","id_programme":"445","titre":"Le journal Guyane 1\u00e8re","sous_titre":"","accroche":"Toute l'actualit\u00e9 de votre r\u00e9gion.","url_image_racine":"\/staticftv\/catchup\/img\/3\/4\/445_1300729002_3_csa1","extension_image":"png","datemodif_image":"1300729002","chaine":"la_1ere","date":"2014-06-02","heure":"19:30","duree":"25","csa_code":"TP","csa_nom_long":"Tous publics","rubrique":"Info","genre_simplifie":"Journal","production":"","nationalite":"","presentateurs":"","invites":"","realisateurs":"","acteurs":"","url_site":"http:\/\/guyane.la1ere.fr\/","mandat_debut":"0","mandat_nb":"toutes","OAS_sitepage":"la_1ere\/info\/lejournalguyane1ere","connexes":[],"url_video":"","mandat_duree":""},{"id_diffusion":"103823767","code_programme":"meteo_guyane_1ere","id_programme":"11539","titre":"M\u00e9t\u00e9o","sous_titre":"","accroche":"Bulletin m\u00e9t\u00e9o et pr\u00e9visions.","url_image_racine":"\/staticftv\/programmes\/11539_1345648790_csa1","extension_image":"jpg","datemodif_image":"1345648790","chaine":"la_1ere","date":"2014-06-02","heure":"19:55","duree":"3","csa_code":"TP","csa_nom_long":"Tous publics","rubrique":"Info","genre_simplifie":"M\u00e9t\u00e9o","production":"","nationalite":"","presentateurs":"","invites":"","realisateurs":"","acteurs":"","url_site":"","mandat_debut":"0","mandat_nb":"toutes","OAS_sitepage":"la_1ere\/info\/meteo","connexes":[],"url_video":"","mandat_duree":""},{"id_diffusion":"103823768","code_programme":"toute_nouvelle_tendance","id_programme":"12054","titre":"T.N.T","sous_titre":"","accroche":"Ce rendez-vous quotidien reste le lieu des avant-premi\u00e8res culturelles : th\u00e9\u00e2tre, litt\u00e9rature, peinture, musique\u0085","url_image_racine":"\/staticftv\/programmes\/12054_1380897392_csa1","extension_image":"jpg","datemodif_image":"1380897392","chaine":"la_1ere","date":"2014-06-02","heure":"19:58","duree":"41","csa_code":"TP","csa_nom_long":"Tous publics","rubrique":"Magazine","genre_simplifie":"Magazine d'information","production":"","nationalite":"","presentateurs":"","invites":"","realisateurs":"","acteurs":"","url_site":"http:\/\/guyane.la1ere.fr\/emissions\/tnt-reboot","mandat_debut":"0","mandat_nb":"toutes","OAS_sitepage":"la_1ere\/magazine\/tnt","connexes":[],"url_video":"","mandat_duree":""},{"id_diffusion":"103823769","code_programme":"973_chrono","id_programme":"654","titre":"9.7.3 chrono Guyane 1\u00e8re","sous_titre":"","accroche":"973 Chrono, semaine apr\u00e8s semaine nous fait d\u00e9couvrir les multiples talents sportifs que rec\u00e8lent la Guyane.","url_image_racine":"\/staticftv\/catchup\/img\/3\/6\/654_1300729037_3_csa1","extension_image":"png","datemodif_image":"1300729037","chaine":"la_1ere","date":"2014-06-02","heure":"20:39","duree":"52","csa_code":"TP","csa_nom_long":"Tous publics","rubrique":"Sport","genre_simplifie":"Magazine sportif","production":"","nationalite":"","presentateurs":"","invites":"","realisateurs":"","acteurs":"","url_site":"http:\/\/guyane.la1ere.fr\/emissions\/973-chrono","mandat_debut":"0","mandat_nb":"toutes","OAS_sitepage":"la_1ere\/sport\/973chronoguyane1ere","connexes":[],"url_video":"","mandat_duree":""},{"id_diffusion":"103823770","code_programme":"","id_programme":"","titre":"FBI : port\u00e9s disparus","sous_titre":"Claire de Lune","accroche":"Dans un h\u00f4pital psychiatrique, une adolescente en crise, Claire Metcalf, est enferm\u00e9e par un aide-soignant dans une chambre d'isolement. Mais lorsqu'il revient un peu plus tard pour voir si elle s'est calm\u00e9e, il ne trouve plus trace de la patiente. Jack et son \u00e9quipe sont imm\u00e9diatement charg\u00e9s de retrouver la jeune fille. Au cours de leur enqu\u00eate, ils recoupent des informations contradictoires sur son \u00e9tat de sant\u00e9 mental. Son petit ami et un infirmier affirment que Claire n'a strictement aucun probl\u00e8me psychiatrique. D'autres \u00e9l\u00e9ments conduisent Danny et Samantha \u00e0 douter de la n\u00e9cessit\u00e9 de cet internement. Bient\u00f4t, ils font une d\u00e9couverte pour le moins spectaculaire...","url_image_racine":"\/staticftv\/ref_emissions\/2014-06-02\/EMI_50828_csa1","extension_image":"jpg","datemodif_image":"1401465545","chaine":"la_1ere","date":"2014-06-02","heure":"21:31","duree":"39","csa_code":"TP","csa_nom_long":"Tous publics","rubrique":"","genre_simplifie":"S\u00e9rie","production":"","nationalite":"am\u00e9ricaine","presentateurs":"","invites":"","realisateurs":"Mel Damski","acteurs":"Anthony LaPaglia, Scott Paulin, Eric Close, Marianne Jean-Baptiste, Jessica Lundy, Amber Tamblyn, Poppy Montgomery, Enrique Murciano","url_site":"","mandat_debut":"","mandat_nb":"0","OAS_sitepage":"","connexes":[],"url_video":"","mandat_duree":""},{"id_diffusion":"103823771","code_programme":"","id_programme":"","titre":"FBI : port\u00e9s disparus","sous_titre":"Une question d'honneur","accroche":"Jack et son \u00e9quipe sont \u00e0 la recherche de John Carver, un officier de l'arm\u00e9e am\u00e9ricaine retrait\u00e9 depuis peu, qui a myst\u00e9rieusement disparu apr\u00e8s un d\u00eener organis\u00e9 en son honneur par les anciens membres de la division dans laquelle il servait au Vi\u00eatnam. En interrogeant les personnes qui \u00e9taient pr\u00e9sentes \u00e0 cette soir\u00e9e, les enqu\u00eateurs s'aper\u00e7oivent qu'elles divergent dans leur compte-rendu d'un violent incident qui a eu lieu des ann\u00e9es plus t\u00f4t \u00e0 Kam Li, au Vi\u00eatnam. Cet \u00e9pisode semble susciter de nombreuses controverses. Jack et Martin se rendent \u00e0 Washington pour interroger un d\u00e9put\u00e9 qui pourrait \u00eatre m\u00eal\u00e9 \u00e0 cette \u00e9trange affaire...","url_image_racine":"\/staticftv\/ref_emissions\/2014-06-02\/EMI_31389_csa1","extension_image":"jpg","datemodif_image":"1401465545","chaine":"la_1ere","date":"2014-06-02","heure":"22:10","duree":"42","csa_code":"TP","csa_nom_long":"Tous publics","rubrique":"","genre_simplifie":"S\u00e9rie","production":"","nationalite":"am\u00e9ricaine","presentateurs":"","invites":"","realisateurs":"Randall Zisk","acteurs":"Anthony LaPaglia, Ernie Hudson, Steve Eastin, Eric Close, Marianne Jean-Baptiste, Poppy Montgomery, Sarah Brown, Enrique Murciano","url_site":"","mandat_debut":"","mandat_nb":"0","OAS_sitepage":"","connexes":[],"url_video":"","mandat_duree":""},{"id_diffusion":"103823772","code_programme":"","id_programme":"","titre":"L'attaque","sous_titre":"Votre argent m'int\u00e9resse","accroche":"A l'occasion d'un improbable braquage, une dizaine de personnes se retrouvent enferm\u00e9es dans une banque, pris en otages par quatre bandits, et, confront\u00e9s \u00e0 la violence des \u00e9v\u00e9nements, se r\u00e9v\u00e8lent pour le meilleur et pour le pire...","url_image_racine":"\/staticftv\/ref_emissions\/2014-06-02\/EMI_445429_csa1","extension_image":"jpg","datemodif_image":"1401465545","chaine":"la_1ere","date":"2014-06-02","heure":"22:52","duree":"47","csa_code":"TP","csa_nom_long":"Tous publics","rubrique":"","genre_simplifie":"S\u00e9rie","production":"","nationalite":"fran\u00e7aise","presentateurs":"","invites":"","realisateurs":"Alexandre Pidoux","acteurs":"Fran\u00e7ois-Eric Gendron, Elisabeth Commelin, Lionnel Astier, Delphine Rollin, Arnaud Ducret, Ralph Amoussou, Blandine Bellavoir, Slimane Yefsah","url_site":"","mandat_debut":"","mandat_nb":"0","OAS_sitepage":"","connexes":[],"url_video":"","mandat_duree":""},{"id_diffusion":"103823773","code_programme":"","id_programme":"","titre":"Les Cordier, juge et flic","sous_titre":"Saut p\u00e9rilleux","accroche":"Le juge et le commissaire Cordier travaillent cette fois main dans la main. Un enfant, laveur de pare-brise, vient de mourir, fauch\u00e9 par une voiture. Le chauffard n'a m\u00eame pas daign\u00e9 s'arr\u00eater. L'enqu\u00eate conduit le magistrat et le policier sur la piste d'artistes de cirque, qui pourraient bien avoir des \u00e9l\u00e9ments \u00e0 fournir aux deux repr\u00e9sentants de l'ordre. Lorsque le p\u00e8re de la victime est \u00e0 son tour assassin\u00e9, l'affaire se complique s\u00e9rieusement. L'enfant a peut-\u00eatre \u00e9t\u00e9 la victime d'un meurtre. Mais qui peut bien en vouloir \u00e0 un gamin ? Les Cordier, qui n'excluent aucune possibilit\u00e9, sont pr\u00eats \u00e0 tout entendre. Mais dans le milieu du cirque, la solidarit\u00e9 est tr\u00e8s forte et les langues se d\u00e9lient peu...","url_image_racine":"\/staticftv\/ref_emissions\/2014-06-02\/EMI_100740_csa1","extension_image":"jpg","datemodif_image":"1401465546","chaine":"la_1ere","date":"2014-06-02","heure":"23:39","duree":"91","csa_code":"TP","csa_nom_long":"Tous publics","rubrique":"","genre_simplifie":"T\u00e9l\u00e9film policier","production":"","nationalite":"fran\u00e7ais","presentateurs":"","invites":"","realisateurs":"Gilles B\u00e9hat","acteurs":"Pierre Mondy, Bruno Madinier, Antonella Lualdi, Charlotte Valandrey, Jean-Jacques Moreau, Bernard Haller, Jean-Michel Dupuis, Pierre-Arnaud Juin","url_site":"","mandat_debut":"","mandat_nb":"0","OAS_sitepage":"","connexes":[],"url_video":"","mandat_duree":""},{"id_diffusion":"103823774","code_programme":"","id_programme":"","titre":"Terre violente","sous_titre":"H\u00e9l\u00e8ne, 1888-1908","accroche":"En 1888, en Nouvelle-Cal\u00e9donie. A peine H\u00e9l\u00e8ne, 10 ans, vient-elle de quitter le bateau qui l'a amen\u00e9e de France avec sa famille, qu'un groupe de Kanaks les assaille pour les massacrer sauvagement. H\u00e9l\u00e8ne, seule rescap\u00e9e, est recueillie par un pr\u00eatre, puis confi\u00e9e \u00e0 Campbell, un vieux paysan qui vit seul avec son fils, John, dans le village de Vat\u00e9. Obs\u00e9d\u00e9e par le souvenir de la trag\u00e9die qui a marqu\u00e9 ses 10 ans, H\u00e9l\u00e8ne s'attache pourtant, en grandissant, \u00e0 cette terre et \u00e0 cette population indig\u00e8ne qu'elle avait crues hostiles, notamment gr\u00e2ce \u00e0 Hippocrate, un m\u00e9decin fran\u00e7ais. Les ann\u00e9es passent. H\u00e9l\u00e8ne \u00e9pouse John, avec qui elle a \u00e9t\u00e9 \u00e9lev\u00e9e...","url_image_racine":"\/staticftv\/ref_emissions\/2014-06-02\/EMI_408607_csa1","extension_image":"jpg","datemodif_image":"1401465546","chaine":"la_1ere","date":"2014-06-03","heure":"01:10","duree":"92","csa_code":"TP","csa_nom_long":"Tous publics","rubrique":"","genre_simplifie":"T\u00e9l\u00e9film dramatique","production":"","nationalite":"australo-fran\u00e7ais","presentateurs":"","invites":"","realisateurs":"Michael Offer","acteurs":"Bernard Verley, Claire Nebout, Bill Hunter, Joe Petruzzi, Frank Gallagher, Jeremy Callaghan, Brittany Byrnes, Amanda Wenban","url_site":"","mandat_debut":"","mandat_nb":"0","OAS_sitepage":"","connexes":[],"url_video":"","mandat_duree":""},{"id_diffusion":"103823775","code_programme":"","id_programme":"","titre":"Fais pas ci, fais pas \u00e7a","sous_titre":"La rentr\u00e9e des classes","accroche":"C'est la rentr\u00e9e des classes, un moment de stress dans toutes les familles. Chaque ann\u00e9e, Fabienne Lepic est au plus mal en cette p\u00e9riode. Depuis trois ans, elle a d\u00e9cid\u00e9 de r\u00e9agir pour mieux y faire face. Sept jours avant la date fatidique, elle entame un traitement m\u00e9dical adapt\u00e9 \u00e0 son mal-\u00eatre...","url_image_racine":"\/staticftv\/ref_emissions\/2014-06-02\/EMI_86911_csa1","extension_image":"jpg","datemodif_image":"1401465546","chaine":"la_1ere","date":"2014-06-03","heure":"02:42","duree":"35","csa_code":"TP","csa_nom_long":"Tous publics","rubrique":"","genre_simplifie":"S\u00e9rie humoristique","production":"","nationalite":"fran\u00e7aise","presentateurs":"","invites":"","realisateurs":"Pascal Chaumeil","acteurs":"Isabelle G\u00e9linas, Val\u00e9rie Bonneton, Bruno Salomone, Yaniss Lespert, Guillaume de Tonqu\u00e9dec, Tiphaine Haas, Alexandra Gentil, Lilian Dugois","url_site":"","mandat_debut":"","mandat_nb":"0","OAS_sitepage":"","connexes":[],"url_video":"","mandat_duree":""},{"id_diffusion":"103823776","code_programme":"","id_programme":"","titre":"La pirogue du coeur","sous_titre":"","accroche":"En 2009, \u00e0 Tahanea aux Tuamotu en Polyn\u00e9sie fran\u00e7aise, Francis Gazeau bricole un kayak pour en faire une pirogue \u00e0 balancier et \u00e0 voile. Apr\u00e8s un an pass\u00e9 seul sur cet atoll d\u00e9sert, il continue aujourd'hui son combat en faveur du don d'organes en allant cette fois \u00e0 la rencontre des gens, reliant huit atolls des Tuamotu avec une pirogue \u00e0 voile inspir\u00e9e de celle fabriqu\u00e9e \u00e0 Tahanea.","url_image_racine":"\/staticftv\/ref_emissions\/2014-06-02\/EMI_468177_csa1","extension_image":"jpg","datemodif_image":"1401465546","chaine":"la_1ere","date":"2014-06-03","heure":"03:17","duree":"52","csa_code":"TP","csa_nom_long":"Tous publics","rubrique":"","genre_simplifie":"Documentaire scientifique","production":"","nationalite":"fran\u00e7ais","presentateurs":"","invites":"","realisateurs":"Jacques Navarro","acteurs":"","url_site":"","mandat_debut":"","mandat_nb":"0","OAS_sitepage":"","connexes":[],"url_video":"","mandat_duree":""},{"id_diffusion":"103823777","code_programme":"","id_programme":"","titre":"Dub style","sous_titre":"","accroche":"","url_image_racine":"","extension_image":"","datemodif_image":"","chaine":"la_1ere","date":"2014-06-03","heure":"04:09","duree":"26","csa_code":"TP","csa_nom_long":"Tous publics","rubrique":"","genre_simplifie":"Magazine sportif","production":"","nationalite":"","presentateurs":"","invites":"","realisateurs":"","acteurs":"","url_site":"","mandat_debut":"","mandat_nb":"0","OAS_sitepage":"","connexes":[],"url_video":"","mandat_duree":""},{"id_diffusion":"103823778","code_programme":"","id_programme":"","titre":"Couleurs outremers","sous_titre":"Sp\u00e9cial nautisme","accroche":"Au sommaire : Les yoles de Martinique. Pour naviguer sur une yole ronde, il convient de faire preuve d'une vraie ma\u00eetrise. - La course de Va'a en Polyn\u00e9sie. Les Va'a sont des courses qui mettent en sc\u00e8ne des pirogues traditionnelles. - La voile dans le vent en Guadeloupe. L'arriv\u00e9e de la Route du Rhum en Guadeloupe est un spectacle impressionnant. - L'essor du kite-surf en Nouvelle-Cal\u00e9donie.\nPour naviguer sur une yole ronde, une embarcation aux voiles color\u00e9es par les sponsors de l'\u00eele de la Martinique, il convient de faire preuve d'une vraie ma\u00eetrise.\nLes Va'a sont des courses qui mettent en sc\u00e8ne des pirogues traditionnelles.\nL'arriv\u00e9e de la Route du Rhum en Guadeloupe est un spectacle impressionnant.\nLe kite-surf, qui consiste \u00e0 associer le surf au cerf-volant, est une activit\u00e9 qui compte toujours plus d'adeptes en Nouvelle-Cal\u00e9donie.","url_image_racine":"\/staticftv\/ref_emissions\/2014-06-02\/COL_295886_csa1","extension_image":"jpg","datemodif_image":"1401465546","chaine":"la_1ere","date":"2014-06-03","heure":"04:35","duree":"55","csa_code":"TP","csa_nom_long":"Tous publics","rubrique":"","genre_simplifie":"Magazine de d\u00e9couvertes","production":"","nationalite":"","presentateurs":"","invites":"","realisateurs":"","acteurs":"","url_site":"","mandat_debut":"","mandat_nb":"0","OAS_sitepage":"","connexes":[],"url_video":"","mandat_duree":""}]}