{"journee":{"date":"2014-06-02","nb_prog":87},"programmes":[{"id_diffusion":"103366851","code_programme":"","id_programme":"","titre":"Un gars, une fille","sous_titre":"En voiture","accroche":"Dans la vie de couple, on constate facilement que les hommes et les femmes ne se ressemblent pas, ce qui ne facilite pas toujours le quotidien ! Alexandra et Jean en font l'exp\u00e9rience tous les jours.","url_image_racine":"\/staticftv\/ref_emissions\/2014-06-02\/COL_143566_csa1","extension_image":"jpg","datemodif_image":"1401688381","chaine":"france4","date":"2014-06-02","heure":"05:00","duree":"5","csa_code":"TP","csa_nom_long":"Tous publics","rubrique":"","genre_simplifie":"S\u00e9rie humoristique","production":"","nationalite":"fran\u00e7aise","presentateurs":"","invites":"","realisateurs":"","acteurs":"Alexandra Lamy, Jean Dujardin","url_site":"","mandat_debut":"","mandat_nb":"0","OAS_sitepage":"","connexes":[],"url_video":"","mandat_duree":""},{"id_diffusion":"103366852","code_programme":"","id_programme":"","titre":"Un gars, une fille","sous_titre":"Au t\u00e9l\u00e9phone","accroche":"Dans la vie de couple, on constate facilement que les hommes et les femmes ne se ressemblent pas, ce qui ne facilite pas toujours le quotidien ! Alexandra et Jean en font l'exp\u00e9rience tous les jours.","url_image_racine":"\/staticftv\/ref_emissions\/2014-06-02\/COL_143566_csa1","extension_image":"jpg","datemodif_image":"1401688381","chaine":"france4","date":"2014-06-02","heure":"05:05","duree":"10","csa_code":"TP","csa_nom_long":"Tous publics","rubrique":"","genre_simplifie":"S\u00e9rie humoristique","production":"","nationalite":"fran\u00e7aise","presentateurs":"","invites":"","realisateurs":"","acteurs":"Alexandra Lamy, Jean Dujardin","url_site":"","mandat_debut":"","mandat_nb":"0","OAS_sitepage":"","connexes":[],"url_video":"","mandat_duree":""},{"id_diffusion":"103366853","code_programme":"","id_programme":"","titre":"Un gars, une fille","sous_titre":"Font du jardinage","accroche":"Dans la vie de couple, on constate facilement que les hommes et les femmes ne se ressemblent pas, ce qui ne facilite pas toujours le quotidien ! Alexandra et Jean en font l'exp\u00e9rience tous les jours.","url_image_racine":"\/staticftv\/ref_emissions\/2014-06-02\/COL_143566_csa1","extension_image":"jpg","datemodif_image":"1401688381","chaine":"france4","date":"2014-06-02","heure":"05:15","duree":"5","csa_code":"TP","csa_nom_long":"Tous publics","rubrique":"","genre_simplifie":"S\u00e9rie humoristique","production":"","nationalite":"fran\u00e7aise","presentateurs":"","invites":"","realisateurs":"","acteurs":"Alexandra Lamy, Jean Dujardin","url_site":"","mandat_debut":"","mandat_nb":"0","OAS_sitepage":"","connexes":[],"url_video":"","mandat_duree":""},{"id_diffusion":"103366854","code_programme":"","id_programme":"","titre":"Un gars, une fille","sous_titre":"Font du bateau","accroche":"Dans la vie de couple, on constate facilement que les hommes et les femmes ne se ressemblent pas, ce qui ne facilite pas toujours le quotidien ! Alexandra et Jean en font l'exp\u00e9rience tous les jours.","url_image_racine":"\/staticftv\/ref_emissions\/2014-06-02\/COL_367651_csa1","extension_image":"jpg","datemodif_image":"1401688381","chaine":"france4","date":"2014-06-02","heure":"05:20","duree":"5","csa_code":"TP","csa_nom_long":"Tous publics","rubrique":"","genre_simplifie":"S\u00e9rie humoristique","production":"","nationalite":"fran\u00e7aise","presentateurs":"","invites":"","realisateurs":"","acteurs":"Alexandra Lamy, Jean Dujardin","url_site":"","mandat_debut":"","mandat_nb":"0","OAS_sitepage":"","connexes":[],"url_video":"","mandat_duree":""},{"id_diffusion":"103366855","code_programme":"","id_programme":"","titre":"Un gars, une fille","sous_titre":"Au marathon","accroche":"Dans la vie de couple, on constate facilement que les hommes et les femmes ne se ressemblent pas, ce qui ne facilite pas toujours le quotidien ! Alexandra et Jean en font l'exp\u00e9rience tous les jours.","url_image_racine":"\/staticftv\/ref_emissions\/2014-06-02\/COL_143566_csa1","extension_image":"jpg","datemodif_image":"1401688381","chaine":"france4","date":"2014-06-02","heure":"05:25","duree":"5","csa_code":"TP","csa_nom_long":"Tous publics","rubrique":"","genre_simplifie":"S\u00e9rie humoristique","production":"","nationalite":"fran\u00e7aise","presentateurs":"","invites":"","realisateurs":"","acteurs":"Alexandra Lamy, Jean Dujardin","url_site":"","mandat_debut":"","mandat_nb":"0","OAS_sitepage":"","connexes":[],"url_video":"","mandat_duree":""},{"id_diffusion":"103366856","code_programme":"","id_programme":"","titre":"Un gars, une fille","sous_titre":"Accident de voiture","accroche":"Dans la vie de couple, on constate facilement que les hommes et les femmes ne se ressemblent pas, ce qui ne facilite pas toujours le quotidien ! Alexandra et Jean en font l'exp\u00e9rience tous les jours.","url_image_racine":"\/staticftv\/ref_emissions\/2014-06-02\/COL_367651_csa1","extension_image":"jpg","datemodif_image":"1401688381","chaine":"france4","date":"2014-06-02","heure":"05:30","duree":"5","csa_code":"TP","csa_nom_long":"Tous publics","rubrique":"","genre_simplifie":"S\u00e9rie humoristique","production":"","nationalite":"fran\u00e7aise","presentateurs":"","invites":"","realisateurs":"","acteurs":"Alexandra Lamy, Jean Dujardin","url_site":"","mandat_debut":"","mandat_nb":"0","OAS_sitepage":"","connexes":[],"url_video":"","mandat_duree":""},{"id_diffusion":"103366857","code_programme":"","id_programme":"","titre":"Un gars, une fille","sous_titre":"Au petit d\u00e9jeuner","accroche":"Dans la vie de couple, on constate facilement que les hommes et les femmes ne se ressemblent pas, ce qui ne facilite pas toujours le quotidien ! Alexandra et Jean en font l'exp\u00e9rience tous les jours.","url_image_racine":"\/staticftv\/ref_emissions\/2014-06-02\/COL_367651_csa1","extension_image":"jpg","datemodif_image":"1401688382","chaine":"france4","date":"2014-06-02","heure":"05:35","duree":"10","csa_code":"TP","csa_nom_long":"Tous publics","rubrique":"","genre_simplifie":"S\u00e9rie humoristique","production":"","nationalite":"fran\u00e7aise","presentateurs":"","invites":"","realisateurs":"","acteurs":"Alexandra Lamy, Jean Dujardin","url_site":"","mandat_debut":"","mandat_nb":"0","OAS_sitepage":"","connexes":[],"url_video":"","mandat_duree":""},{"id_diffusion":"103228684","code_programme":"","id_programme":"","titre":"Des baskets dans l'assiette","sous_titre":"G\u00e2chis parmentier","accroche":"","url_image_racine":"","extension_image":"","datemodif_image":"","chaine":"france4","date":"2014-06-02","heure":"05:45","duree":"5","csa_code":"TP","csa_nom_long":"Tous publics","rubrique":"","genre_simplifie":"Magazine de services","production":"","nationalite":"","presentateurs":"","invites":"","realisateurs":"","acteurs":"","url_site":"","mandat_debut":"","mandat_nb":"0","OAS_sitepage":"","connexes":[],"url_video":"","mandat_duree":""},{"id_diffusion":"103228685","code_programme":"gigi","id_programme":"12970","titre":"Gigi","sous_titre":"La bo\u00eete \u00e0 musique","accroche":"Gigi est la princesse du pays imaginaire de Fenarinarsa, menac\u00e9 de disparition car les habitants de la Terre ont perdu leurs r\u00eaves et leurs espoirs. Le roi et la reine de Fenarinarsa envoient donc leur fille sur Terre. Petite fille de douze ans, Gigi poss\u00e8de plusieurs pouvoirs magiques, dont celui lui permettant de se transformer en jeune femme pour aider les humains.","url_image_racine":"\/staticftv\/ref_emissions\/2014-06-02\/COL_405693_csa1","extension_image":"jpg","datemodif_image":"1401688382","chaine":"france4","date":"2014-06-02","heure":"05:50","duree":"20","csa_code":"TP","csa_nom_long":"Tous publics","rubrique":"Jeunesse","genre_simplifie":"S\u00e9rie d'animation","production":"","nationalite":"japonaise","presentateurs":"","invites":"","realisateurs":"","acteurs":"","url_site":"","mandat_debut":"0","mandat_nb":"toutes","OAS_sitepage":"france4\/jeunesse\/gigi","connexes":[],"url_video":"\/hls-ios-inf\/i\/streaming-adaptatif_france-dom-tom\/2014\/S23\/J1\/103228685-20140602-,398,632,934,k.mp4.csmil\/master.m3u8","mandat_duree":"7"},{"id_diffusion":"103228686","code_programme":"dofus_f4","id_programme":"16563","titre":"Dofus : aux tr\u00e9sors de Kerubim","sous_titre":"Kerubim","accroche":"Kerubim Cr\u00e9pin, un Ecaflip, raconte avec passion et nostalgie ses souvenirs de jeunesse \u00e0 son fils adoptif, Joris. Il \u00e9voque ses nombreuses aventures, tour \u00e0 tour dr\u00f4les et palpitantes.","url_image_racine":"\/staticftv\/ref_emissions\/2014-06-02\/EMI_441997_csa1","extension_image":"jpg","datemodif_image":"1401688382","chaine":"france4","date":"2014-06-02","heure":"06:10","duree":"10","csa_code":"TP","csa_nom_long":"Tous publics","rubrique":"Jeunesse","genre_simplifie":"S\u00e9rie d'animation","production":"","nationalite":"fran\u00e7aise","presentateurs":"","invites":"","realisateurs":"","acteurs":"","url_site":"","mandat_debut":"0","mandat_nb":"toutes","OAS_sitepage":"france4\/jeunesse\/dofusauxtresorsdekerubim","connexes":[],"url_video":"\/hls-ios-inf\/i\/streaming-adaptatif_france-dom-tom\/2014\/S23\/J1\/103228686-20140602-,398,632,934,k.mp4.csmil\/master.m3u8","mandat_duree":"2"},{"id_diffusion":"103366859","code_programme":"dofus_f4","id_programme":"16563","titre":"Dofus : aux tr\u00e9sors de Kerubim","sous_titre":"Le blues de Luis","accroche":"Kerubim Cr\u00e9pin, un Ecaflip, raconte avec passion et nostalgie ses souvenirs de jeunesse \u00e0 son fils adoptif, Joris. Il \u00e9voque ses nombreuses aventures, tour \u00e0 tour dr\u00f4les et palpitantes.","url_image_racine":"\/staticftv\/ref_emissions\/2014-06-02\/EMI_441997_csa1","extension_image":"jpg","datemodif_image":"1401688382","chaine":"france4","date":"2014-06-02","heure":"06:20","duree":"15","csa_code":"TP","csa_nom_long":"Tous publics","rubrique":"Jeunesse","genre_simplifie":"S\u00e9rie d'animation","production":"","nationalite":"fran\u00e7aise","presentateurs":"","invites":"","realisateurs":"","acteurs":"","url_site":"","mandat_debut":"0","mandat_nb":"toutes","OAS_sitepage":"france4\/jeunesse\/dofusauxtresorsdekerubim","connexes":[],"url_video":"\/hls-ios-inf\/i\/streaming-adaptatif_france-dom-tom\/2014\/S23\/J1\/103366859-20140602-,398,632,934,k.mp4.csmil\/master.m3u8","mandat_duree":"2"},{"id_diffusion":"103366860","code_programme":"dofus_f4","id_programme":"16563","titre":"Dofus : aux tr\u00e9sors de Kerubim","sous_titre":"Chasse \u00e0 Truche","accroche":"Kerubim Cr\u00e9pin, un Ecaflip, raconte avec passion et nostalgie ses souvenirs de jeunesse \u00e0 son fils adoptif, Joris. Il \u00e9voque ses nombreuses aventures, tour \u00e0 tour dr\u00f4les et palpitantes.","url_image_racine":"\/staticftv\/ref_emissions\/2014-06-02\/EMI_441997_csa1","extension_image":"jpg","datemodif_image":"1401688382","chaine":"france4","date":"2014-06-02","heure":"06:35","duree":"15","csa_code":"TP","csa_nom_long":"Tous publics","rubrique":"Jeunesse","genre_simplifie":"S\u00e9rie d'animation","production":"","nationalite":"fran\u00e7aise","presentateurs":"","invites":"","realisateurs":"","acteurs":"","url_site":"","mandat_debut":"0","mandat_nb":"toutes","OAS_sitepage":"france4\/jeunesse\/dofusauxtresorsdekerubim","connexes":[],"url_video":"\/hls-ios-inf\/i\/streaming-adaptatif_france-dom-tom\/2014\/S23\/J1\/103366860-20140602-,398,632,934,k.mp4.csmil\/master.m3u8","mandat_duree":"2"},{"id_diffusion":"103366861","code_programme":"dofus_f4","id_programme":"16563","titre":"Dofus : aux tr\u00e9sors de Kerubim","sous_titre":"Le sablier infernal","accroche":"Kerubim Cr\u00e9pin, un Ecaflip, raconte avec passion et nostalgie ses souvenirs de jeunesse \u00e0 son fils adoptif, Joris. Il \u00e9voque ses nombreuses aventures, tour \u00e0 tour dr\u00f4les et palpitantes.","url_image_racine":"\/staticftv\/ref_emissions\/2014-06-02\/EMI_441997_csa1","extension_image":"jpg","datemodif_image":"1401688382","chaine":"france4","date":"2014-06-02","heure":"06:50","duree":"10","csa_code":"TP","csa_nom_long":"Tous publics","rubrique":"Jeunesse","genre_simplifie":"S\u00e9rie d'animation","production":"","nationalite":"fran\u00e7aise","presentateurs":"","invites":"","realisateurs":"","acteurs":"","url_site":"","mandat_debut":"0","mandat_nb":"toutes","OAS_sitepage":"france4\/jeunesse\/dofusauxtresorsdekerubim","connexes":[],"url_video":"\/hls-ios-inf\/i\/streaming-adaptatif_france-dom-tom\/2014\/S23\/J1\/103366861-20140602-,398,632,934,k.mp4.csmil\/master.m3u8","mandat_duree":"2"},{"id_diffusion":"104263276","code_programme":"ninjago_f4","id_programme":"16665","titre":"Ninjago","sous_titre":"Le roi serpent","accroche":"Les jeunes ninjas affrontent des tribus de serpents, men\u00e9es par Pythor, dangereux et manipulateur, lib\u00e9r\u00e9es par le fils du Seigneur des T\u00e9n\u00e8bres.","url_image_racine":"\/staticftv\/ref_emissions\/2014-06-02\/COL_338846_csa1","extension_image":"jpg","datemodif_image":"1401688382","chaine":"france4","date":"2014-06-02","heure":"07:00","duree":"25","csa_code":"TP","csa_nom_long":"Tous publics","rubrique":"Jeunesse","genre_simplifie":"S\u00e9rie d'animation","production":"","nationalite":"","presentateurs":"","invites":"","realisateurs":"","acteurs":"","url_site":"","mandat_debut":"0","mandat_nb":"toutes","OAS_sitepage":"france4\/jeunesse\/ninjago","connexes":[],"url_video":"","mandat_duree":""},{"id_diffusion":"103228687","code_programme":"ninjago_f4","id_programme":"16665","titre":"Ninjago","sous_titre":"Jeux d'enfants","accroche":"Les jeunes ninjas affrontent des tribus de serpents, men\u00e9es par Pythor, dangereux et manipulateur, lib\u00e9r\u00e9es par le fils du Seigneur des T\u00e9n\u00e8bres.","url_image_racine":"\/staticftv\/ref_emissions\/2014-06-02\/COL_338846_csa1","extension_image":"jpg","datemodif_image":"1401688382","chaine":"france4","date":"2014-06-02","heure":"07:25","duree":"25","csa_code":"TP","csa_nom_long":"Tous publics","rubrique":"Jeunesse","genre_simplifie":"S\u00e9rie d'animation","production":"","nationalite":"am\u00e9ricaine","presentateurs":"","invites":"","realisateurs":"","acteurs":"","url_site":"","mandat_debut":"0","mandat_nb":"toutes","OAS_sitepage":"france4\/jeunesse\/ninjago","connexes":[],"url_video":"\/hls-ios-inf\/i\/streaming-adaptatif_france-dom-tom\/2014\/S23\/J1\/103228687-20140602-,398,632,934,k.mp4.csmil\/master.m3u8","mandat_duree":"7"},{"id_diffusion":"103228688","code_programme":"ninjago_f4","id_programme":"16665","titre":"Ninjago","sous_titre":"Retour vers le pass\u00e9","accroche":"Les jeunes ninjas affrontent des tribus de serpents, men\u00e9es par Pythor, dangereux et manipulateur, lib\u00e9r\u00e9es par le fils du Seigneur des T\u00e9n\u00e8bres.","url_image_racine":"\/staticftv\/ref_emissions\/2014-06-02\/COL_338846_csa1","extension_image":"jpg","datemodif_image":"1401688382","chaine":"france4","date":"2014-06-02","heure":"07:50","duree":"20","csa_code":"TP","csa_nom_long":"Tous publics","rubrique":"Jeunesse","genre_simplifie":"S\u00e9rie d'animation","production":"","nationalite":"","presentateurs":"","invites":"","realisateurs":"","acteurs":"","url_site":"","mandat_debut":"0","mandat_nb":"toutes","OAS_sitepage":"france4\/jeunesse\/ninjago","connexes":[],"url_video":"\/hls-ios-inf\/i\/streaming-adaptatif_france-dom-tom\/2014\/S23\/J1\/103228688-20140602-,398,632,934,k.mp4.csmil\/master.m3u8","mandat_duree":"7"},{"id_diffusion":"103228689","code_programme":"ultimate_spiderman_fr4","id_programme":"14259","titre":"Ultimate Spider-Man","sous_titre":"Le gaz du bouffon vert","accroche":"Peter Parker est devenu Spiderman depuis un an lorsqu'il rencontre Nick Fury. Celui-ci lui offre l'opportunit\u00e9 de devenir un v\u00e9ritable super-h\u00e9ros et d'int\u00e9grer le S.H.I.E.L.D.. Peter doit apprendre \u00e0 travailler en \u00e9quipe avec ses nouveaux compagnons.","url_image_racine":"\/staticftv\/ref_emissions\/2014-06-02\/COL_443620_csa1","extension_image":"jpg","datemodif_image":"1401688382","chaine":"france4","date":"2014-06-02","heure":"08:10","duree":"25","csa_code":"TP","csa_nom_long":"Tous publics","rubrique":"Jeunesse","genre_simplifie":"S\u00e9rie d'animation","production":"","nationalite":"am\u00e9ricaine","presentateurs":"","invites":"","realisateurs":"","acteurs":"","url_site":"","mandat_debut":"0","mandat_nb":"toutes","OAS_sitepage":"france4\/jeunesse\/ultimatespiderman","connexes":[],"url_video":"\/hls-ios-inf\/i\/streaming-adaptatif_france-dom-tom\/2014\/S23\/J1\/103228689-20140602-,398,632,934,k.mp4.csmil\/master.m3u8","mandat_duree":"7"},{"id_diffusion":"103228690","code_programme":"ultimate_spiderman_fr4","id_programme":"14259","titre":"Ultimate Spider-Man","sous_titre":"Blade","accroche":"Peter Parker est devenu Spiderman depuis un an lorsqu'il rencontre Nick Fury. Celui-ci lui offre l'opportunit\u00e9 de devenir un v\u00e9ritable super-h\u00e9ros et d'int\u00e9grer le S.H.I.E.L.D.. Peter doit apprendre \u00e0 travailler en \u00e9quipe avec ses nouveaux compagnons.","url_image_racine":"\/staticftv\/ref_emissions\/2014-06-02\/COL_443619_csa1","extension_image":"jpg","datemodif_image":"1401688382","chaine":"france4","date":"2014-06-02","heure":"08:35","duree":"25","csa_code":"TP","csa_nom_long":"Tous publics","rubrique":"Jeunesse","genre_simplifie":"S\u00e9rie d'animation","production":"","nationalite":"am\u00e9ricaine","presentateurs":"","invites":"","realisateurs":"","acteurs":"","url_site":"","mandat_debut":"0","mandat_nb":"toutes","OAS_sitepage":"france4\/jeunesse\/ultimatespiderman","connexes":[],"url_video":"\/hls-ios-inf\/i\/streaming-adaptatif_france-dom-tom\/2014\/S23\/J1\/103228690-20140602-,398,632,934,k.mp4.csmil\/master.m3u8","mandat_duree":"7"},{"id_diffusion":"103228691","code_programme":"ultimate_spiderman_fr4","id_programme":"14259","titre":"Ultimate Spider-Man","sous_titre":"Commandos hurlants","accroche":"Peter Parker est devenu Spiderman depuis un an lorsqu'il rencontre Nick Fury. Celui-ci lui offre l'opportunit\u00e9 de devenir un v\u00e9ritable super-h\u00e9ros et d'int\u00e9grer le S.H.I.E.L.D.. Peter doit apprendre \u00e0 travailler en \u00e9quipe avec ses nouveaux compagnons.","url_image_racine":"\/staticftv\/ref_emissions\/2014-06-02\/EMI_443620_csa1","extension_image":"jpg","datemodif_image":"1401688382","chaine":"france4","date":"2014-06-02","heure":"09:00","duree":"20","csa_code":"TP","csa_nom_long":"Tous publics","rubrique":"Jeunesse","genre_simplifie":"S\u00e9rie d'animation","production":"","nationalite":"am\u00e9ricaine","presentateurs":"","invites":"","realisateurs":"","acteurs":"","url_site":"","mandat_debut":"0","mandat_nb":"toutes","OAS_sitepage":"france4\/jeunesse\/ultimatespiderman","connexes":[],"url_video":"\/hls-ios-inf\/i\/streaming-adaptatif_france-dom-tom\/2014\/S23\/J1\/103228691-20140602-,398,632,934,k.mp4.csmil\/master.m3u8","mandat_duree":"7"},{"id_diffusion":"104265947","code_programme":"","id_programme":"","titre":"Angus & Cheryl","sous_titre":"La f\u00eate des filles","accroche":"Angus et Cheryl vivent des aventures compl\u00e8tement loufoques. Les deux enfants s'entendent \u00e0 merveille, un peu comme chien et chat !","url_image_racine":"\/staticftv\/ref_emissions\/2014-06-02\/COL_313616_csa1","extension_image":"jpg","datemodif_image":"1401688382","chaine":"france4","date":"2014-06-02","heure":"09:20","duree":"5","csa_code":"TP","csa_nom_long":"Tous publics","rubrique":"","genre_simplifie":"S\u00e9rie d'animation","production":"","nationalite":"espagnole","presentateurs":"","invites":"","realisateurs":"","acteurs":"","url_site":"","mandat_debut":"","mandat_nb":"0","OAS_sitepage":"","connexes":[],"url_video":"","mandat_duree":""},{"id_diffusion":"104265948","code_programme":"","id_programme":"","titre":"Angus & Cheryl","sous_titre":"La pomme","accroche":"Angus et Cheryl vivent des aventures compl\u00e8tement loufoques. Les deux enfants s'entendent \u00e0 merveille, un peu comme chien et chat !","url_image_racine":"\/staticftv\/ref_emissions\/2014-06-02\/COL_313616_csa1","extension_image":"jpg","datemodif_image":"1401688382","chaine":"france4","date":"2014-06-02","heure":"09:25","duree":"2","csa_code":"TP","csa_nom_long":"Tous publics","rubrique":"","genre_simplifie":"S\u00e9rie d'animation","production":"","nationalite":"espagnole","presentateurs":"","invites":"","realisateurs":"","acteurs":"","url_site":"","mandat_debut":"","mandat_nb":"0","OAS_sitepage":"","connexes":[],"url_video":"","mandat_duree":""},{"id_diffusion":"104265949","code_programme":"","id_programme":"","titre":"Un jour, une question","sous_titre":"","accroche":"","url_image_racine":"\/staticftv\/ref_emissions\/2014-06-02\/COL_504286_csa1","extension_image":"jpg","datemodif_image":"1401688383","chaine":"france4","date":"2014-06-02","heure":"09:27","duree":"3","csa_code":"TP","csa_nom_long":"Tous publics","rubrique":"","genre_simplifie":"Divertissement","production":"","nationalite":"","presentateurs":"","invites":"","realisateurs":"","acteurs":"","url_site":"","mandat_debut":"","mandat_nb":"0","OAS_sitepage":"","connexes":[],"url_video":"","mandat_duree":""},{"id_diffusion":"103228692","code_programme":"il_etait_une_fois_l_homme","id_programme":"16237","titre":"Il \u00e9tait une fois... l'Homme","sous_titre":"Les premiers empires","accroche":"De 1700 \u00e0 323 avant J\u00e9sus-Christ, de la M\u00e9sopotamie, avec Hammourabi et ses lois, \u00e0 la Gr\u00e8ce et la Perse, avec Alexandre le Grand et ses conqu\u00eates, les empires se succ\u00e8dent. De ces fondations s'\u00e9tablira l'empire de Rome...","url_image_racine":"\/staticftv\/ref_emissions\/2014-06-02\/EMI_324119_csa1","extension_image":"jpg","datemodif_image":"1401688383","chaine":"france4","date":"2014-06-02","heure":"09:30","duree":"30","csa_code":"TP","csa_nom_long":"Tous publics","rubrique":"Jeunesse","genre_simplifie":"Dessin anim\u00e9","production":"","nationalite":"fran\u00e7ais","presentateurs":"","invites":"","realisateurs":"Albert Barill\u00e9","acteurs":"","url_site":"","mandat_debut":"0","mandat_nb":"toutes","OAS_sitepage":"france4\/jeunesse\/iletaitunefoislhomme","connexes":[],"url_video":"\/hls-ios-inf\/i\/streaming-adaptatif_france-dom-tom\/2014\/S23\/J1\/103228692-20140602-,398,632,934,k.mp4.csmil\/master.m3u8","mandat_duree":"7"},{"id_diffusion":"103228693","code_programme":"il_etait_une_fois_l_homme","id_programme":"16237","titre":"Il \u00e9tait une fois... l'Homme","sous_titre":"Le si\u00e8cle de P\u00e9ricl\u00e8s","accroche":"D\u00e9couverte de la vie de P\u00e9ricl\u00e8s, un aristocrate gr\u00e8ce du Ve si\u00e8cle avant JC, qui donna naissance \u00e0 la d\u00e9mocratie ath\u00e9nienne...","url_image_racine":"\/staticftv\/ref_emissions\/2014-06-02\/COL_324119_csa1","extension_image":"jpg","datemodif_image":"1401688383","chaine":"france4","date":"2014-06-02","heure":"10:00","duree":"23","csa_code":"TP","csa_nom_long":"Tous publics","rubrique":"Jeunesse","genre_simplifie":"Dessin anim\u00e9","production":"","nationalite":"fran\u00e7ais","presentateurs":"","invites":"","realisateurs":"Albert Barill\u00e9","acteurs":"","url_site":"","mandat_debut":"0","mandat_nb":"toutes","OAS_sitepage":"france4\/jeunesse\/iletaitunefoislhomme","connexes":[],"url_video":"\/hls-ios-inf\/i\/streaming-adaptatif_france-dom-tom\/2014\/S23\/J1\/103228693-20140602-,398,632,934,k.mp4.csmil\/master.m3u8","mandat_duree":"7"},{"id_diffusion":"103228694","code_programme":"un_jour_une_question","id_programme":"16711","titre":"Un jour, une question","sous_titre":"","accroche":"Un jour, une question","url_image_racine":"\/staticftv\/ref_emissions\/2014-06-02\/COL_504286_csa1","extension_image":"jpg","datemodif_image":"1401688383","chaine":"france4","date":"2014-06-02","heure":"10:23","duree":"2","csa_code":"TP","csa_nom_long":"Tous publics","rubrique":"Documentaire","genre_simplifie":"Divertissement","production":"","nationalite":"","presentateurs":"","invites":"","realisateurs":"","acteurs":"","url_site":"","mandat_debut":"0","mandat_nb":"toutes","OAS_sitepage":"france4\/documentaire\/unjourunequestion","connexes":[],"url_video":"\/hls-ios-inf\/i\/streaming-adaptatif_france-dom-tom\/2014\/S23\/J1\/103228694-20140602-,398,632,934,k.mp4.csmil\/master.m3u8","mandat_duree":"7"},{"id_diffusion":"103228695","code_programme":"c_est_pas_sorcier_f4","id_programme":"15961","titre":"C'est pas sorcier","sous_titre":"Le g\u00e9nie des fourmis","accroche":"Souvent consid\u00e9r\u00e9es comme nuisibles ou envahissantes, les fourmis jouent pourtant un r\u00f4le majeur dans les \u00e9cosyst\u00e8mes. Fred et Jamy partent en Guyane, \u00e0 la d\u00e9couverte des \u00e9tonnantes fourmis tropicales.","url_image_racine":"\/staticftv\/ref_emissions\/2014-06-02\/COL_382621_csa1","extension_image":"jpg","datemodif_image":"1401688383","chaine":"france4","date":"2014-06-02","heure":"10:25","duree":"30","csa_code":"TP","csa_nom_long":"Tous publics","rubrique":"Magazine,Jeunesse","genre_simplifie":"Magazine","production":"MFP avec la participation France T\u00e9l\u00e9visions","nationalite":"","presentateurs":"Sabine Quindou, Fr\u00e9d\u00e9ric Courant, Jamy Gourmaud","invites":"","realisateurs":"","acteurs":"","url_site":"","mandat_debut":"0","mandat_nb":"toutes","OAS_sitepage":"france4\/magazine\/cestpassorcier","connexes":[],"url_video":"\/hls-ios-inf\/i\/streaming-adaptatif_france-dom-tom\/2014\/S23\/J1\/103228695-20140602-,398,632,934,k.mp4.csmil\/master.m3u8","mandat_duree":"7"},{"id_diffusion":"103228696","code_programme":"c_est_pas_sorcier_f4","id_programme":"15961","titre":"C'est pas sorcier","sous_titre":"Moustiques : dangereux envahisseurs ?","accroche":"Fred est parti \u00e0 La R\u00e9union \u00e0 la rencontre d'un entomologiste qui chasse les moustiques afin de les \u00e9tudier. Dans une ravine, Fred d\u00e9couvre le terrible moustique tigre alias Aedes albopictus, d\u00e9sormais pr\u00e9sent sur les cinq continents. Jamy explique l'expansion de ce vecteur de maladie et les conditions dans lesquelles une \u00e9pid\u00e9mie peut surgir. A La R\u00e9union, il a suffi qu'un seul malade du Chikungunya arrive sur l'\u00eele, pour que tr\u00e8s rapidement, 40% de la population soit touch\u00e9e.","url_image_racine":"\/staticftv\/ref_emissions\/2014-06-02\/EMI_382621_csa1","extension_image":"jpg","datemodif_image":"1401688383","chaine":"france4","date":"2014-06-02","heure":"10:55","duree":"30","csa_code":"TP","csa_nom_long":"Tous publics","rubrique":"Magazine,Jeunesse","genre_simplifie":"Magazine","production":"MFP avec la participation France T\u00e9l\u00e9visions","nationalite":"","presentateurs":"Sabine Quindou, Fr\u00e9d\u00e9ric Courant, Jamy Gourmaud","invites":"","realisateurs":"","acteurs":"","url_site":"","mandat_debut":"0","mandat_nb":"toutes","OAS_sitepage":"france4\/magazine\/cestpassorcier","connexes":[],"url_video":"\/hls-ios-inf\/i\/streaming-adaptatif_france-dom-tom\/2014\/S23\/J1\/103228696-20140602-,398,632,934,k.mp4.csmil\/master.m3u8","mandat_duree":"7"},{"id_diffusion":"103228697","code_programme":"","id_programme":"","titre":"Bons plans","sous_titre":"","accroche":"","url_image_racine":"","extension_image":"","datemodif_image":"","chaine":"france4","date":"2014-06-02","heure":"11:25","duree":"5","csa_code":"TP","csa_nom_long":"Tous publics","rubrique":"","genre_simplifie":"Magazine culturel","production":"","nationalite":"","presentateurs":"","invites":"","realisateurs":"","acteurs":"","url_site":"","mandat_debut":"","mandat_nb":"0","OAS_sitepage":"","connexes":[],"url_video":"","mandat_duree":""},{"id_diffusion":"103228698","code_programme":"titeuf_f4","id_programme":"16455","titre":"Titeuf","sous_titre":"La fianc\u00e9e de Titeuf","accroche":"Titeuf est d\u00e9moralis\u00e9 et persuad\u00e9 que Nadia ne l'aimera jamais. Pour lui redonner espoir, Manu lui conseille de la rendre jalouse. D'apr\u00e8s lui, il suffit de lui faire croire qu'il en aime une autre, pour que Nadia tombe dans ses bras...","url_image_racine":"\/staticftv\/ref_emissions\/2014-06-02\/EMI_123609_csa1","extension_image":"jpg","datemodif_image":"1401688383","chaine":"france4","date":"2014-06-02","heure":"11:30","duree":"5","csa_code":"TP","csa_nom_long":"Tous publics","rubrique":"Jeunesse","genre_simplifie":"Dessin anim\u00e9","production":"","nationalite":"fran\u00e7ais","presentateurs":"","invites":"","realisateurs":"","acteurs":"","url_site":"","mandat_debut":"0","mandat_nb":"toutes","OAS_sitepage":"france4\/jeunesse\/titeuf","connexes":[],"url_video":"","mandat_duree":""},{"id_diffusion":"103369181","code_programme":"titeuf_f4","id_programme":"16455","titre":"Titeuf","sous_titre":"Fiesta d'enfer","accroche":"Titeuf a honte : ses parents lui ont organis\u00e9 un anniversaire de b\u00e9b\u00e9 avec au programme des ballons roses et des clowns. A la premi\u00e8re occasion, Titeuf organise une f\u00eate \u00e0 sa mani\u00e8re avec Nadia et ses amis de toujours. Mais rien ne se passe comme pr\u00e9vu...","url_image_racine":"\/staticftv\/ref_emissions\/2014-06-02\/EMI_151557_csa1","extension_image":"jpg","datemodif_image":"1401688383","chaine":"france4","date":"2014-06-02","heure":"11:35","duree":"10","csa_code":"TP","csa_nom_long":"Tous publics","rubrique":"Jeunesse","genre_simplifie":"Dessin anim\u00e9","production":"","nationalite":"fran\u00e7ais","presentateurs":"","invites":"","realisateurs":"","acteurs":"","url_site":"","mandat_debut":"0","mandat_nb":"toutes","OAS_sitepage":"france4\/jeunesse\/titeuf","connexes":[],"url_video":"","mandat_duree":""},{"id_diffusion":"103369182","code_programme":"titeuf_f4","id_programme":"16455","titre":"Titeuf","sous_titre":"Nouvelle vie","accroche":"Titeuf trouve dans la poubelle une publicit\u00e9 attestant que ses parents sont les heureux gagnants de plusieurs millions de dollars. Titeuf imagine d\u00e9j\u00e0 sa nouvelle vie, mais Manu le ram\u00e8ne sur terre : il est persuad\u00e9 que maintenant que son ami est riche, il va les quitter pour aller en pension...","url_image_racine":"\/staticftv\/ref_emissions\/2014-06-02\/EMI_136735_csa1","extension_image":"jpg","datemodif_image":"1401688383","chaine":"france4","date":"2014-06-02","heure":"11:45","duree":"5","csa_code":"TP","csa_nom_long":"Tous publics","rubrique":"Jeunesse","genre_simplifie":"Dessin anim\u00e9","production":"","nationalite":"fran\u00e7ais","presentateurs":"","invites":"","realisateurs":"","acteurs":"","url_site":"","mandat_debut":"0","mandat_nb":"toutes","OAS_sitepage":"france4\/jeunesse\/titeuf","connexes":[],"url_video":"","mandat_duree":""},{"id_diffusion":"103369183","code_programme":"titeuf_f4","id_programme":"16455","titre":"Titeuf","sous_titre":"Full Titeuf","accroche":"Pour s'\u00eatre moqu\u00e9s de Dumbo, Titeuf, Manu et Hugo h\u00e9ritent d'une terrible punition : ils doivent organiser un spectacle qui devra plaire aux filles. Titeuf a une id\u00e9e tr\u00e8s sp\u00e9ciale qui n\u00e9cessite un entra\u00eenement intensif et la confection de costumes. On n'en sait pas plus pour le moment, mais Hugo, Manu et Vomito sont de la partie. Quand, soudain, Hugo refuse d'y participer, complex\u00e9 par son poids...","url_image_racine":"\/staticftv\/ref_emissions\/2014-06-02\/EMI_86531_csa1","extension_image":"jpg","datemodif_image":"1401688383","chaine":"france4","date":"2014-06-02","heure":"11:50","duree":"10","csa_code":"TP","csa_nom_long":"Tous publics","rubrique":"Jeunesse","genre_simplifie":"Dessin anim\u00e9","production":"","nationalite":"fran\u00e7ais","presentateurs":"","invites":"","realisateurs":"","acteurs":"","url_site":"","mandat_debut":"0","mandat_nb":"toutes","OAS_sitepage":"france4\/jeunesse\/titeuf","connexes":[],"url_video":"","mandat_duree":""},{"id_diffusion":"103369184","code_programme":"titeuf_f4","id_programme":"16455","titre":"Titeuf","sous_titre":"Les bonnes r\u00e9solutions","accroche":"Le 1er janvier est, pour la famille de Titeuf, l'occasion de prendre de bonnes r\u00e9solutions : le p\u00e8re doit se remettre au sport, la m\u00e8re arr\u00eater le chocolat et Titeuf se voit imposer l'interdiction de se mettre les doigts dans le nez...","url_image_racine":"\/staticftv\/ref_emissions\/2014-06-02\/COL_123607_csa1","extension_image":"jpg","datemodif_image":"1401688383","chaine":"france4","date":"2014-06-02","heure":"12:00","duree":"5","csa_code":"TP","csa_nom_long":"Tous publics","rubrique":"Jeunesse","genre_simplifie":"Dessin anim\u00e9","production":"","nationalite":"fran\u00e7ais","presentateurs":"","invites":"","realisateurs":"","acteurs":"","url_site":"","mandat_debut":"0","mandat_nb":"toutes","OAS_sitepage":"france4\/jeunesse\/titeuf","connexes":[],"url_video":"","mandat_duree":""},{"id_diffusion":"103369185","code_programme":"titeuf_f4","id_programme":"16455","titre":"Titeuf","sous_titre":"Adieu veaux, vaches, cochons","accroche":"Titeuf s'appr\u00eate \u00e0 croquer dans un app\u00e9tissant triple cheeseburger quand Lucie surgit en le traitant d'assassin carnivore et l'emm\u00e8ne en reconversion express chez ses coll\u00e8gues de \u00abV\u00e9g\u00e9tariens sans fronti\u00e8re\u00bb. Titeuf ressort de l'exp\u00e9rience vert endive, bien d\u00e9cid\u00e9 \u00e0 ne plus jamais manger de viande de sa vie. Il tente de rallier les copains \u00e0 sa cause, mais \u00e0 part Vomito, qui se laisse facilement convaincre, les gar\u00e7ons continuent de manger leur steak-frites sans \u00e9tats d'\u00e2me. Par contre, il a m\u00e9ga la cote aupr\u00e8s des filles...","url_image_racine":"\/staticftv\/ref_emissions\/2014-06-02\/EMI_212870_csa1","extension_image":"jpg","datemodif_image":"1401688383","chaine":"france4","date":"2014-06-02","heure":"12:05","duree":"10","csa_code":"TP","csa_nom_long":"Tous publics","rubrique":"Jeunesse","genre_simplifie":"Dessin anim\u00e9","production":"","nationalite":"fran\u00e7ais","presentateurs":"","invites":"","realisateurs":"","acteurs":"","url_site":"","mandat_debut":"0","mandat_nb":"toutes","OAS_sitepage":"france4\/jeunesse\/titeuf","connexes":[],"url_video":"","mandat_duree":""},{"id_diffusion":"103369186","code_programme":"titeuf_f4","id_programme":"16455","titre":"Titeuf","sous_titre":"Le pr\u00e9serv'\u00e0 tif","accroche":"Titeuf est une nouvelle fois \u00e9conduit. Nadia ne le trouve pas assez m\u00fbr pour elle, au contraire de Marco, qui a d\u00e9j\u00e0 vu un film interdit aux moins de 16 ans et lui a m\u00eame montr\u00e9 un pr\u00e9servatif. Titeuf feint maladroitement d'en conna\u00eetre l'usage pour ne pas perdre la face, puis essaie non sans mal de s'en procurer pour comprendre de quoi il s'agit. Devant une publicit\u00e9 pour pr\u00e9servatifs dans la vitrine d'une pharmacie, Titeuf et Manu s'imaginent qu'il s'agit d'une sorte de vitamine qui prot\u00e8ge de l'\u00e9chec amoureux...","url_image_racine":"\/staticftv\/ref_emissions\/2014-06-02\/EMI_123607_csa1","extension_image":"jpg","datemodif_image":"1401688383","chaine":"france4","date":"2014-06-02","heure":"12:15","duree":"10","csa_code":"TP","csa_nom_long":"Tous publics","rubrique":"Jeunesse","genre_simplifie":"Dessin anim\u00e9","production":"","nationalite":"fran\u00e7ais","presentateurs":"","invites":"","realisateurs":"","acteurs":"","url_site":"","mandat_debut":"0","mandat_nb":"toutes","OAS_sitepage":"france4\/jeunesse\/titeuf","connexes":[],"url_video":"","mandat_duree":""},{"id_diffusion":"104265950","code_programme":"titeuf_f4","id_programme":"16455","titre":"Titeuf","sous_titre":"Titeuf quitte la maison","accroche":"Titeuf en a assez de sa vie qu'il estime singuli\u00e8re. A la maison, il a l'impression d'\u00eatre l'esclave de ses parents, tandis qu'\u00e0 l'\u00e9cole, il aligne les z\u00e9ros point\u00e9s et, avec Nadia, il n'a pas le succ\u00e8s qu'il aimerait. Sur les conseils d'Hugo, Titeuf d\u00e9cide de quitter sa maison pour aller refaire sa vie aux Etats-Unis...","url_image_racine":"\/staticftv\/ref_emissions\/2014-06-02\/EMI_136735_csa1","extension_image":"jpg","datemodif_image":"1401688383","chaine":"france4","date":"2014-06-02","heure":"12:25","duree":"5","csa_code":"TP","csa_nom_long":"Tous publics","rubrique":"Jeunesse","genre_simplifie":"Dessin anim\u00e9","production":"","nationalite":"fran\u00e7ais","presentateurs":"","invites":"","realisateurs":"","acteurs":"","url_site":"","mandat_debut":"0","mandat_nb":"toutes","OAS_sitepage":"france4\/jeunesse\/titeuf","connexes":[],"url_video":"","mandat_duree":""},{"id_diffusion":"103369187","code_programme":"","id_programme":"","titre":"Oggy et les cafards","sous_titre":"P\u00e9ril au p\u00e9riscope (ex-sous-mariniers)","accroche":"Oggy, un gros matou bleu, placide et paresseux, n'aspire qu'\u00e0 une vie tranquille pour pouvoir ronronner en paix. H\u00e9las ! Trois cafards ont d\u00e9cid\u00e9 de lui polluer l'existence. Ils se nomment Joey, Deedee et Marky, et s'appliquent \u00e0 le faire tourner en bourrique.","url_image_racine":"\/staticftv\/ref_emissions\/2014-06-02\/EMI_282069_csa1","extension_image":"jpg","datemodif_image":"1401688383","chaine":"france4","date":"2014-06-02","heure":"12:30","duree":"10","csa_code":"TP","csa_nom_long":"Tous publics","rubrique":"","genre_simplifie":"Dessin anim\u00e9","production":"","nationalite":"fran\u00e7ais","presentateurs":"","invites":"","realisateurs":"","acteurs":"","url_site":"","mandat_debut":"","mandat_nb":"0","OAS_sitepage":"","connexes":[],"url_video":"","mandat_duree":""},{"id_diffusion":"103369188","code_programme":"","id_programme":"","titre":"Oggy et les cafards","sous_titre":"Formule 1","accroche":"Oggy, un gros matou bleu, placide et paresseux, n'aspire qu'\u00e0 une vie tranquille pour pouvoir ronronner en paix. H\u00e9las ! Trois cafards ont d\u00e9cid\u00e9 de lui polluer l'existence. Ils se nomment Joey, Deedee et Marky, et s'appliquent \u00e0 le faire tourner en bourrique.","url_image_racine":"\/staticftv\/ref_emissions\/2014-06-02\/COL_256659_csa1","extension_image":"jpg","datemodif_image":"1401688384","chaine":"france4","date":"2014-06-02","heure":"12:40","duree":"5","csa_code":"TP","csa_nom_long":"Tous publics","rubrique":"","genre_simplifie":"Dessin anim\u00e9","production":"","nationalite":"fran\u00e7ais","presentateurs":"","invites":"","realisateurs":"","acteurs":"","url_site":"","mandat_debut":"","mandat_nb":"0","OAS_sitepage":"","connexes":[],"url_video":"","mandat_duree":""},{"id_diffusion":"103369189","code_programme":"","id_programme":"","titre":"Oggy et les cafards","sous_titre":"Police acad\u00e9mie","accroche":"Oggy, un gros matou bleu, placide et paresseux, n'aspire qu'\u00e0 une vie tranquille pour pouvoir ronronner en paix. H\u00e9las ! Trois cafards ont d\u00e9cid\u00e9 de lui polluer l'existence. Ils se nomment Joey, Deedee et Marky, et s'appliquent \u00e0 le faire tourner en bourrique.","url_image_racine":"\/staticftv\/ref_emissions\/2014-06-02\/COL_282141_csa1","extension_image":"jpg","datemodif_image":"1401688384","chaine":"france4","date":"2014-06-02","heure":"12:45","duree":"10","csa_code":"TP","csa_nom_long":"Tous publics","rubrique":"","genre_simplifie":"Dessin anim\u00e9","production":"","nationalite":"fran\u00e7ais","presentateurs":"","invites":"","realisateurs":"","acteurs":"","url_site":"","mandat_debut":"","mandat_nb":"0","OAS_sitepage":"","connexes":[],"url_video":"","mandat_duree":""},{"id_diffusion":"103369190","code_programme":"","id_programme":"","titre":"Un jour, une question","sous_titre":"","accroche":"","url_image_racine":"\/staticftv\/ref_emissions\/2014-06-02\/COL_504286_csa1","extension_image":"jpg","datemodif_image":"1401688384","chaine":"france4","date":"2014-06-02","heure":"12:55","duree":"5","csa_code":"TP","csa_nom_long":"Tous publics","rubrique":"","genre_simplifie":"Divertissement","production":"","nationalite":"","presentateurs":"","invites":"","realisateurs":"","acteurs":"","url_site":"","mandat_debut":"","mandat_nb":"0","OAS_sitepage":"","connexes":[],"url_video":"","mandat_duree":""},{"id_diffusion":"103369192","code_programme":"","id_programme":"","titre":"Oggy et les cafards","sous_titre":"En piste","accroche":"Jack improvise un cirque dans la maison d'Oggy. Le clou du spectacle devra \u00eatre le dressage des cafards...","url_image_racine":"\/staticftv\/ref_emissions\/2014-06-02\/EMI_74286_csa1","extension_image":"jpg","datemodif_image":"1401688384","chaine":"france4","date":"2014-06-02","heure":"13:00","duree":"10","csa_code":"TP","csa_nom_long":"Tous publics","rubrique":"","genre_simplifie":"Dessin anim\u00e9","production":"","nationalite":"fran\u00e7ais","presentateurs":"","invites":"","realisateurs":"","acteurs":"","url_site":"","mandat_debut":"","mandat_nb":"0","OAS_sitepage":"","connexes":[],"url_video":"","mandat_duree":""},{"id_diffusion":"103369193","code_programme":"","id_programme":"","titre":"Oggy et les cafards","sous_titre":"L'art du camouflage","accroche":"Oggy est gravement enrhum\u00e9. Il doit multiplier les camouflages et les d\u00e9guisements pour \u00e9chapper \u00e0 la piq\u00fbre que veut lui administrer son cousin...","url_image_racine":"\/staticftv\/ref_emissions\/2014-06-02\/EMI_74287_csa1","extension_image":"jpg","datemodif_image":"1401688384","chaine":"france4","date":"2014-06-02","heure":"13:10","duree":"10","csa_code":"TP","csa_nom_long":"Tous publics","rubrique":"","genre_simplifie":"Dessin anim\u00e9","production":"","nationalite":"fran\u00e7ais","presentateurs":"","invites":"","realisateurs":"","acteurs":"","url_site":"","mandat_debut":"","mandat_nb":"0","OAS_sitepage":"","connexes":[],"url_video":"","mandat_duree":""},{"id_diffusion":"103369194","code_programme":"","id_programme":"","titre":"Oggy et les cafards","sous_titre":"La soeur d'Oggy","accroche":"Jack tombe sous le charme de la soeur d'Oggy, qui arrive \u00e0 la maison. Il met tout en oeuvre pour la s\u00e9duire...","url_image_racine":"\/staticftv\/ref_emissions\/2014-06-02\/EMI_74287_csa1","extension_image":"jpg","datemodif_image":"1401688384","chaine":"france4","date":"2014-06-02","heure":"13:20","duree":"10","csa_code":"TP","csa_nom_long":"Tous publics","rubrique":"","genre_simplifie":"Dessin anim\u00e9","production":"","nationalite":"fran\u00e7ais","presentateurs":"","invites":"","realisateurs":"","acteurs":"","url_site":"","mandat_debut":"","mandat_nb":"0","OAS_sitepage":"","connexes":[],"url_video":"","mandat_duree":""},{"id_diffusion":"103228700","code_programme":"","id_programme":"","titre":"Une saison au zoo","sous_titre":"","accroche":"Le quotidien des soigneurs, v\u00e9t\u00e9rinaires, responsable, commerciaux ou jardiniers du parc zoologique de La Fl\u00e8che, situ\u00e9 \u00e0 proximit\u00e9 du Mans.","url_image_racine":"\/staticftv\/ref_emissions\/2014-06-02\/EMI_499542_csa1","extension_image":"jpg","datemodif_image":"1401688384","chaine":"france4","date":"2014-06-02","heure":"13:30","duree":"35","csa_code":"TP","csa_nom_long":"Tous publics","rubrique":"","genre_simplifie":"Documentaire","production":"","nationalite":"fran\u00e7ais","presentateurs":"","invites":"","realisateurs":"","acteurs":"","url_site":"","mandat_debut":"","mandat_nb":"0","OAS_sitepage":"","connexes":[],"url_video":"","mandat_duree":""},{"id_diffusion":"103228701","code_programme":"","id_programme":"","titre":"Une saison au zoo","sous_titre":"","accroche":"Le quotidien des soigneurs, v\u00e9t\u00e9rinaires, responsable, commerciaux ou jardiniers du parc zoologique de La Fl\u00e8che, situ\u00e9 \u00e0 proximit\u00e9 du Mans.","url_image_racine":"\/staticftv\/ref_emissions\/2014-06-02\/EMI_499544_csa1","extension_image":"jpg","datemodif_image":"1401688384","chaine":"france4","date":"2014-06-02","heure":"14:05","duree":"30","csa_code":"TP","csa_nom_long":"Tous publics","rubrique":"","genre_simplifie":"Documentaire","production":"","nationalite":"fran\u00e7ais","presentateurs":"","invites":"","realisateurs":"","acteurs":"","url_site":"","mandat_debut":"","mandat_nb":"0","OAS_sitepage":"","connexes":[],"url_video":"","mandat_duree":""},{"id_diffusion":"103228702","code_programme":"","id_programme":"","titre":"Une saison au zoo","sous_titre":"","accroche":"Le quotidien des soigneurs, v\u00e9t\u00e9rinaires, responsable, commerciaux ou jardiniers du parc zoologique de La Fl\u00e8che, situ\u00e9 \u00e0 proximit\u00e9 du Mans.","url_image_racine":"\/staticftv\/ref_emissions\/2014-06-02\/EMI_499547_csa1","extension_image":"jpg","datemodif_image":"1401688384","chaine":"france4","date":"2014-06-02","heure":"14:35","duree":"35","csa_code":"TP","csa_nom_long":"Tous publics","rubrique":"","genre_simplifie":"Documentaire","production":"","nationalite":"fran\u00e7ais","presentateurs":"","invites":"","realisateurs":"","acteurs":"","url_site":"","mandat_debut":"","mandat_nb":"0","OAS_sitepage":"","connexes":[],"url_video":"","mandat_duree":""},{"id_diffusion":"103228703","code_programme":"","id_programme":"","titre":"C'est pas sorcier","sous_titre":"De l'eau pour tous : de l'eau pour toute la plan\u00e8te","accroche":"Depuis juillet 2010, l'acc\u00e8s \u00e0 l'eau potable est reconnu comme un droit humain fondamental par l'ONU. Pr\u00e8s d'un milliard de personnes sur Terre n'ont pas acc\u00e8s \u00e0 un point d'eau potable, une pompe ou un puits prot\u00e9g\u00e9. Fred et Jamy visitent le Zimbabwe, en Afrique australe, pour faire partager le quotidien des populations confront\u00e9es au manque d'eau. Ces p\u00e9nuries sont l'une des principales causes de mortalit\u00e9 infantile dans le monde.","url_image_racine":"\/staticftv\/ref_emissions\/2014-06-02\/COL_382621_csa1","extension_image":"jpg","datemodif_image":"1401688384","chaine":"france4","date":"2014-06-02","heure":"15:10","duree":"20","csa_code":"TP","csa_nom_long":"Tous publics","rubrique":"","genre_simplifie":"Magazine","production":"","nationalite":"","presentateurs":"Sabine Quindou, Fr\u00e9d\u00e9ric Courant, Jamy Gourmaud","invites":"","realisateurs":"","acteurs":"","url_site":"","mandat_debut":"","mandat_nb":"0","OAS_sitepage":"","connexes":[],"url_video":"","mandat_duree":""},{"id_diffusion":"104265951","code_programme":"","id_programme":"","titre":"Un jour, une question","sous_titre":"","accroche":"","url_image_racine":"\/staticftv\/ref_emissions\/2014-06-02\/COL_504286_csa1","extension_image":"jpg","datemodif_image":"1401688385","chaine":"france4","date":"2014-06-02","heure":"15:30","duree":"5","csa_code":"TP","csa_nom_long":"Tous publics","rubrique":"","genre_simplifie":"Divertissement","production":"","nationalite":"","presentateurs":"","invites":"","realisateurs":"","acteurs":"","url_site":"","mandat_debut":"","mandat_nb":"0","OAS_sitepage":"","connexes":[],"url_video":"","mandat_duree":""},{"id_diffusion":"103228704","code_programme":"les_legendes_de_tatonka_f4","id_programme":"16667","titre":"Les l\u00e9gendes de Tatonka","sous_titre":"Les liens du sang","accroche":"Au coeur du Grand Nord am\u00e9ricain, quatre louveteaux curieux et intr\u00e9pides font l'apprentissage de la vie en meute. Au fil des saisons, initi\u00e9s par Tatonka, le grand bison solitaire, ils s'aventurent \u00e0 la d\u00e9couverte du monde ext\u00e9rieur.","url_image_racine":"\/staticftv\/ref_emissions\/2014-06-02\/EMI_282593_csa1","extension_image":"jpg","datemodif_image":"1401688385","chaine":"france4","date":"2014-06-02","heure":"15:35","duree":"15","csa_code":"TP","csa_nom_long":"Tous publics","rubrique":"Jeunesse","genre_simplifie":"S\u00e9rie d'animation","production":"","nationalite":"fran\u00e7aise","presentateurs":"","invites":"","realisateurs":"Olivier Lelardoux","acteurs":"","url_site":"","mandat_debut":"0","mandat_nb":"toutes","OAS_sitepage":"france4\/jeunesse\/leslegendesdetatonka","connexes":[],"url_video":"","mandat_duree":""},{"id_diffusion":"103369195","code_programme":"les_legendes_de_tatonka_f4","id_programme":"16667","titre":"Les l\u00e9gendes de Tatonka","sous_titre":"Une le\u00e7on de chasse","accroche":"Au coeur du Grand Nord am\u00e9ricain, quatre louveteaux curieux et intr\u00e9pides font l'apprentissage de la vie en meute. Au fil des saisons, initi\u00e9s par Tatonka, le grand bison solitaire, ils s'aventurent \u00e0 la d\u00e9couverte du monde ext\u00e9rieur.","url_image_racine":"\/staticftv\/ref_emissions\/2014-06-02\/COL_282593_csa1","extension_image":"jpg","datemodif_image":"1401688385","chaine":"france4","date":"2014-06-02","heure":"15:50","duree":"10","csa_code":"TP","csa_nom_long":"Tous publics","rubrique":"Jeunesse","genre_simplifie":"S\u00e9rie d'animation","production":"","nationalite":"fran\u00e7aise","presentateurs":"","invites":"","realisateurs":"Olivier Lelardoux","acteurs":"","url_site":"","mandat_debut":"0","mandat_nb":"toutes","OAS_sitepage":"france4\/jeunesse\/leslegendesdetatonka","connexes":[],"url_video":"","mandat_duree":""},{"id_diffusion":"103369196","code_programme":"les_legendes_de_tatonka_f4","id_programme":"16667","titre":"Les l\u00e9gendes de Tatonka","sous_titre":"Un arbre pour Wahi","accroche":"Les loups ren\u00e9gats envahissent le territoire de Wicasa \u00e0 la recherche du gibier chass\u00e9 par les avalanches. Mais l'arbre de Wahi a lui aussi \u00e9t\u00e9 enseveli. Wahi veut installer son nid pr\u00e8s de la tani\u00e8re des louveteaux pour profiter de leur protection. Wicasa demande aux louveteaux de se pr\u00e9server des avalanches en attendant que la meute ait chass\u00e9 les ren\u00e9gats...","url_image_racine":"\/staticftv\/ref_emissions\/2014-06-02\/COL_282592_csa1","extension_image":"jpg","datemodif_image":"1401688385","chaine":"france4","date":"2014-06-02","heure":"16:00","duree":"10","csa_code":"TP","csa_nom_long":"Tous publics","rubrique":"Jeunesse","genre_simplifie":"S\u00e9rie d'animation","production":"","nationalite":"fran\u00e7aise","presentateurs":"","invites":"","realisateurs":"Olivier Lelardoux","acteurs":"","url_site":"","mandat_debut":"0","mandat_nb":"toutes","OAS_sitepage":"france4\/jeunesse\/leslegendesdetatonka","connexes":[],"url_video":"","mandat_duree":""},{"id_diffusion":"103228705","code_programme":"yakari","id_programme":"5568","titre":"Yakari","sous_titre":"Le monstre du lac","accroche":"L'automne est une saison qui d\u00e9prime Tilleul le petit castor. Pour se changer les id\u00e9es, il d\u00e9cide de d\u00e9couvrir quel est le monstre qui se cache au fond du lac...","url_image_racine":"\/staticftv\/ref_emissions\/2014-06-02\/COL_476054_csa1","extension_image":"jpg","datemodif_image":"1401688385","chaine":"france4","date":"2014-06-02","heure":"16:10","duree":"15","csa_code":"TP","csa_nom_long":"Tous publics","rubrique":"Jeunesse","genre_simplifie":"Dessin anim\u00e9","production":"","nationalite":"fran\u00e7ais","presentateurs":"","invites":"","realisateurs":"","acteurs":"","url_site":"","mandat_debut":"0","mandat_nb":"toutes","OAS_sitepage":"france4\/jeunesse\/yakari","connexes":[],"url_video":"","mandat_duree":""},{"id_diffusion":"103369197","code_programme":"yakari","id_programme":"5568","titre":"Yakari","sous_titre":"La barri\u00e8re de feu","accroche":"Tous les chevaux de la tribu de Yakari ont \u00e9t\u00e9 vol\u00e9s. Le jeune Indien peut n\u00e9anmoins compter sur son fid\u00e8le Petit Tonnerre, qui le guide sur la piste des brigands...","url_image_racine":"\/staticftv\/ref_emissions\/2014-06-02\/EMI_94624_csa1","extension_image":"jpg","datemodif_image":"1401688385","chaine":"france4","date":"2014-06-02","heure":"16:25","duree":"10","csa_code":"TP","csa_nom_long":"Tous publics","rubrique":"Jeunesse","genre_simplifie":"Dessin anim\u00e9","production":"","nationalite":"fran\u00e7ais","presentateurs":"","invites":"","realisateurs":"","acteurs":"","url_site":"","mandat_debut":"0","mandat_nb":"toutes","OAS_sitepage":"france4\/jeunesse\/yakari","connexes":[],"url_video":"","mandat_duree":""},{"id_diffusion":"103369198","code_programme":"yakari","id_programme":"5568","titre":"Yakari","sous_titre":"La vengeance du carcajou","accroche":"Le fac\u00e9tieux polatouche promet au carcajou de lui apprendre \u00e0 voler. Lourd comme il l'est, le carcajou finit sa le\u00e7on par terre. Furieux d'\u00eatre ainsi ridiculis\u00e9 devant Yakari, le carcajou promet de se venger...","url_image_racine":"\/staticftv\/ref_emissions\/2014-06-02\/EMI_109319_csa1","extension_image":"jpg","datemodif_image":"1401688385","chaine":"france4","date":"2014-06-02","heure":"16:35","duree":"15","csa_code":"TP","csa_nom_long":"Tous publics","rubrique":"Jeunesse","genre_simplifie":"Dessin anim\u00e9","production":"","nationalite":"fran\u00e7ais","presentateurs":"","invites":"","realisateurs":"","acteurs":"","url_site":"","mandat_debut":"0","mandat_nb":"toutes","OAS_sitepage":"france4\/jeunesse\/yakari","connexes":[],"url_video":"","mandat_duree":""},{"id_diffusion":"103369199","code_programme":"yakari","id_programme":"5568","titre":"Yakari","sous_titre":"Yakari et Petit Tonnerre","accroche":"Yakari emm\u00e8ne son amie Arc-en-Ciel voir le poney sauvage Petit Tonnerre, mais en chemin les deux amis font une rencontre p\u00e9rilleuse...","url_image_racine":"\/staticftv\/ref_emissions\/2014-06-02\/EMI_94624_csa1","extension_image":"jpg","datemodif_image":"1401688385","chaine":"france4","date":"2014-06-02","heure":"16:50","duree":"10","csa_code":"TP","csa_nom_long":"Tous publics","rubrique":"Jeunesse","genre_simplifie":"Dessin anim\u00e9","production":"","nationalite":"fran\u00e7ais","presentateurs":"","invites":"","realisateurs":"","acteurs":"","url_site":"","mandat_debut":"0","mandat_nb":"toutes","OAS_sitepage":"france4\/jeunesse\/yakari","connexes":[],"url_video":"","mandat_duree":""},{"id_diffusion":"103228706","code_programme":"titeuf_f4","id_programme":"16455","titre":"Titeuf","sous_titre":"La f\u00eate des fils","accroche":"C'est la f\u00eate des M\u00e8res et Titeuf estime que ce n'est pas juste : tout le monde a sa f\u00eate, sauf lui. Il d\u00e9cide de rectifier le calendrier et d'instaurer la f\u00eate des fils en organisant une gr\u00e8ve dans le parc de la r\u00e9sidence...","url_image_racine":"\/staticftv\/ref_emissions\/2014-06-02\/EMI_123607_csa1","extension_image":"jpg","datemodif_image":"1401688385","chaine":"france4","date":"2014-06-02","heure":"17:00","duree":"10","csa_code":"TP","csa_nom_long":"Tous publics","rubrique":"Jeunesse","genre_simplifie":"Dessin anim\u00e9","production":"","nationalite":"fran\u00e7ais","presentateurs":"","invites":"","realisateurs":"","acteurs":"","url_site":"","mandat_debut":"0","mandat_nb":"toutes","OAS_sitepage":"france4\/jeunesse\/titeuf","connexes":[],"url_video":"","mandat_duree":""},{"id_diffusion":"103369200","code_programme":"titeuf_f4","id_programme":"16455","titre":"Titeuf","sous_titre":"Fan de","accroche":"Titeuf confie \u00e0 Manu et Hugo qu'il a un poster de Nadia dans sa chambre. Un poster dessin\u00e9 par lui, avec amour. Le lendemain, sans surprise, toute l'\u00e9cole est au courant. Titeuf s'attend \u00e0 une gifle de l'int\u00e9ress\u00e9e, mais pas du tout : Nadia devient toute gentille et ne le l\u00e2che plus d'une semelle...","url_image_racine":"\/staticftv\/ref_emissions\/2014-06-02\/EMI_34919_csa1","extension_image":"jpg","datemodif_image":"1401688385","chaine":"france4","date":"2014-06-02","heure":"17:10","duree":"5","csa_code":"TP","csa_nom_long":"Tous publics","rubrique":"Jeunesse","genre_simplifie":"Dessin anim\u00e9","production":"","nationalite":"fran\u00e7ais","presentateurs":"","invites":"","realisateurs":"","acteurs":"","url_site":"","mandat_debut":"0","mandat_nb":"toutes","OAS_sitepage":"france4\/jeunesse\/titeuf","connexes":[],"url_video":"","mandat_duree":""},{"id_diffusion":"103369201","code_programme":"titeuf_f4","id_programme":"16455","titre":"Titeuf","sous_titre":"Saint-Trop d'p\u00e8ze","accroche":"Tandis que tous leurs amis partent en vacances, Titeuf et Manu restent chez eux faute de moyens. Mais pour ne pas passer pour des idiots aupr\u00e8s de leurs amis, ils leur racontent qu'ils se rendent \u00e0 Saint-Trop d'P\u00e8ze gr\u00e2ce \u00e0 un jeu-concours gagn\u00e9 par le p\u00e8re de Titeuf...","url_image_racine":"\/staticftv\/ref_emissions\/2014-06-02\/EMI_86533_csa1","extension_image":"jpg","datemodif_image":"1401688385","chaine":"france4","date":"2014-06-02","heure":"17:15","duree":"5","csa_code":"TP","csa_nom_long":"Tous publics","rubrique":"Jeunesse","genre_simplifie":"Dessin anim\u00e9","production":"","nationalite":"fran\u00e7ais","presentateurs":"","invites":"","realisateurs":"","acteurs":"","url_site":"","mandat_debut":"0","mandat_nb":"toutes","OAS_sitepage":"france4\/jeunesse\/titeuf","connexes":[],"url_video":"","mandat_duree":""},{"id_diffusion":"103369202","code_programme":"","id_programme":"","titre":"Un jour, une question","sous_titre":"","accroche":"","url_image_racine":"\/staticftv\/ref_emissions\/2014-06-02\/COL_504286_csa1","extension_image":"jpg","datemodif_image":"1401688385","chaine":"france4","date":"2014-06-02","heure":"17:20","duree":"5","csa_code":"TP","csa_nom_long":"Tous publics","rubrique":"","genre_simplifie":"Divertissement","production":"","nationalite":"","presentateurs":"","invites":"","realisateurs":"","acteurs":"","url_site":"","mandat_debut":"","mandat_nb":"0","OAS_sitepage":"","connexes":[],"url_video":"","mandat_duree":""},{"id_diffusion":"103369203","code_programme":"titeuf_f4","id_programme":"16455","titre":"Titeuf","sous_titre":"Le fruit de l'amour","accroche":"Titeuf s'est fait une fois de plus \u00e9conduire par Nadia sous pr\u00e9texte de ne pas \u00eatre assez m\u00fbr dans sa t\u00eate. Pour y rem\u00e9dier, il suit les conseils de jardinage qu'applique son grand-p\u00e8re \u00e0 ses plants de tomates : prendre le soleil et s'arroser copieusement. Coup de soleil oblige, Titeuf est boursoufl\u00e9 et rouge comme une tomate. De l\u00e0 \u00e0 penser qu'il est maintenant m\u00fbr pour \u00eatre mang\u00e9, il n'y a qu'un pas vite franchi. Et l\u00e0, c'est la panique...","url_image_racine":"\/staticftv\/ref_emissions\/2014-06-02\/EMI_351_csa1","extension_image":"jpg","datemodif_image":"1401688386","chaine":"france4","date":"2014-06-02","heure":"17:25","duree":"5","csa_code":"TP","csa_nom_long":"Tous publics","rubrique":"Jeunesse","genre_simplifie":"Dessin anim\u00e9","production":"","nationalite":"fran\u00e7ais","presentateurs":"","invites":"","realisateurs":"","acteurs":"","url_site":"","mandat_debut":"0","mandat_nb":"toutes","OAS_sitepage":"france4\/jeunesse\/titeuf","connexes":[],"url_video":"","mandat_duree":""},{"id_diffusion":"103369204","code_programme":"titeuf_f4","id_programme":"16455","titre":"Titeuf","sous_titre":"La facture du biocarpe","accroche":"Titeuf a un contr\u00f4le de math\u00e9matiques, mais n'a pas vraiment r\u00e9vis\u00e9 son alg\u00e8bre. Sur le chemin de l'\u00e9cole, il croise un homme \u00e9plor\u00e9, derri\u00e8re un corbillard. Son p\u00e8re de 95 ans vient de mourir. Les paroles de r\u00e9confort prodigu\u00e9es \u00e0 l'homme en deuil par ses proches, et surtout le fait que celui est dispens\u00e9 de travail, ach\u00e8vent de convaincre Titeuf...","url_image_racine":"\/staticftv\/ref_emissions\/2014-06-02\/EMI_34919_csa1","extension_image":"jpg","datemodif_image":"1401688386","chaine":"france4","date":"2014-06-02","heure":"17:30","duree":"10","csa_code":"TP","csa_nom_long":"Tous publics","rubrique":"Jeunesse","genre_simplifie":"Dessin anim\u00e9","production":"","nationalite":"fran\u00e7ais","presentateurs":"","invites":"","realisateurs":"","acteurs":"","url_site":"","mandat_debut":"0","mandat_nb":"toutes","OAS_sitepage":"france4\/jeunesse\/titeuf","connexes":[],"url_video":"","mandat_duree":""},{"id_diffusion":"103369205","code_programme":"titeuf_f4","id_programme":"16455","titre":"Titeuf","sous_titre":"Sublime minable","accroche":"Manu raconte \u00e0 Titeuf un \u00e9pisode de \u00abl'Agent G\u00e9rard\u00bb o\u00f9 un m\u00e9chant manipule le cerveau de G\u00e9rard \u00e0 coup de messages subliminaux. Titeuf a soudain une id\u00e9e. Il d\u00e9cide d'envoyer des messages \u00absublimes minables\u00bb \u00e0 Nadia pour qu'elle tombe amoureuse de lui...","url_image_racine":"\/staticftv\/ref_emissions\/2014-06-02\/COL_34919_csa1","extension_image":"jpg","datemodif_image":"1401688386","chaine":"france4","date":"2014-06-02","heure":"17:40","duree":"5","csa_code":"TP","csa_nom_long":"Tous publics","rubrique":"Jeunesse","genre_simplifie":"Dessin anim\u00e9","production":"","nationalite":"fran\u00e7ais","presentateurs":"","invites":"","realisateurs":"","acteurs":"","url_site":"","mandat_debut":"0","mandat_nb":"toutes","OAS_sitepage":"france4\/jeunesse\/titeuf","connexes":[],"url_video":"","mandat_duree":""},{"id_diffusion":"103369207","code_programme":"titeuf_f4","id_programme":"16455","titre":"Titeuf","sous_titre":"Le slip maudit","accroche":"Titeuf se rend au centre commercial avec sa m\u00e8re afin de renouveler son stock de slips. Le magasin n'a plus le mod\u00e8le qu'il prend d'habitude et propose un slip noir d\u00e9mod\u00e9. Titeuf est s\u00fbr que ce slip est maudit et d\u00e9cide qu'il fera tout ce qui est en son pouvoir pour ne pas le mettre. Mais le jour arrive o\u00f9 il n'a plus le choix...","url_image_racine":"\/staticftv\/ref_emissions\/2014-06-02\/EMI_34919_csa1","extension_image":"jpg","datemodif_image":"1401688386","chaine":"france4","date":"2014-06-02","heure":"17:45","duree":"10","csa_code":"TP","csa_nom_long":"Tous publics","rubrique":"Jeunesse","genre_simplifie":"Dessin anim\u00e9","production":"","nationalite":"fran\u00e7ais","presentateurs":"","invites":"","realisateurs":"","acteurs":"","url_site":"","mandat_debut":"0","mandat_nb":"toutes","OAS_sitepage":"france4\/jeunesse\/titeuf","connexes":[],"url_video":"","mandat_duree":""},{"id_diffusion":"103228707","code_programme":"les_lapins_cretins_f4","id_programme":"16241","titre":"Les lapins cr\u00e9tins : invasion","sous_titre":"Exp\u00e9rience lapin n\u00b098003 : le cube","accroche":"A l'inverse des Lapins hautains qui font tout dans la norme, les Lapins cr\u00e9tins font de leur quotidien un monde \u00e9tonnant.","url_image_racine":"\/staticftv\/ref_emissions\/2014-06-02\/COL_462117_csa1","extension_image":"jpg","datemodif_image":"1401688386","chaine":"france4","date":"2014-06-02","heure":"17:55","duree":"10","csa_code":"TP","csa_nom_long":"Tous publics","rubrique":"Jeunesse","genre_simplifie":"Dessin anim\u00e9","production":"","nationalite":"fran\u00e7ais","presentateurs":"","invites":"","realisateurs":"","acteurs":"","url_site":"","mandat_debut":"0","mandat_nb":"toutes","OAS_sitepage":"france4\/jeunesse\/leslapinscretinsinvasion","connexes":[],"url_video":"","mandat_duree":""},{"id_diffusion":"103369209","code_programme":"les_lapins_cretins_f4","id_programme":"16241","titre":"Les lapins cr\u00e9tins : invasion","sous_titre":"Lapin puce","accroche":"A l'inverse des Lapins hautains qui font tout dans la norme, les Lapins cr\u00e9tins font de leur quotidien un monde \u00e9tonnant.","url_image_racine":"\/staticftv\/ref_emissions\/2014-06-02\/COL_457050_csa1","extension_image":"jpg","datemodif_image":"1401688386","chaine":"france4","date":"2014-06-02","heure":"18:05","duree":"5","csa_code":"TP","csa_nom_long":"Tous publics","rubrique":"Jeunesse","genre_simplifie":"Dessin anim\u00e9","production":"","nationalite":"fran\u00e7ais","presentateurs":"","invites":"","realisateurs":"","acteurs":"","url_site":"","mandat_debut":"0","mandat_nb":"toutes","OAS_sitepage":"france4\/jeunesse\/leslapinscretinsinvasion","connexes":[],"url_video":"","mandat_duree":""},{"id_diffusion":"103369210","code_programme":"les_lapins_cretins_f4","id_programme":"16241","titre":"Les lapins cr\u00e9tins : invasion","sous_titre":"El\u00e9vation cr\u00e9tine","accroche":"A l'inverse des Lapins hautains qui font tout dans la norme, les Lapins cr\u00e9tins font de leur quotidien un monde \u00e9tonnant.","url_image_racine":"\/staticftv\/ref_emissions\/2014-06-02\/COL_462117_csa1","extension_image":"jpg","datemodif_image":"1401688386","chaine":"france4","date":"2014-06-02","heure":"18:10","duree":"5","csa_code":"TP","csa_nom_long":"Tous publics","rubrique":"Jeunesse","genre_simplifie":"Dessin anim\u00e9","production":"","nationalite":"fran\u00e7ais","presentateurs":"","invites":"","realisateurs":"","acteurs":"","url_site":"","mandat_debut":"0","mandat_nb":"toutes","OAS_sitepage":"france4\/jeunesse\/leslapinscretinsinvasion","connexes":[],"url_video":"","mandat_duree":""},{"id_diffusion":"103369211","code_programme":"les_lapins_cretins_f4","id_programme":"16241","titre":"Les lapins cr\u00e9tins : invasion","sous_titre":"Carton cr\u00e9tin","accroche":"A l'inverse des Lapins hautains qui font tout dans la norme, les Lapins cr\u00e9tins font de leur quotidien un monde \u00e9tonnant.","url_image_racine":"\/staticftv\/ref_emissions\/2014-06-02\/COL_462117_csa1","extension_image":"jpg","datemodif_image":"1401688386","chaine":"france4","date":"2014-06-02","heure":"18:15","duree":"5","csa_code":"TP","csa_nom_long":"Tous publics","rubrique":"Jeunesse","genre_simplifie":"Dessin anim\u00e9","production":"","nationalite":"fran\u00e7ais","presentateurs":"","invites":"","realisateurs":"","acteurs":"","url_site":"","mandat_debut":"0","mandat_nb":"toutes","OAS_sitepage":"france4\/jeunesse\/leslapinscretinsinvasion","connexes":[],"url_video":"","mandat_duree":""},{"id_diffusion":"103228708","code_programme":"","id_programme":"","titre":"Une saison au zoo","sous_titre":"","accroche":"Le quotidien des soigneurs, v\u00e9t\u00e9rinaires, responsable, commerciaux ou jardiniers du parc zoologique de La Fl\u00e8che, situ\u00e9 \u00e0 proximit\u00e9 du Mans.","url_image_racine":"\/staticftv\/ref_emissions\/2014-06-02\/EMI_499549_csa1","extension_image":"jpg","datemodif_image":"1401688386","chaine":"france4","date":"2014-06-02","heure":"18:20","duree":"30","csa_code":"TP","csa_nom_long":"Tous publics","rubrique":"","genre_simplifie":"Documentaire","production":"","nationalite":"fran\u00e7ais","presentateurs":"","invites":"","realisateurs":"","acteurs":"","url_site":"","mandat_debut":"","mandat_nb":"0","OAS_sitepage":"","connexes":[],"url_video":"","mandat_duree":""},{"id_diffusion":"103228709","code_programme":"une_saison_au_zoo","id_programme":"16541","titre":"Une saison au zoo","sous_titre":"","accroche":"Le quotidien des soigneurs, v\u00e9t\u00e9rinaires, responsable, commerciaux ou jardiniers du parc zoologique de La Fl\u00e8che, situ\u00e9 \u00e0 proximit\u00e9 du Mans.","url_image_racine":"\/staticftv\/ref_emissions\/2014-06-02\/EMI_499552_csa1","extension_image":"jpg","datemodif_image":"1401688386","chaine":"france4","date":"2014-06-02","heure":"18:50","duree":"30","csa_code":"TP","csa_nom_long":"Tous publics","rubrique":"Documentaire","genre_simplifie":"Documentaire","production":"","nationalite":"fran\u00e7ais","presentateurs":"","invites":"","realisateurs":"","acteurs":"","url_site":"","mandat_debut":"0","mandat_nb":"toutes","OAS_sitepage":"france4\/documentaire\/unesaisonauzoo","connexes":[],"url_video":"","mandat_duree":""},{"id_diffusion":"103228710","code_programme":"un_gars_une_fille","id_programme":"16101","titre":"Un gars, une fille","sous_titre":"Jean repasse le permis","accroche":"Dans la vie de couple, on constate facilement que les hommes et les femmes ne se ressemblent pas, ce qui ne facilite pas toujours le quotidien ! Alexandra et Jean en font l'exp\u00e9rience tous les jours.","url_image_racine":"\/staticftv\/ref_emissions\/2014-06-02\/COL_143566_csa1","extension_image":"jpg","datemodif_image":"1401688386","chaine":"france4","date":"2014-06-02","heure":"19:20","duree":"5","csa_code":"TP","csa_nom_long":"Tous publics","rubrique":"S\u00e9rie & Fiction","genre_simplifie":"S\u00e9rie humoristique","production":"","nationalite":"fran\u00e7aise","presentateurs":"","invites":"","realisateurs":"","acteurs":"Alexandra Lamy, Jean Dujardin","url_site":"","mandat_debut":"0","mandat_nb":"toutes","OAS_sitepage":"france4\/seriefiction\/ungarsunefille","connexes":[],"url_video":"","mandat_duree":""},{"id_diffusion":"103369213","code_programme":"un_gars_une_fille","id_programme":"16101","titre":"Un gars, une fille","sous_titre":"T\u00e9l\u00e9phone soir\u00e9e","accroche":"Dans la vie de couple, on constate facilement que les hommes et les femmes ne se ressemblent pas, ce qui ne facilite pas toujours le quotidien ! Alexandra et Jean en font l'exp\u00e9rience tous les jours.","url_image_racine":"\/staticftv\/ref_emissions\/2014-06-02\/COL_367651_csa1","extension_image":"jpg","datemodif_image":"1401688386","chaine":"france4","date":"2014-06-02","heure":"19:25","duree":"15","csa_code":"TP","csa_nom_long":"Tous publics","rubrique":"S\u00e9rie & Fiction","genre_simplifie":"S\u00e9rie humoristique","production":"","nationalite":"fran\u00e7aise","presentateurs":"","invites":"","realisateurs":"","acteurs":"Alexandra Lamy, Jean Dujardin","url_site":"","mandat_debut":"0","mandat_nb":"toutes","OAS_sitepage":"france4\/seriefiction\/ungarsunefille","connexes":[],"url_video":"","mandat_duree":""},{"id_diffusion":"103369215","code_programme":"un_gars_une_fille","id_programme":"16101","titre":"Un gars, une fille","sous_titre":"Dans la salle de bains","accroche":"Dans la vie de couple, on constate facilement que les hommes et les femmes ne se ressemblent pas, ce qui ne facilite pas toujours le quotidien ! Alexandra et Jean en font l'exp\u00e9rience tous les jours.","url_image_racine":"\/staticftv\/ref_emissions\/2014-06-02\/COL_143566_csa1","extension_image":"jpg","datemodif_image":"1401688386","chaine":"france4","date":"2014-06-02","heure":"19:40","duree":"5","csa_code":"TP","csa_nom_long":"Tous publics","rubrique":"S\u00e9rie & Fiction","genre_simplifie":"S\u00e9rie humoristique","production":"","nationalite":"fran\u00e7aise","presentateurs":"","invites":"","realisateurs":"","acteurs":"Alexandra Lamy, Jean Dujardin","url_site":"","mandat_debut":"0","mandat_nb":"toutes","OAS_sitepage":"france4\/seriefiction\/ungarsunefille","connexes":[],"url_video":"","mandat_duree":""},{"id_diffusion":"103369216","code_programme":"un_gars_une_fille","id_programme":"16101","titre":"Un gars, une fille","sous_titre":"Auto-stop","accroche":"Dans la vie de couple, on constate facilement que les hommes et les femmes ne se ressemblent pas, ce qui ne facilite pas toujours le quotidien ! Alexandra et Jean en font l'exp\u00e9rience tous les jours.","url_image_racine":"\/staticftv\/ref_emissions\/2014-06-02\/COL_367651_csa1","extension_image":"jpg","datemodif_image":"1401688386","chaine":"france4","date":"2014-06-02","heure":"19:45","duree":"5","csa_code":"TP","csa_nom_long":"Tous publics","rubrique":"S\u00e9rie & Fiction","genre_simplifie":"S\u00e9rie humoristique","production":"","nationalite":"fran\u00e7aise","presentateurs":"","invites":"","realisateurs":"","acteurs":"Alexandra Lamy, Jean Dujardin","url_site":"","mandat_debut":"0","mandat_nb":"toutes","OAS_sitepage":"france4\/seriefiction\/ungarsunefille","connexes":[],"url_video":"","mandat_duree":""},{"id_diffusion":"103369217","code_programme":"","id_programme":"","titre":"Un gars, une fille","sous_titre":"Dans la cuisine","accroche":"Dans la vie de couple, on constate facilement que les hommes et les femmes ne se ressemblent pas, ce qui ne facilite pas toujours le quotidien ! Alexandra et Jean en font l'exp\u00e9rience tous les jours.","url_image_racine":"\/staticftv\/ref_emissions\/2014-06-02\/COL_143566_csa1","extension_image":"jpg","datemodif_image":"1401688387","chaine":"france4","date":"2014-06-02","heure":"19:50","duree":"10","csa_code":"TP","csa_nom_long":"Tous publics","rubrique":"","genre_simplifie":"S\u00e9rie humoristique","production":"","nationalite":"fran\u00e7aise","presentateurs":"","invites":"","realisateurs":"","acteurs":"Alexandra Lamy, Jean Dujardin","url_site":"","mandat_debut":"","mandat_nb":"0","OAS_sitepage":"","connexes":[],"url_video":"","mandat_duree":""},{"id_diffusion":"103369218","code_programme":"","id_programme":"","titre":"Un gars, une fille","sous_titre":"Sur leur terrasse","accroche":"Dans la vie de couple, on constate facilement que les hommes et les femmes ne se ressemblent pas, ce qui ne facilite pas toujours le quotidien ! Alexandra et Jean en font l'exp\u00e9rience tous les jours.","url_image_racine":"\/staticftv\/ref_emissions\/2014-06-02\/COL_367651_csa1","extension_image":"jpg","datemodif_image":"1401688387","chaine":"france4","date":"2014-06-02","heure":"20:00","duree":"5","csa_code":"TP","csa_nom_long":"Tous publics","rubrique":"","genre_simplifie":"S\u00e9rie humoristique","production":"","nationalite":"fran\u00e7aise","presentateurs":"","invites":"","realisateurs":"","acteurs":"Alexandra Lamy, Jean Dujardin","url_site":"","mandat_debut":"","mandat_nb":"0","OAS_sitepage":"","connexes":[],"url_video":"","mandat_duree":""},{"id_diffusion":"103369219","code_programme":"","id_programme":"","titre":"Un gars, une fille","sous_titre":"Dans leur salon","accroche":"Dans la vie de couple, on constate facilement que les hommes et les femmes ne se ressemblent pas, ce qui ne facilite pas toujours le quotidien ! Alexandra et Jean en font l'exp\u00e9rience tous les jours.","url_image_racine":"\/staticftv\/ref_emissions\/2014-06-02\/COL_143566_csa1","extension_image":"jpg","datemodif_image":"1401688387","chaine":"france4","date":"2014-06-02","heure":"20:05","duree":"10","csa_code":"TP","csa_nom_long":"Tous publics","rubrique":"","genre_simplifie":"S\u00e9rie humoristique","production":"","nationalite":"fran\u00e7aise","presentateurs":"","invites":"","realisateurs":"","acteurs":"Alexandra Lamy, Jean Dujardin","url_site":"","mandat_debut":"","mandat_nb":"0","OAS_sitepage":"","connexes":[],"url_video":"","mandat_duree":""},{"id_diffusion":"103228711","code_programme":"","id_programme":"","titre":"Studio 4.0","sous_titre":"","accroche":"De l'animation \u00e0 la com\u00e9die, du drame \u00e0 la science-fiction, tous les registres de la cr\u00e9ation sont mis en avant dans \u00abStudio 4.0\u00bb.","url_image_racine":"","extension_image":"","datemodif_image":"","chaine":"france4","date":"2014-06-02","heure":"20:15","duree":"30","csa_code":"10","csa_nom_long":"D\u00e9conseill\u00e9 aux moins de 10 ans","rubrique":"","genre_simplifie":"Magazine culturel","production":"","nationalite":"","presentateurs":"","invites":"","realisateurs":"","acteurs":"","url_site":"","mandat_debut":"","mandat_nb":"0","OAS_sitepage":"","connexes":[],"url_video":"","mandat_duree":""},{"id_diffusion":"103226638","code_programme":"cam_clash","id_programme":"16809","titre":"Cam Clash","sous_titre":"","accroche":"Pour combattre les clich\u00e9s, d\u00e9noncer les incivilit\u00e9s et pointer les discriminations, \u00abCam Clash\u00bb propose de les mettre en sc\u00e8ne. Un dispositif impliquant des acteurs complices et des cam\u00e9ras cach\u00e9es permet de jouer, en public, ces situations injustes. En testant les r\u00e9actions des passants \u00e0 trois th\u00e8mes, tous inspir\u00e9s d'histoires vraies, l'\u00e9mission ouvre le d\u00e9bat sur les diverses vexations du quotidien.","url_image_racine":"\/staticftv\/ref_emissions\/2014-06-02\/EMI_505970_csa1","extension_image":"jpg","datemodif_image":"1401688387","chaine":"france4","date":"2014-06-02","heure":"20:45","duree":"45","csa_code":"TP","csa_nom_long":"Tous publics","rubrique":"Magazine","genre_simplifie":"Magazine de soci\u00e9t\u00e9","production":"","nationalite":"","presentateurs":"Baptiste Etchegaray","invites":"","realisateurs":"","acteurs":"","url_site":"","mandat_debut":"0","mandat_nb":"toutes","OAS_sitepage":"france4\/magazine\/camclash","connexes":[],"url_video":"","mandat_duree":""},{"id_diffusion":"103226639","code_programme":"cam_clash","id_programme":"16809","titre":"Cam Clash","sous_titre":"","accroche":"Des hommes et des femmes, victimes de situations injustes ou discriminantes, racontent leur exp\u00e9rience \u00e0 Baptiste Etchegaray. Ce dernier reproduit alors avec des complices cet \u00e9v\u00e9nement en dissimulant des cam\u00e9ras \u00e0 proximit\u00e9. L'objectif de l'exp\u00e9rience : tester les r\u00e9actions des passants. Trois th\u00e8mes, inspir\u00e9s d'histoires vraies, sont mis en sc\u00e8ne, permettant d'ouvrir le d\u00e9bat sur la mani\u00e8re dont r\u00e9agissent les t\u00e9moins.","url_image_racine":"\/staticftv\/programmes\/16809_1400861786_csa1","extension_image":"jpg","datemodif_image":"1400861786","chaine":"france4","date":"2014-06-02","heure":"21:30","duree":"45","csa_code":"TP","csa_nom_long":"Tous publics","rubrique":"Magazine","genre_simplifie":"Magazine de soci\u00e9t\u00e9","production":"","nationalite":"","presentateurs":"Baptiste Etchegaray","invites":"","realisateurs":"","acteurs":"","url_site":"","mandat_debut":"0","mandat_nb":"toutes","OAS_sitepage":"france4\/magazine\/camclash","connexes":[],"url_video":"","mandat_duree":""},{"id_diffusion":"103226640","code_programme":"","id_programme":"","titre":"Cam Clash","sous_titre":"","accroche":"Des hommes et des femmes, victimes de situations injustes ou discriminantes, racontent leur exp\u00e9rience \u00e0 Baptiste Etchegaray. Ce dernier reproduit alors avec des complices cet \u00e9v\u00e9nement en dissimulant des cam\u00e9ras \u00e0 proximit\u00e9. L'objectif de l'exp\u00e9rience : tester les r\u00e9actions des passants. Trois th\u00e8mes, inspir\u00e9s d'histoires vraies, sont mis en sc\u00e8ne, permettant d'ouvrir le d\u00e9bat sur la mani\u00e8re dont r\u00e9agissent les t\u00e9moins.","url_image_racine":"\/staticftv\/ref_emissions\/2014-06-02\/EMI_504318_csa1","extension_image":"jpg","datemodif_image":"1401688387","chaine":"france4","date":"2014-06-02","heure":"22:15","duree":"45","csa_code":"TP","csa_nom_long":"Tous publics","rubrique":"","genre_simplifie":"Magazine de soci\u00e9t\u00e9","production":"","nationalite":"","presentateurs":"Baptiste Etchegaray","invites":"","realisateurs":"","acteurs":"","url_site":"","mandat_debut":"","mandat_nb":"0","OAS_sitepage":"","connexes":[],"url_video":"","mandat_duree":""},{"id_diffusion":"103226641","code_programme":"stains_beau_pays","id_programme":"16849","titre":"Stains, beau pays","sous_titre":"","accroche":"Tout au long d'une ann\u00e9e scolaire, vingt jeunes de 14 ans, tous en classe de troisi\u00e8me \u00e0 Stains, ont pu filmer leur vie \u00e0 l'aide d'une cam\u00e9ra. Ils en r\u00e9sulte douze programmes courts, fictions et documentaires qui plongent dans leur quotidien, leurs r\u00eaves et leur univers. En contrechamp, Simon Bouisson et Elliot Lepers ont r\u00e9alis\u00e9 les portraits de ces coll\u00e9giens, h\u00e9ros et auteurs de ces documentaires.","url_image_racine":"\/staticftv\/ref_emissions\/2014-06-02\/EMI_507143_csa1","extension_image":"jpg","datemodif_image":"1401688387","chaine":"france4","date":"2014-06-02","heure":"23:00","duree":"50","csa_code":"TP","csa_nom_long":"Tous publics","rubrique":"Documentaire","genre_simplifie":"Documentaire de soci\u00e9t\u00e9","production":"","nationalite":"fran\u00e7ais","presentateurs":"","invites":"","realisateurs":"Elliot Lepers, Simon Bouisson","acteurs":"","url_site":"","mandat_debut":"0","mandat_nb":"toutes","OAS_sitepage":"france4\/documentaire\/stainsbeaupays","connexes":[],"url_video":"","mandat_duree":""},{"id_diffusion":"103228712","code_programme":"","id_programme":"","titre":"Un si bon gar\u00e7on","sous_titre":"","accroche":"Or est un Isra\u00e9lien de 22 ans, mal dans sa peau et solitaire, qui vit chez des parents plut\u00f4t conservateurs. Il prend la d\u00e9cision d'organiser dans le plus grand secret un voyage en Tha\u00eflande o\u00f9 il compte subir une intervention chirurgicale visant \u00e0 le faire changer de sexe. Or est tiraill\u00e9 entre ses diverses fid\u00e9lit\u00e9s : ce \u00e0 quoi il aspire, ce qu'il rejette, ce qu'on attend de lui ou l'inconnu qui le tente.","url_image_racine":"\/staticftv\/ref_emissions\/2014-06-02\/EMI_504557_csa1","extension_image":"jpg","datemodif_image":"1401688387","chaine":"france4","date":"2014-06-02","heure":"23:50","duree":"50","csa_code":"TP","csa_nom_long":"Tous publics","rubrique":"","genre_simplifie":"Documentaire de soci\u00e9t\u00e9","production":"","nationalite":"isra\u00e9lien","presentateurs":"","invites":"","realisateurs":"Shirley Berkovitz","acteurs":"","url_site":"","mandat_debut":"","mandat_nb":"0","OAS_sitepage":"","connexes":[],"url_video":"","mandat_duree":""},{"id_diffusion":"103228713","code_programme":"","id_programme":"","titre":"Homo et alors ?","sous_titre":"","accroche":"Les clich\u00e9s sur les homosexuels ont la vie dure. C'est la raison pour laquelle Florence d'Arthuys a suivi, pendant plusieurs mois, quatre couples. Deux jeunes femmes qui tentent de faire accepter leur relation \u00e0 leurs parents, deux hommes pr\u00e9parant leur mariage, deux femmes qui attendent un enfant procr\u00e9\u00e9 par ins\u00e9mination artificielle et deux trentenaires t\u00e2chant de se faire reconna\u00eetre l\u00e9galement comme famille homoparentale pour accueillir le fils que l'un d'eux a adopt\u00e9. Chez ces couples, la moindre d\u00e9marche se transforme en acte militant.","url_image_racine":"\/staticftv\/ref_emissions\/2014-06-02\/EMI_341356_csa1","extension_image":"jpg","datemodif_image":"1401688387","chaine":"france4","date":"2014-06-03","heure":"00:40","duree":"90","csa_code":"TP","csa_nom_long":"Tous publics","rubrique":"","genre_simplifie":"Documentaire de soci\u00e9t\u00e9","production":"","nationalite":"fran\u00e7ais","presentateurs":"","invites":"","realisateurs":"Florence d'Arthuys","acteurs":"","url_site":"","mandat_debut":"","mandat_nb":"0","OAS_sitepage":"","connexes":[],"url_video":"","mandat_duree":""},{"id_diffusion":"103228714","code_programme":"","id_programme":"","titre":"Consomag","sous_titre":"","accroche":"Une \u00e9mission de l'Institut national de la consommation.","url_image_racine":"","extension_image":"","datemodif_image":"","chaine":"france4","date":"2014-06-03","heure":"02:10","duree":"5","csa_code":"TP","csa_nom_long":"Tous publics","rubrique":"","genre_simplifie":"Magazine de services","production":"","nationalite":"","presentateurs":"","invites":"","realisateurs":"","acteurs":"","url_site":"","mandat_debut":"","mandat_nb":"0","OAS_sitepage":"","connexes":[],"url_video":"","mandat_duree":""},{"id_diffusion":"103228715","code_programme":"","id_programme":"","titre":"Monte le son, le live","sous_titre":"Aufgang","accroche":"Compos\u00e9 du pianiste Rami Khalif\u00e9 et du batteur Aymeric Westrich, mais longtemps accompagn\u00e9 de Francesco Tristano, lui aussi pianiste, Aufgang se produisait sur la sc\u00e8ne de Bourges, lors du Pringtemps 2013.","url_image_racine":"\/staticftv\/ref_emissions\/2014-06-02\/EMI_501500_csa1","extension_image":"jpg","datemodif_image":"1401688387","chaine":"france4","date":"2014-06-03","heure":"02:15","duree":"60","csa_code":"TP","csa_nom_long":"Tous publics","rubrique":"","genre_simplifie":"Magazine culturel","production":"","nationalite":"","presentateurs":"","invites":"","realisateurs":"","acteurs":"","url_site":"","mandat_debut":"","mandat_nb":"0","OAS_sitepage":"","connexes":[],"url_video":"","mandat_duree":""},{"id_diffusion":"103263192","code_programme":"","id_programme":"","titre":"Crapuleuses","sous_titre":"","accroche":"A 14 ans, Violette m\u00e8ne une vie heureuse, choy\u00e9e par ses parents. Mais l'arriv\u00e9e prochaine d'un petit fr\u00e8re doubl\u00e9e d'un d\u00e9m\u00e9nagement viennent chambouler son quotidien. L'adolescente, habitu\u00e9e \u00e0 la vie des beaux quartiers, int\u00e8gre un nouveau coll\u00e8ge, r\u00e9put\u00e9 difficile, min\u00e9 par le racket et les coups. Peu \u00e0 peu, Violette devient la victime de cette violence ordinaire. Sa vie bascule lorsque Sabine, une jeune fille charismatique de deux ans son a\u00een\u00e9e, la prend sous son aile. Leur amiti\u00e9 fusionnelle am\u00e8ne Violette \u00e0 int\u00e9grer le gang des filles de Sabine, les \u00abCrapuleuses\u00bb, qui excellent dans l'art de la vanne, des fous rires entre copines et aussi de la bagarre...","url_image_racine":"\/staticftv\/ref_emissions\/2014-06-02\/EMI_411851_csa3","extension_image":"jpg","datemodif_image":"1401688387","chaine":"france4","date":"2014-06-03","heure":"03:15","duree":"100","csa_code":"12","csa_nom_long":"D\u00e9conseill\u00e9 aux moins de 12 ans","rubrique":"","genre_simplifie":"T\u00e9l\u00e9film dramatique","production":"","nationalite":"fran\u00e7ais","presentateurs":"","invites":"","realisateurs":"Magaly Richard-Serrano","acteurs":"L\u00e9a Drucker, Claudia Tagbo, Fabio Zenoni, Yara Pilartz, Wendy Nieto, Jason Divengele, Marie Lucien, Oph\u00e9lie Alexander","url_site":"","mandat_debut":"","mandat_nb":"0","OAS_sitepage":"","connexes":[],"url_video":"","mandat_duree":""},{"id_diffusion":"104265952","code_programme":"","id_programme":"","titre":"Un gars, une fille","sous_titre":"Au camping","accroche":"Dans la vie de couple, on constate facilement que les hommes et les femmes ne se ressemblent pas, ce qui ne facilite pas toujours le quotidien ! Alexandra et Jean en font l'exp\u00e9rience tous les jours.","url_image_racine":"\/staticftv\/ref_emissions\/2014-06-02\/COL_367651_csa1","extension_image":"jpg","datemodif_image":"1401688387","chaine":"france4","date":"2014-06-03","heure":"04:55","duree":"5","csa_code":"TP","csa_nom_long":"Tous publics","rubrique":"","genre_simplifie":"S\u00e9rie humoristique","production":"","nationalite":"fran\u00e7aise","presentateurs":"","invites":"","realisateurs":"","acteurs":"Alexandra Lamy, Jean Dujardin","url_site":"","mandat_debut":"","mandat_nb":"0","OAS_sitepage":"","connexes":[],"url_video":"","mandat_duree":""}]}