{"journee":{"date":"2014-06-02","nb_prog":50},"programmes":[{"id_diffusion":"104246056","code_programme":"","id_programme":"","titre":"La pirogue du coeur","sous_titre":"","accroche":"En 2009, \u00e0 Tahanea aux Tuamotu en Polyn\u00e9sie fran\u00e7aise, Francis Gazeau bricole un kayak pour en faire une pirogue \u00e0 balancier et \u00e0 voile. Apr\u00e8s un an pass\u00e9 seul sur cet atoll d\u00e9sert, il continue aujourd'hui son combat en faveur du don d'organes en allant cette fois \u00e0 la rencontre des gens, reliant huit atolls des Tuamotu avec une pirogue \u00e0 voile inspir\u00e9e de celle fabriqu\u00e9e \u00e0 Tahanea.","url_image_racine":"\/staticftv\/ref_emissions\/2014-06-02\/EMI_468177_csa1","extension_image":"jpg","datemodif_image":"1401602351","chaine":"la_1ere","date":"2014-06-02","heure":"05:03","duree":"47","csa_code":"TP","csa_nom_long":"Tous publics","rubrique":"","genre_simplifie":"Documentaire scientifique","production":"","nationalite":"fran\u00e7ais","presentateurs":"","invites":"","realisateurs":"Jacques Navarro","acteurs":"","url_site":"","mandat_debut":"","mandat_nb":"0","OAS_sitepage":"","connexes":[],"url_video":"","mandat_duree":""},{"id_diffusion":"103513455","code_programme":"","id_programme":"","titre":"10 minutes pour le dire","sous_titre":"","accroche":"Artistes, musiciens, sportifs, chefs d'entreprises, com\u00e9diens, responsables d'associations, \u00e9crivains ou encore hommes politiques ultramarins qui font l'actualit\u00e9 en m\u00e9tropole r\u00e9pondent aux questions de Gora Patel.","url_image_racine":"","extension_image":"","datemodif_image":"","chaine":"la_1ere","date":"2014-06-02","heure":"05:50","duree":"6","csa_code":"TP","csa_nom_long":"Tous publics","rubrique":"","genre_simplifie":"D\u00e9bat","production":"","nationalite":"","presentateurs":"Gora Patel","invites":"V\u00e9ronique Chalmet","realisateurs":"","acteurs":"","url_site":"","mandat_debut":"","mandat_nb":"0","OAS_sitepage":"","connexes":[],"url_video":"","mandat_duree":""},{"id_diffusion":"104246057","code_programme":"","id_programme":"","titre":"Novelitas","sous_titre":"Plan\u00e8te Novelas","accroche":"","url_image_racine":"","extension_image":"","datemodif_image":"","chaine":"la_1ere","date":"2014-06-02","heure":"05:56","duree":"4","csa_code":"TP","csa_nom_long":"Tous publics","rubrique":"","genre_simplifie":"Magazine de soci\u00e9t\u00e9","production":"","nationalite":"","presentateurs":"","invites":"","realisateurs":"","acteurs":"","url_site":"","mandat_debut":"","mandat_nb":"0","OAS_sitepage":"","connexes":[],"url_video":"","mandat_duree":""},{"id_diffusion":"103513456","code_programme":"","id_programme":"","titre":"EuroNews","sous_titre":"","accroche":"Diffusion des programmes de la cha\u00eene d'information europ\u00e9enne EuroNews.","url_image_racine":"","extension_image":"","datemodif_image":"","chaine":"la_1ere","date":"2014-06-02","heure":"06:00","duree":"30","csa_code":"TP","csa_nom_long":"Tous publics","rubrique":"","genre_simplifie":"Journal","production":"","nationalite":"","presentateurs":"","invites":"","realisateurs":"","acteurs":"","url_site":"","mandat_debut":"","mandat_nb":"0","OAS_sitepage":"","connexes":[],"url_video":"","mandat_duree":""},{"id_diffusion":"103513457","code_programme":"","id_programme":"","titre":"Sc\u00e8nes de m\u00e9nages","sous_titre":"","accroche":"Les conflits du quotidien de quatre couples d'\u00e2ges diff\u00e9rents, Emma et Fabien, Marion et C\u00e9dric, Liliane et Jos\u00e9 et Huguette et Raymond.","url_image_racine":"\/staticftv\/ref_emissions\/2014-06-02\/COL_473663_csa1","extension_image":"jpg","datemodif_image":"1401602351","chaine":"la_1ere","date":"2014-06-02","heure":"06:30","duree":"26","csa_code":"TP","csa_nom_long":"Tous publics","rubrique":"","genre_simplifie":"S\u00e9rie humoristique","production":"","nationalite":"fran\u00e7aise","presentateurs":"","invites":"","realisateurs":"Francis Duquet","acteurs":"Marion Game, G\u00e9rard Hernandez, Fr\u00e9d\u00e9ric Bouraly, Val\u00e9rie Karsenti, Loup-Denis Elion, Anne-Elisabeth Blateau, Audrey Lamy, David Mora","url_site":"","mandat_debut":"","mandat_nb":"0","OAS_sitepage":"","connexes":[],"url_video":"","mandat_duree":""},{"id_diffusion":"104246058","code_programme":"garfield","id_programme":"1053","titre":"Garfield & Cie","sous_titre":"Garfield et les lasagnes d'or","accroche":"Garfield remporte toutes les Lasagnes d'or, ce qui met Nermal en col\u00e8re. Celui-ci fait alors appel au gang des chiens...","url_image_racine":"\/staticftv\/ref_emissions\/2014-06-02\/EMI_250329_csa1","extension_image":"jpg","datemodif_image":"1401602351","chaine":"la_1ere","date":"2014-06-02","heure":"06:56","duree":"12","csa_code":"TP","csa_nom_long":"Tous publics","rubrique":"Jeunesse","genre_simplifie":"Dessin anim\u00e9","production":"Dargaud marina","nationalite":"franco-am\u00e9ricain","presentateurs":"","invites":"","realisateurs":"","acteurs":"","url_site":"http:\/\/www.mon-ludo.fr\/heros\/garfield","mandat_debut":"0","mandat_nb":"toutes","OAS_sitepage":"la_1ere\/jeunesse\/garfieldcie","connexes":[],"url_video":"","mandat_duree":""},{"id_diffusion":"103513459","code_programme":"","id_programme":"","titre":"Tom-Tom et Nana","sous_titre":"","accroche":"Dans l'univers survolt\u00e9 du restaurant \u00abA la bonne fourchette\u00bb dont la bonne marche est r\u00e9guli\u00e8rement menac\u00e9e de l'ext\u00e9rieur par des intrusions diverses et de l'int\u00e9rieur par des probl\u00e8mes familiaux, Tom-Tom et Nana Dubouchon accumulent les sottises pour le bonheur de tous.","url_image_racine":"\/staticftv\/ref_emissions\/2014-06-02\/COL_216998_csa1","extension_image":"jpg","datemodif_image":"1401602351","chaine":"la_1ere","date":"2014-06-02","heure":"07:08","duree":"17","csa_code":"TP","csa_nom_long":"Tous publics","rubrique":"","genre_simplifie":"Dessin anim\u00e9","production":"","nationalite":"fran\u00e7ais","presentateurs":"","invites":"","realisateurs":"","acteurs":"","url_site":"","mandat_debut":"","mandat_nb":"0","OAS_sitepage":"","connexes":[],"url_video":"","mandat_duree":""},{"id_diffusion":"103513460","code_programme":"","id_programme":"","titre":"Commandant Clark","sous_titre":"","accroche":"Pilot\u00e9 par le commandant Clark, un chien courageux, l'Arche explore des zones encore inconnues de la Sunny Galaxy et tente de tenir les affreux Animatronix \u00e0 distance. L'\u00e9quipage de ce vaisseau de patrouille est constitu\u00e9 d'animaux pour le moins originaux.","url_image_racine":"\/staticftv\/ref_emissions\/2014-06-02\/COL_224177_csa1","extension_image":"jpg","datemodif_image":"1401602351","chaine":"la_1ere","date":"2014-06-02","heure":"07:25","duree":"12","csa_code":"TP","csa_nom_long":"Tous publics","rubrique":"","genre_simplifie":"S\u00e9rie d'animation","production":"","nationalite":"fran\u00e7aise","presentateurs":"","invites":"","realisateurs":"Norman Leblanc","acteurs":"","url_site":"","mandat_debut":"","mandat_nb":"0","OAS_sitepage":"","connexes":[],"url_video":"","mandat_duree":""},{"id_diffusion":"103513462","code_programme":"sally_bollywood","id_programme":"1068","titre":"Sally Bollywood","sous_titre":"Une affaire \u00e0 la noix","accroche":"Des \u00e9l\u00e8ves se sont fait voler leurs d\u00e9je\u00fbners. Sally et Doowee partent \u00e0 la recherche du voleur...","url_image_racine":"\/staticftv\/ref_emissions\/2014-06-02\/EMI_292694_csa1","extension_image":"jpg","datemodif_image":"1401602351","chaine":"la_1ere","date":"2014-06-02","heure":"07:37","duree":"11","csa_code":"TP","csa_nom_long":"Tous publics","rubrique":"Jeunesse","genre_simplifie":"S\u00e9rie d'animation","production":"T\u00e9l\u00e9 Images Kids","nationalite":"franco-australienne","presentateurs":"","invites":"","realisateurs":"","acteurs":"","url_site":"http:\/\/www.mon-ludo.fr\/heros\/sally-bollywood","mandat_debut":"0","mandat_nb":"toutes","OAS_sitepage":"la_1ere\/jeunesse\/sallybollywood","connexes":[],"url_video":"","mandat_duree":""},{"id_diffusion":"103513463","code_programme":"sally_bollywood","id_programme":"1068","titre":"Sally Bollywood","sous_titre":"Huis clos","accroche":"Doowee vient de cr\u00e9er une nouvelle machine pour ses enqu\u00eates : Debbie. Mais, lors de sa pr\u00e9sentation, Debbie et de nombreuses machines appartenant \u00e0 Doowee sont d\u00e9grad\u00e9es...","url_image_racine":"\/staticftv\/ref_emissions\/2014-06-02\/COL_282584_csa1","extension_image":"jpg","datemodif_image":"1401602351","chaine":"la_1ere","date":"2014-06-02","heure":"07:48","duree":"10","csa_code":"TP","csa_nom_long":"Tous publics","rubrique":"Jeunesse","genre_simplifie":"S\u00e9rie d'animation","production":"T\u00e9l\u00e9 Images Kids","nationalite":"franco-australienne","presentateurs":"","invites":"","realisateurs":"","acteurs":"","url_site":"http:\/\/www.mon-ludo.fr\/heros\/sally-bollywood","mandat_debut":"0","mandat_nb":"toutes","OAS_sitepage":"la_1ere\/jeunesse\/sallybollywood","connexes":[],"url_video":"","mandat_duree":""},{"id_diffusion":"103513464","code_programme":"wakfu","id_programme":"1041","titre":"Wakfu","sous_titre":"Grougaloragran l'\u00e9ternel","accroche":"Le combat entre le dragon Grougaloragran et Nox fait rage. Perdus dans les glaces du grand Nord, Yugo et ses amis attendent la fin de ce combat ultime, la tension au ventre. C'est le monde des douze qui est en jeu...","url_image_racine":"\/staticftv\/ref_emissions\/2014-06-02\/EMI_354912_csa1","extension_image":"jpg","datemodif_image":"1401602351","chaine":"la_1ere","date":"2014-06-02","heure":"07:58","duree":"23","csa_code":"TP","csa_nom_long":"Tous publics","rubrique":"Jeunesse","genre_simplifie":"Dessin anim\u00e9","production":"Ankama Animations, France t\u00e9l\u00e9visions","nationalite":"fran\u00e7ais","presentateurs":"","invites":"","realisateurs":"","acteurs":"","url_site":"http:\/\/www.mon-ludo.fr\/heros\/wakfu","mandat_debut":"0","mandat_nb":"toutes","OAS_sitepage":"la_1ere\/jeunesse\/wakfu","connexes":[],"url_video":"","mandat_duree":""},{"id_diffusion":"103513465","code_programme":"wakfu","id_programme":"1041","titre":"Wakfu","sous_titre":"La confr\u00e9rie du Tofu","accroche":"Grougaloragran a failli. Les amis vont devoir se partager en deux groupes : les compagnons doivent rejoindre le royaume Sadida pour les pr\u00e9venir de la menace que repr\u00e9sente Nox et Yugo et Adama\u00ef doivent aller chercher le Dofus dans lequel Grougaloragran va se r\u00e9incarner...","url_image_racine":"\/staticftv\/ref_emissions\/2014-06-02\/EMI_390787_csa1","extension_image":"jpg","datemodif_image":"1401602352","chaine":"la_1ere","date":"2014-06-02","heure":"08:21","duree":"23","csa_code":"TP","csa_nom_long":"Tous publics","rubrique":"Jeunesse","genre_simplifie":"Dessin anim\u00e9","production":"Ankama Animations, France t\u00e9l\u00e9visions","nationalite":"fran\u00e7ais","presentateurs":"","invites":"","realisateurs":"","acteurs":"","url_site":"http:\/\/www.mon-ludo.fr\/heros\/wakfu","mandat_debut":"0","mandat_nb":"toutes","OAS_sitepage":"la_1ere\/jeunesse\/wakfu","connexes":[],"url_video":"","mandat_duree":""},{"id_diffusion":"103513466","code_programme":"","id_programme":"","titre":"Le journal de Saint-Pierre-et-Miquelon","sous_titre":"","accroche":"","url_image_racine":"","extension_image":"","datemodif_image":"","chaine":"la_1ere","date":"2014-06-02","heure":"08:44","duree":"15","csa_code":"TP","csa_nom_long":"Tous publics","rubrique":"","genre_simplifie":"Journal","production":"","nationalite":"","presentateurs":"","invites":"","realisateurs":"","acteurs":"","url_site":"","mandat_debut":"","mandat_nb":"0","OAS_sitepage":"","connexes":[],"url_video":"","mandat_duree":""},{"id_diffusion":"103513467","code_programme":"","id_programme":"","titre":"Journal de 13h de France 2","sous_titre":"","accroche":"","url_image_racine":"","extension_image":"","datemodif_image":"","chaine":"la_1ere","date":"2014-06-02","heure":"08:59","duree":"45","csa_code":"TP","csa_nom_long":"Tous publics","rubrique":"","genre_simplifie":"Journal","production":"","nationalite":"","presentateurs":"","invites":"","realisateurs":"","acteurs":"","url_site":"","mandat_debut":"","mandat_nb":"0","OAS_sitepage":"","connexes":[],"url_video":"","mandat_duree":""},{"id_diffusion":"103513468","code_programme":"","id_programme":"","titre":"Araguaya, la rivi\u00e8re de la destin\u00e9e","sous_titre":"","accroche":"La vie de Solano, jeune fermier, bascule \u00e0 la mort de son p\u00e8re lorsqu'il d\u00e9couvre qu'il appartient \u00e0 une lign\u00e9e vou\u00e9e \u00e0 un destin tragique.","url_image_racine":"\/staticftv\/ref_emissions\/2014-06-02\/COL_448732_csa1","extension_image":"jpg","datemodif_image":"1401602352","chaine":"la_1ere","date":"2014-06-02","heure":"09:44","duree":"42","csa_code":"TP","csa_nom_long":"Tous publics","rubrique":"","genre_simplifie":"S\u00e9rie sentimentale","production":"","nationalite":"br\u00e9silien","presentateurs":"","invites":"","realisateurs":"","acteurs":"Lima Duarte, J\u00falia Lemmertz, Murilo Rosa, Cleo Pires, Milena Toscano, Raphael Viana, Thiago Fragoso, Tha\u00eds Garayp","url_site":"","mandat_debut":"","mandat_nb":"0","OAS_sitepage":"","connexes":[],"url_video":"","mandat_duree":""},{"id_diffusion":"103513469","code_programme":"","id_programme":"","titre":"Le triomphe de l'amour","sous_titre":"","accroche":"","url_image_racine":"","extension_image":"","datemodif_image":"","chaine":"la_1ere","date":"2014-06-02","heure":"10:26","duree":"48","csa_code":"TP","csa_nom_long":"Tous publics","rubrique":"","genre_simplifie":"S\u00e9rie sentimentale","production":"","nationalite":"mexicain","presentateurs":"","invites":"","realisateurs":"","acteurs":"C\u00e9sar Evora, Daniela Romo, Victoria Ruffo, Diego Olivera, William Levy, Maite Perroni, Osvaldo R\u00edos","url_site":"","mandat_debut":"","mandat_nb":"0","OAS_sitepage":"","connexes":[],"url_video":"","mandat_duree":""},{"id_diffusion":"103513470","code_programme":"","id_programme":"","titre":"Amour, gloire et beaut\u00e9","sous_titre":"","accroche":"Thorne se dresse contre Ridge alors que celui-ci essaie d'apporter de nouvelles id\u00e9es au travail. Dayzee et Marcus partagent un moment privil\u00e9gi\u00e9...","url_image_racine":"\/staticftv\/ref_emissions\/2014-06-02\/EMI_279584_csa1","extension_image":"jpg","datemodif_image":"1401602352","chaine":"la_1ere","date":"2014-06-02","heure":"11:14","duree":"22","csa_code":"TP","csa_nom_long":"Tous publics","rubrique":"","genre_simplifie":"S\u00e9rie sentimentale","production":"","nationalite":"am\u00e9ricain","presentateurs":"","invites":"","realisateurs":"Deveney Kelly","acteurs":"Ronn Moss, John McCook, Katherine Kelly Lang, Winsor Harmon, Texas Battle, Jacqueline MacInnes Wood, Kim Matula, Kristolyn Lloyd","url_site":"","mandat_debut":"","mandat_nb":"0","OAS_sitepage":"","connexes":[],"url_video":"","mandat_duree":""},{"id_diffusion":"103513471","code_programme":"","id_programme":"","titre":"Amour, gloire et beaut\u00e9","sous_titre":"","accroche":"Hope et Steffy continuent de se chamailler concernant leurs points de vue sur le sexe. La lutte entre Thorne et Ridge prend un nouveau tournant...","url_image_racine":"\/staticftv\/ref_emissions\/2014-06-02\/EMI_229257_csa1","extension_image":"jpg","datemodif_image":"1401602352","chaine":"la_1ere","date":"2014-06-02","heure":"11:36","duree":"23","csa_code":"TP","csa_nom_long":"Tous publics","rubrique":"","genre_simplifie":"S\u00e9rie sentimentale","production":"","nationalite":"am\u00e9ricain","presentateurs":"","invites":"","realisateurs":"Deveney Kelly","acteurs":"Ronn Moss, Hunter Tylo, Don Diamont, Winsor Harmon, Scott Clifton, Jacqueline MacInnes Wood, Kim Matula","url_site":"","mandat_debut":"","mandat_nb":"0","OAS_sitepage":"","connexes":[],"url_video":"","mandat_duree":""},{"id_diffusion":"103513472","code_programme":"","id_programme":"","titre":"Amour, gloire et beaut\u00e9","sous_titre":"","accroche":"Brooke se range du c\u00f4t\u00e9 de Thorne apr\u00e8s ce qui s'est pass\u00e9 entre lui et Thorne. Katie laisse ses sentiments parler lorsqu'elle apprend ce qui s'est pass\u00e9 entre Liam et Steffy...","url_image_racine":"\/staticftv\/ref_emissions\/2014-06-02\/EMI_229250_csa1","extension_image":"jpg","datemodif_image":"1401602352","chaine":"la_1ere","date":"2014-06-02","heure":"11:59","duree":"23","csa_code":"TP","csa_nom_long":"Tous publics","rubrique":"","genre_simplifie":"S\u00e9rie sentimentale","production":"","nationalite":"am\u00e9ricain","presentateurs":"","invites":"","realisateurs":"Jennifer Howard","acteurs":"Ronn Moss, Katherine Kelly Lang, Heather Tom, Don Diamont, Winsor Harmon, Scott Clifton, Jacqueline MacInnes Wood, Kim Matula","url_site":"","mandat_debut":"","mandat_nb":"0","OAS_sitepage":"","connexes":[],"url_video":"","mandat_duree":""},{"id_diffusion":"103513473","code_programme":"","id_programme":"","titre":"La cit\u00e9 de dieu","sous_titre":"","accroche":"Au Br\u00e9sil, dans un lotissement construit au cours des ann\u00e9es 60. Dans la population adolescente des cit\u00e9s, des bandes organis\u00e9es se cr\u00e9ent qui pillent, volent et tuent. Membre d'un des groupes, Fus\u00e9e, plus r\u00e9serv\u00e9 que ses amis, refuse de se laisser entra\u00eener dans la spirale de la violence. Il r\u00eave de devenir un jour photographe, mais son environnement ne lui offre que peu d'espoir. En attendant de s'en sortir, il passe ses journ\u00e9es avec Tignasse et ses deux complices, dont son propre fr\u00e8re, qui accumulent les vols et autres larcins. Mais le plus dangereux d'entre eux est Petit Z\u00e9, un gamin qui a d\u00e9cid\u00e9 de prendre le pouvoir dans le quartier...","url_image_racine":"\/staticftv\/ref_emissions\/2014-06-02\/EMI_27161_csa1","extension_image":"jpg","datemodif_image":"1401602352","chaine":"la_1ere","date":"2014-06-02","heure":"12:22","duree":"52","csa_code":"TP","csa_nom_long":"Tous publics","rubrique":"","genre_simplifie":"Drame","production":"","nationalite":"br\u00e9silo-fran\u00e7ais","presentateurs":"","invites":"","realisateurs":"Fernando Meirelles, K\u00e1tia Lund","acteurs":"Matheus Nachtergaele, Seu Jorge, Alexandre Rodrigues, Leandro Firmino da Hora, Phellipe Haagensen, Jonathan Haagensen, Douglas Silva, Roberta Rodrigues","url_site":"","mandat_debut":"","mandat_nb":"0","OAS_sitepage":"","connexes":[],"url_video":"","mandat_duree":""},{"id_diffusion":"103513474","code_programme":"amour_interdit","id_programme":"15508","titre":"Amour interdit","sous_titre":"","accroche":"Salomon pr\u00e9vient Guillermo que la famille Piamonte a compris qu'il \u00e9tait derri\u00e8re l'histoire de la plainte contre Bianca. Ariel interroge Nicolas \u00e0 propos de Guillermo et le met en garde...","url_image_racine":"\/staticftv\/ref_emissions\/2014-06-02\/COL_477205_csa1","extension_image":"jpg","datemodif_image":"1401602352","chaine":"la_1ere","date":"2014-06-02","heure":"13:14","duree":"45","csa_code":"TP","csa_nom_long":"Tous publics","rubrique":"S\u00e9rie & Fiction","genre_simplifie":"S\u00e9rie sentimentale","production":"","nationalite":"am\u00e9ricain","presentateurs":"","invites":"","realisateurs":"","acteurs":"Rebecca Jones, Roberto Vander, Jencarlos Canela, Monica Spear, Mercedes Molto, Sabrina Seara, Carmen Aub, Priscilla Perales","url_site":"","mandat_debut":"0","mandat_nb":"toutes","OAS_sitepage":"la_1ere\/seriefiction\/amourinterdit","connexes":[],"url_video":"","mandat_duree":""},{"id_diffusion":"103513475","code_programme":"","id_programme":"","titre":"Question de g\u00e9n\u00e9ration","sous_titre":"","accroche":"","url_image_racine":"","extension_image":"","datemodif_image":"","chaine":"la_1ere","date":"2014-06-02","heure":"13:59","duree":"28","csa_code":"TP","csa_nom_long":"Tous publics","rubrique":"","genre_simplifie":"Magazine de soci\u00e9t\u00e9","production":"","nationalite":"","presentateurs":"","invites":"","realisateurs":"","acteurs":"","url_site":"","mandat_debut":"","mandat_nb":"0","OAS_sitepage":"","connexes":[],"url_video":"","mandat_duree":""},{"id_diffusion":"103513476","code_programme":"","id_programme":"","titre":"La force du coeur","sous_titre":"","accroche":"","url_image_racine":"","extension_image":"","datemodif_image":"","chaine":"la_1ere","date":"2014-06-02","heure":"14:27","duree":"45","csa_code":"TP","csa_nom_long":"Tous publics","rubrique":"","genre_simplifie":"S\u00e9rie sentimentale","production":"","nationalite":"","presentateurs":"","invites":"","realisateurs":"","acteurs":"","url_site":"","mandat_debut":"","mandat_nb":"0","OAS_sitepage":"","connexes":[],"url_video":"","mandat_duree":""},{"id_diffusion":"103513477","code_programme":"","id_programme":"","titre":"La force du coeur","sous_titre":"","accroche":"","url_image_racine":"","extension_image":"","datemodif_image":"","chaine":"la_1ere","date":"2014-06-02","heure":"15:12","duree":"46","csa_code":"TP","csa_nom_long":"Tous publics","rubrique":"","genre_simplifie":"S\u00e9rie sentimentale","production":"","nationalite":"","presentateurs":"","invites":"","realisateurs":"","acteurs":"","url_site":"","mandat_debut":"","mandat_nb":"0","OAS_sitepage":"","connexes":[],"url_video":"","mandat_duree":""},{"id_diffusion":"103513478","code_programme":"","id_programme":"","titre":"Journal de 20h de France 2","sous_titre":"","accroche":"","url_image_racine":"","extension_image":"","datemodif_image":"","chaine":"la_1ere","date":"2014-06-02","heure":"15:58","duree":"43","csa_code":"TP","csa_nom_long":"Tous publics","rubrique":"","genre_simplifie":"Journal","production":"","nationalite":"","presentateurs":"","invites":"","realisateurs":"","acteurs":"","url_site":"","mandat_debut":"","mandat_nb":"0","OAS_sitepage":"","connexes":[],"url_video":"","mandat_duree":""},{"id_diffusion":"103513479","code_programme":"","id_programme":"","titre":"La Teniente","sous_titre":"","accroche":"Roberta Ballesteros est une femme forte, opini\u00e2tre, disciplin\u00e9e et sensible, confront\u00e9e \u00e0 un monde d'hommes o\u00f9 r\u00e8gnent le danger et l'action. A la t\u00eate de l'unit\u00e9 Platoon au sein de la base des forces sp\u00e9ciales de la Marine mexicaine, elle est la premi\u00e8re femme \u00e0 atteindre un niveau aussi \u00e9lev\u00e9 dans cette prestigieuse institution. Si Roberta doit prouver qu'elle est la meilleure, elle s'efforce surtout de gagner la confiance des membres de son \u00e9quipe, un escadron charg\u00e9 des missions difficiles. Elle tente \u00e9galement de faire toute la lumi\u00e8re sur une trahison qui a co\u00fbt\u00e9 la vie \u00e0 son pr\u00e9d\u00e9cesseur.","url_image_racine":"\/staticftv\/ref_emissions\/2014-06-02\/COL_467405_csa1","extension_image":"jpg","datemodif_image":"1401602352","chaine":"la_1ere","date":"2014-06-02","heure":"16:41","duree":"45","csa_code":"TP","csa_nom_long":"Tous publics","rubrique":"","genre_simplifie":"S\u00e9rie d'aventures","production":"","nationalite":"mexicaine","presentateurs":"","invites":"","realisateurs":"","acteurs":"Armando Torrea, Mar\u00eda Fernanda Y\u00e9pes, Mat\u00edas Novoa, Hector Arredondo, Fernando Sarfatti, Sylvia Saenz","url_site":"","mandat_debut":"","mandat_nb":"0","OAS_sitepage":"","connexes":[],"url_video":"","mandat_duree":""},{"id_diffusion":"103513480","code_programme":"","id_programme":"","titre":"FBI : port\u00e9s disparus","sous_titre":"Photographies","accroche":"Jack et son \u00e9quipe se lancent \u00e0 la recherche de Brian Owen, un paparazzi disparu apr\u00e8s une dispute avec le garde du corps d'une c\u00e9l\u00e9brit\u00e9. La d\u00e9couverte, en pleine rue, de son appareil photo couvert de sang laisse pr\u00e9sager le pire. Aiguill\u00e9s par l'ex-\u00e9pouse du photographe et sa fille, les agents du FBI remontent la piste d'un homme qui avait prof\u00e9r\u00e9 de s\u00e9rieuses menaces \u00e0 l'encontre du photographe, quelques semaines avant sa disparition. Parall\u00e8lement, ils apprennent qu'Owen vivait une p\u00e9riode de remise en question et souhaitait passer \u00e0 des activit\u00e9s plus honorables apr\u00e8s le suicide d'une personne qu'il avait photographi\u00e9e...","url_image_racine":"\/staticftv\/ref_emissions\/2014-06-02\/EMI_142241_csa1","extension_image":"jpg","datemodif_image":"1401602352","chaine":"la_1ere","date":"2014-06-02","heure":"17:26","duree":"43","csa_code":"TP","csa_nom_long":"Tous publics","rubrique":"","genre_simplifie":"S\u00e9rie","production":"","nationalite":"am\u00e9ricaine","presentateurs":"","invites":"","realisateurs":"Charlie Corell","acteurs":"Anthony LaPaglia, John Pankow, Eric Close, Marianne Jean-Baptiste, Kristoffer Ryan Winters, Poppy Montgomery, Enrique Murciano, Mariah Bess","url_site":"","mandat_debut":"","mandat_nb":"0","OAS_sitepage":"","connexes":[],"url_video":"","mandat_duree":""},{"id_diffusion":"103513481","code_programme":"","id_programme":"","titre":"Avenida Brasil","sous_titre":"","accroche":"Carminia d\u00e9clare qu'elle ne veut pas venir en aide \u00e0 Max. Betania se r\u00e9jouit d'apprendre que Nina a trouv\u00e9 un moyen d'humilier Carminia...","url_image_racine":"\/staticftv\/ref_emissions\/2014-06-02\/COL_485458_csa1","extension_image":"jpg","datemodif_image":"1401602353","chaine":"la_1ere","date":"2014-06-02","heure":"18:09","duree":"48","csa_code":"TP","csa_nom_long":"Tous publics","rubrique":"","genre_simplifie":"S\u00e9rie sentimentale","production":"","nationalite":"br\u00e9silien","presentateurs":"","invites":"","realisateurs":"","acteurs":"Adriana Esteves, Murilo Ben\u00edcio, Helo\u00edsa P\u00e9riss\u00e9, D\u00e9bora Falabella, Marcello Novaes, Eliane Glardini, Let\u00edcia Isnard","url_site":"","mandat_debut":"","mandat_nb":"0","OAS_sitepage":"","connexes":[],"url_video":"","mandat_duree":""},{"id_diffusion":"103513482","code_programme":"","id_programme":"","titre":"Plus belle la vie","sous_titre":"","accroche":"Douala doit faire face \u00e0 une personne particuli\u00e8rement coriace. De son c\u00f4t\u00e9, C\u00e9line pose des questions g\u00eanantes. Quant \u00e0 Jonas, sera-t-il r\u00e9compens\u00e9 de ses efforts ?...","url_image_racine":"\/staticftv\/ref_emissions\/2014-06-02\/COL_388983_csa1","extension_image":"jpg","datemodif_image":"1401602353","chaine":"la_1ere","date":"2014-06-02","heure":"18:57","duree":"25","csa_code":"TP","csa_nom_long":"Tous publics","rubrique":"","genre_simplifie":"S\u00e9rie","production":"","nationalite":"fran\u00e7ais","presentateurs":"","invites":"","realisateurs":"Michel Hassan","acteurs":"Virgile Bayle, Rebecca Hampton, Rachid Hafassa, Nad\u00e8ge Beausson-Diagne, Laurent Kerusor\u00e9, St\u00e9phane Henon, Flavie P\u00e9an, Geoffrey Piet","url_site":"","mandat_debut":"","mandat_nb":"0","OAS_sitepage":"","connexes":[],"url_video":"","mandat_duree":""},{"id_diffusion":"103513483","code_programme":"","id_programme":"","titre":"En route vers Rio","sous_titre":"","accroche":"","url_image_racine":"","extension_image":"","datemodif_image":"","chaine":"la_1ere","date":"2014-06-02","heure":"19:22","duree":"5","csa_code":"TP","csa_nom_long":"Tous publics","rubrique":"","genre_simplifie":"Magazine sportif","production":"","nationalite":"","presentateurs":"","invites":"","realisateurs":"","acteurs":"","url_site":"","mandat_debut":"","mandat_nb":"0","OAS_sitepage":"","connexes":[],"url_video":"","mandat_duree":""},{"id_diffusion":"103513484","code_programme":"","id_programme":"","titre":"Titres du 20h","sous_titre":"","accroche":"","url_image_racine":"","extension_image":"","datemodif_image":"","chaine":"la_1ere","date":"2014-06-02","heure":"19:27","duree":"2","csa_code":"TP","csa_nom_long":"Tous publics","rubrique":"","genre_simplifie":"Journal","production":"","nationalite":"","presentateurs":"","invites":"","realisateurs":"","acteurs":"","url_site":"","mandat_debut":"","mandat_nb":"0","OAS_sitepage":"","connexes":[],"url_video":"","mandat_duree":""},{"id_diffusion":"103513485","code_programme":"meteo_saint_pierre_et_miquelon_1ere","id_programme":"11551","titre":"M\u00e9t\u00e9o","sous_titre":"","accroche":"Bulletin m\u00e9t\u00e9o et pr\u00e9visions ","url_image_racine":"\/staticftv\/programmes\/11551_1345649486_csa1","extension_image":"jpg","datemodif_image":"1345649486","chaine":"la_1ere","date":"2014-06-02","heure":"19:29","duree":"3","csa_code":"TP","csa_nom_long":"Tous publics","rubrique":"Info","genre_simplifie":"M\u00e9t\u00e9o","production":"","nationalite":"","presentateurs":"","invites":"","realisateurs":"","acteurs":"","url_site":"","mandat_debut":"0","mandat_nb":"toutes","OAS_sitepage":"la_1ere\/info\/meteo","connexes":[],"url_video":"","mandat_duree":""},{"id_diffusion":"103513486","code_programme":"infosports","id_programme":"12100","titre":"Sport 1\u00e8re","sous_titre":"","accroche":"Le magazine des sports de la r\u00e9daction revient sur l'actualit\u00e9 sportive de la semaine \u00e9coul\u00e9e","url_image_racine":"\/staticftv\/programmes\/12100_1385474597_csa1","extension_image":"jpg","datemodif_image":"1385474597","chaine":"la_1ere","date":"2014-06-02","heure":"19:32","duree":"23","csa_code":"TP","csa_nom_long":"Tous publics","rubrique":"Sport","genre_simplifie":"Magazine sportif","production":"Saint-Pierre et Miquelon","nationalite":"","presentateurs":"","invites":"","realisateurs":"","acteurs":"","url_site":"http:\/\/saintpierremiquelon.la1ere.fr\/","mandat_debut":"0","mandat_nb":"toutes","OAS_sitepage":"la_1ere\/sport\/sport1ere","connexes":[],"url_video":"","mandat_duree":""},{"id_diffusion":"103513487","code_programme":"","id_programme":"","titre":"Sc\u00e8nes de m\u00e9nages","sous_titre":"","accroche":"Les conflits du quotidien de quatre couples d'\u00e2ges diff\u00e9rents, Emma et Fabien, Marion et C\u00e9dric, Liliane et Jos\u00e9 et Huguette et Raymond.","url_image_racine":"\/staticftv\/ref_emissions\/2014-06-02\/COL_473663_csa1","extension_image":"jpg","datemodif_image":"1401602353","chaine":"la_1ere","date":"2014-06-02","heure":"19:55","duree":"5","csa_code":"TP","csa_nom_long":"Tous publics","rubrique":"","genre_simplifie":"S\u00e9rie humoristique","production":"","nationalite":"fran\u00e7aise","presentateurs":"","invites":"","realisateurs":"Francis Duquet","acteurs":"Marion Game, G\u00e9rard Hernandez, Fr\u00e9d\u00e9ric Bouraly, Val\u00e9rie Karsenti, Loup-Denis Elion, Anne-Elisabeth Blateau, Audrey Lamy, David Mora","url_site":"","mandat_debut":"","mandat_nb":"0","OAS_sitepage":"","connexes":[],"url_video":"","mandat_duree":""},{"id_diffusion":"103513488","code_programme":"jt_saint_pierre_et_miquelon","id_programme":"449","titre":"Le journal de Saint-Pierre-et-Miquelon","sous_titre":"","accroche":"Toute l'actualit\u00e9 de votre r\u00e9gion.","url_image_racine":"\/staticftv\/catchup\/img\/3\/4\/449_1300729003_3_csa1","extension_image":"png","datemodif_image":"1300729003","chaine":"la_1ere","date":"2014-06-02","heure":"20:00","duree":"13","csa_code":"TP","csa_nom_long":"Tous publics","rubrique":"Info","genre_simplifie":"Journal","production":"","nationalite":"","presentateurs":"","invites":"","realisateurs":"","acteurs":"","url_site":"http:\/\/saintpierremiquelon.la1ere.fr","mandat_debut":"0","mandat_nb":"toutes","OAS_sitepage":"la_1ere\/info\/lejournaldesaintpierreetmiquelon","connexes":[],"url_video":"","mandat_duree":""},{"id_diffusion":"103513489","code_programme":"","id_programme":"","titre":"JT Saint-Pierre-et-Miquelon","sous_titre":"","accroche":"","url_image_racine":"","extension_image":"","datemodif_image":"","chaine":"la_1ere","date":"2014-06-02","heure":"20:13","duree":"16","csa_code":"TP","csa_nom_long":"Tous publics","rubrique":"","genre_simplifie":"Journal","production":"","nationalite":"","presentateurs":"","invites":"","realisateurs":"","acteurs":"","url_site":"","mandat_debut":"","mandat_nb":"0","OAS_sitepage":"","connexes":[],"url_video":"","mandat_duree":""},{"id_diffusion":"103513490","code_programme":"meteo_jt20h","id_programme":"345","titre":"M\u00e9t\u00e9o","sous_titre":"","accroche":"Toute la m\u00e9t\u00e9o sur France 2.","url_image_racine":"\/staticftv\/catchup\/img\/3\/3\/345_1387190553_csa1","extension_image":"png","datemodif_image":"1387190553","chaine":"la_1ere","date":"2014-06-02","heure":"20:29","duree":"3","csa_code":"TP","csa_nom_long":"Tous publics","rubrique":"Info","genre_simplifie":"M\u00e9t\u00e9o","production":"France 2","nationalite":"","presentateurs":"","invites":"","realisateurs":"","acteurs":"","url_site":"http:\/\/meteo.france2.fr\/","mandat_debut":"0","mandat_nb":"toutes","OAS_sitepage":"la_1ere\/info\/meteo","connexes":[],"url_video":"","mandat_duree":""},{"id_diffusion":"103513491","code_programme":"","id_programme":"","titre":"Football Made in Brazil","sous_titre":"","accroche":"","url_image_racine":"","extension_image":"","datemodif_image":"","chaine":"la_1ere","date":"2014-06-02","heure":"20:32","duree":"3","csa_code":"TP","csa_nom_long":"Tous publics","rubrique":"","genre_simplifie":"Documentaire","production":"","nationalite":"","presentateurs":"","invites":"","realisateurs":"","acteurs":"","url_site":"","mandat_debut":"","mandat_nb":"0","OAS_sitepage":"","connexes":[],"url_video":"","mandat_duree":""},{"id_diffusion":"103827260","code_programme":"","id_programme":"","titre":"Le journal de Roland-Garros","sous_titre":"","accroche":"","url_image_racine":"\/staticftv\/ref_emissions\/2014-06-02\/COL_200266_csa1","extension_image":"jpg","datemodif_image":"1401602353","chaine":"la_1ere","date":"2014-06-02","heure":"20:35","duree":"8","csa_code":"TP","csa_nom_long":"Tous publics","rubrique":"","genre_simplifie":"Magazine sportif","production":"","nationalite":"","presentateurs":"","invites":"","realisateurs":"","acteurs":"","url_site":"","mandat_debut":"","mandat_nb":"0","OAS_sitepage":"","connexes":[],"url_video":"","mandat_duree":""},{"id_diffusion":"104246059","code_programme":"","id_programme":"","titre":"Commissaire Cordier","sous_titre":"Attaque au fer","accroche":"Dans un club d'escrime, un ma\u00eetre d'armes, Anton Enescu, est retrouv\u00e9 le coeur perfor\u00e9 par un coup d'\u00e9p\u00e9e. Sur place, le commissaire Cordier rencontre les deux filles de la victime. L'une, R\u00e9gina, semble peu touch\u00e9e par cette mort brutale alors que la cadette, Christine, exprime une douleur marqu\u00e9e. Guid\u00e9s par une premi\u00e8re impression, le commissaire et ses coll\u00e8gues s'orientent vers Hocine Ladji, un des \u00e9l\u00e8ves du ma\u00eetre escrimeur. Ses empreintes ont \u00e9t\u00e9 relev\u00e9es sur l'arme du crime. Ex-d\u00e9tenu incarc\u00e9r\u00e9 pour trafic de drogue, Hocine Ladji a \u00e9t\u00e9 rep\u00e9r\u00e9 par Enescu qui en avait fait un champion. Or, Cordier apprend que Ladji a \u00e9t\u00e9 d\u00e9bauch\u00e9 par un autre club. Cordier s'int\u00e9resse de pr\u00e8s \u00e0 R\u00e9gina Enescu. Lors d'une filature, C\u00e9cile et Kantor la surprennent dans un dr\u00f4le de man\u00e8ge o\u00f9 elle aguiche un inconnu et l'entra\u00eene \u00e0 l'h\u00f4tel...","url_image_racine":"\/staticftv\/ref_emissions\/2014-06-02\/EMI_90851_csa1","extension_image":"jpg","datemodif_image":"1401602353","chaine":"la_1ere","date":"2014-06-02","heure":"20:43","duree":"95","csa_code":"TP","csa_nom_long":"Tous publics","rubrique":"","genre_simplifie":"T\u00e9l\u00e9film policier","production":"","nationalite":"fran\u00e7ais","presentateurs":"","invites":"","realisateurs":"Henri Helman","acteurs":"Pierre Mondy, Antonella Lualdi, Linda Hardy, St\u00e9phanie Vicat, Walid Afkir, Cassandre Manet, Jean Rieffel, Guillaume de Tonqu\u00e9dec","url_site":"","mandat_debut":"","mandat_nb":"0","OAS_sitepage":"","connexes":[],"url_video":"","mandat_duree":""},{"id_diffusion":"103513493","code_programme":"","id_programme":"","titre":"Les Cordier, juge et flic","sous_titre":"Dette mortelle","accroche":"Bartoli, cadre commercial \u00e0 la Cr\u00e9dico, une soci\u00e9t\u00e9 de cr\u00e9dit, est retrouv\u00e9 assassin\u00e9 dans son bureau. Lorsque le commissaire arrive sur les lieux du crime, un suspect, aper\u00e7u par un client surendett\u00e9, s'est enfui. Apr\u00e8s enqu\u00eate, les Cordier d\u00e9couvrent toutefois qu'un grand nombre de personnes pouvait en vouloir \u00e0 Bartoli. A commencer par Francis Vial, son coll\u00e8gue. Les deux hommes avaient fait un pari stupide : le premier qui gagnerait les faveurs de Lise, une autre coll\u00e8gue, b\u00e9n\u00e9ficierait d'un voyage \u00e0 Cuba. Bartoli remporte la mise, mais r\u00e9v\u00e8le l'enjeu du march\u00e9 \u00e0 Lise. Vial, amoureux d'elle, la perd \u00e0 tout jamais. Voil\u00e0 une bonne raison de chercher vengeance...","url_image_racine":"\/staticftv\/ref_emissions\/2014-06-02\/EMI_4439_csa1","extension_image":"jpg","datemodif_image":"1401602353","chaine":"la_1ere","date":"2014-06-02","heure":"22:18","duree":"90","csa_code":"TP","csa_nom_long":"Tous publics","rubrique":"","genre_simplifie":"T\u00e9l\u00e9film policier","production":"","nationalite":"fran\u00e7ais","presentateurs":"","invites":"","realisateurs":"Alain Wermus","acteurs":"Pierre Mondy, Bruno Madinier, Antonella Lualdi, Alexandra Gonin, Romain Larue, Daphn\u00e9 Baiwir, Daniel Delabesse, Arnaud B\u00e9douet","url_site":"","mandat_debut":"","mandat_nb":"0","OAS_sitepage":"","connexes":[],"url_video":"","mandat_duree":""},{"id_diffusion":"103513494","code_programme":"","id_programme":"","titre":"Le journal de Saint-Pierre-et-Miquelon","sous_titre":"","accroche":"","url_image_racine":"","extension_image":"","datemodif_image":"","chaine":"la_1ere","date":"2014-06-02","heure":"23:48","duree":"14","csa_code":"TP","csa_nom_long":"Tous publics","rubrique":"","genre_simplifie":"Journal","production":"","nationalite":"","presentateurs":"","invites":"","realisateurs":"","acteurs":"","url_site":"","mandat_debut":"","mandat_nb":"0","OAS_sitepage":"","connexes":[],"url_video":"","mandat_duree":""},{"id_diffusion":"103513495","code_programme":"","id_programme":"","titre":"M\u00e9t\u00e9o","sous_titre":"","accroche":"","url_image_racine":"","extension_image":"","datemodif_image":"","chaine":"la_1ere","date":"2014-06-03","heure":"00:02","duree":"3","csa_code":"TP","csa_nom_long":"Tous publics","rubrique":"","genre_simplifie":"M\u00e9t\u00e9o","production":"","nationalite":"","presentateurs":"","invites":"","realisateurs":"","acteurs":"","url_site":"","mandat_debut":"","mandat_nb":"0","OAS_sitepage":"","connexes":[],"url_video":"","mandat_duree":""},{"id_diffusion":"103513496","code_programme":"","id_programme":"","titre":"Journal de l'Acadie","sous_titre":"","accroche":"","url_image_racine":"","extension_image":"","datemodif_image":"","chaine":"la_1ere","date":"2014-06-03","heure":"00:05","duree":"24","csa_code":"TP","csa_nom_long":"Tous publics","rubrique":"","genre_simplifie":"Journal","production":"","nationalite":"","presentateurs":"","invites":"","realisateurs":"","acteurs":"","url_site":"","mandat_debut":"","mandat_nb":"0","OAS_sitepage":"","connexes":[],"url_video":"","mandat_duree":""},{"id_diffusion":"103513497","code_programme":"","id_programme":"","titre":"Famille d'accueil","sous_titre":"Retour d'affection","accroche":"Tristan est envoy\u00e9 chez les Ferri\u00e8re car il a de gros probl\u00e8mes de confiance en lui. Le jeune homme de 16 ans, particuli\u00e8rement mal dans sa peau, vit un enfer quotidien car il est incapable de s'assumer. Marion comprend parfaitement la souffrance de l'adolescent car elle a v\u00e9cu la m\u00eame situation \u00e0 son \u00e2ge. Elle d\u00e9cide de le r\u00e9conforter et de l'aider \u00e0 acqu\u00e9rir l'estime de soi indispensable pour avoir une vie normale. Bien vite, la situation s'inverse. Touch\u00e9 par tant d'affection et de gentillesse, le gar\u00e7on tombe amoureux de Marion. Il se persuade m\u00eame que l'assistante sociale est \u00e9galement attir\u00e9e par lui. Celle-ci tente de lui faire comprendre que ce n'est pas le cas, en vain...","url_image_racine":"\/staticftv\/ref_emissions\/2014-06-02\/EMI_322243_csa1","extension_image":"jpg","datemodif_image":"1401602353","chaine":"la_1ere","date":"2014-06-03","heure":"00:29","duree":"53","csa_code":"TP","csa_nom_long":"Tous publics","rubrique":"","genre_simplifie":"S\u00e9rie dramatique","production":"","nationalite":"fran\u00e7aise","presentateurs":"","invites":"","realisateurs":"Philippe Olari","acteurs":"Firmine Richard, Christian Charmetant, Virginie Lemoine, Doriane Louisy-Louis Joseph, Darius Kehtari, Anthony Sonigo, Benjamin Tholozan, Sabine Cisse-Bella\u00efche","url_site":"","mandat_debut":"","mandat_nb":"0","OAS_sitepage":"","connexes":[],"url_video":"","mandat_duree":""},{"id_diffusion":"103513498","code_programme":"","id_programme":"","titre":"Famille d'accueil","sous_titre":"Akecheta","accroche":"A 15 ans, Akecheta a toujours v\u00e9cu dans une yourte, aux c\u00f4t\u00e9s de ses parents, Serge et Marie, adeptes d'un mode de vie simple mais rude, inspir\u00e9 d'une philosophie am\u00e9rindienne. Le couple et l'enfant \u00e9voluent ainsi en quasi autarcie, sans \u00e9cole ni contraintes sociales. A la mort de Serge, tout bascule pour l'adolescent : sa m\u00e8re et lui se retrouvent sous le coup d'un arr\u00eat\u00e9 d'expulsion. En outre, une plainte anonyme est d\u00e9pos\u00e9e, qui d\u00e9nonce les conditions de vie d'Akecheta. Marion, qui s'int\u00e9resse au cas de l'enfant, d\u00e9couvre que les affirmations contenues dans cette lettre anonyme sont fausses, ce qui rend un placement de l'adolescent totalement inappropri\u00e9...","url_image_racine":"\/staticftv\/ref_emissions\/2014-06-02\/EMI_403893_csa1","extension_image":"jpg","datemodif_image":"1401602353","chaine":"la_1ere","date":"2014-06-03","heure":"01:22","duree":"52","csa_code":"TP","csa_nom_long":"Tous publics","rubrique":"","genre_simplifie":"S\u00e9rie dramatique","production":"","nationalite":"fran\u00e7aise","presentateurs":"","invites":"","realisateurs":"V\u00e9ronique Langlois","acteurs":"Sma\u00efl Mekki, Christian Charmetant, Patrick Mazet, Elsa Lunghini, Virginie Lemoine, Samantha R\u00e9nier, Jules Sadoughi, Lucas Mercier","url_site":"","mandat_debut":"","mandat_nb":"0","OAS_sitepage":"","connexes":[],"url_video":"","mandat_duree":""},{"id_diffusion":"103513499","code_programme":"","id_programme":"","titre":"Paris enqu\u00eates criminelles","sous_titre":"Un homme de trop","accroche":"On a retrouv\u00e9 le corps horriblement mutil\u00e9 d'un homme dans la chambre d'un grand h\u00f4tel parisien. La victime, Beno\u00eet Bouvier, a \u00e9t\u00e9 tu\u00e9e avec un cendrier. Son meurtrier s'est tellement acharn\u00e9 sur lui qu'il en est m\u00e9connaissable. Au cours de leur enqu\u00eate, le commandant Revel et Savigny font plusieurs d\u00e9couvertes qui pourraient avoir un lien avec le crime : Beno\u00eet Bouvier avait une relation avec une femme mari\u00e9e et il avait escroqu\u00e9 le mari de sa ma\u00eetresse et un autre couple. Ces trois personnes auraient-elles engag\u00e9 un tueur \u00e0 gages pour se venger, laver leur honneur ou r\u00e9cup\u00e9rer leur argent ?...","url_image_racine":"\/staticftv\/ref_emissions\/2014-06-02\/EMI_341886_csa1","extension_image":"jpg","datemodif_image":"1401602354","chaine":"la_1ere","date":"2014-06-03","heure":"02:14","duree":"48","csa_code":"TP","csa_nom_long":"Tous publics","rubrique":"","genre_simplifie":"S\u00e9rie","production":"","nationalite":"fran\u00e7aise","presentateurs":"","invites":"","realisateurs":"Bertrand Van Effenterre","acteurs":"Laure Killing, Vincent Perez, Jacques Pater, Daniel Isoppo, Sandrine Rigaux, Aur\u00e9lien Recoing, Igor Mendjisky, H\u00e9l\u00e8ne Godec","url_site":"","mandat_debut":"","mandat_nb":"0","OAS_sitepage":"","connexes":[],"url_video":"","mandat_duree":""},{"id_diffusion":"103513500","code_programme":"","id_programme":"","titre":"Paris enqu\u00eates criminelles","sous_titre":"Le justicier de l'ombre","accroche":"Le docteur B\u00e9raud, un obst\u00e9tricien renomm\u00e9 dont les pratiques ne plaisent pas \u00e0 une organisation religieuse, est abattu \u00e0 son domicile devant sa famille. Revel et son \u00e9quipe sont charg\u00e9s des investigations, qui les mettent sur la piste d'un opposant \u00e0 l'avortement. Ils sont loin d'imaginer que cet assassinat cache une vendetta envers ceux que le tueur juge responsables de la mort de son fils, six ans auparavant...","url_image_racine":"\/staticftv\/ref_emissions\/2014-06-02\/EMI_341886_csa1","extension_image":"jpg","datemodif_image":"1401602354","chaine":"la_1ere","date":"2014-06-03","heure":"03:02","duree":"48","csa_code":"TP","csa_nom_long":"Tous publics","rubrique":"","genre_simplifie":"S\u00e9rie","production":"","nationalite":"fran\u00e7aise","presentateurs":"","invites":"","realisateurs":"Bertrand Van Effenterre","acteurs":"Laure Killing, Vincent Perez, Jacques Pater, Lise Payen, Sandrine Rigaux, Igor Mendjisky, H\u00e9l\u00e8ne Godec, Julien Brocard","url_site":"","mandat_debut":"","mandat_nb":"0","OAS_sitepage":"","connexes":[],"url_video":"","mandat_duree":""},{"id_diffusion":"103513501","code_programme":"","id_programme":"","titre":"Ch\u00e9rif","sous_titre":"Le dernier mot","accroche":"Un couple a \u00e9t\u00e9 retrouv\u00e9 mort dans son lit en tenue de soir\u00e9e. Les victimes sont une romanci\u00e8re \u00e0 succ\u00e8s et son \u00e9poux. Kader Ch\u00e9rif et Adeline Briard se chargent de l'enqu\u00eate. Ils cherchent d'abord \u00e0 en savoir plus sur le couple. Ils d\u00e9couvrent que l'auteur et son mari avaient une relation fusionnelle. Cependant, les apparences sont souvent trompeuses et le tableau n'\u00e9tait peut-\u00eatre pas aussi idyllique. Le duo d'enqu\u00eateurs s'efforce de percer le secret des deux victimes. Sarah, quant \u00e0 elle, se pose des questions sur les relations entre hommes et femmes. Elle aimerait croire qu'il existe des parents qui s'aiment pour toujours...","url_image_racine":"\/staticftv\/ref_emissions\/2014-06-02\/EMI_457605_csa1","extension_image":"jpg","datemodif_image":"1401602354","chaine":"la_1ere","date":"2014-06-03","heure":"03:50","duree":"50","csa_code":"TP","csa_nom_long":"Tous publics","rubrique":"","genre_simplifie":"S\u00e9rie","production":"","nationalite":"fran\u00e7aise","presentateurs":"","invites":"","realisateurs":"Vincent Giovanni","acteurs":"Greg Germain, Elodie Hesme, Sonia Rolland, M\u00e9l\u00e8ze Bouzid, Abdelhafid Metalsi, Fran\u00e7ois Bureloup, Carole Bianic","url_site":"","mandat_debut":"","mandat_nb":"0","OAS_sitepage":"","connexes":[],"url_video":"","mandat_duree":""},{"id_diffusion":"103513502","code_programme":"","id_programme":"","titre":"Ch\u00e9rif","sous_titre":"Injustice","accroche":"Quatre personnes \u00e2g\u00e9es sont retrouv\u00e9es mortes dans une maison de retraite. Ch\u00e9rif et Briard comprennent rapidement qu'elles sont les victimes collat\u00e9rales d'une vengeance diabolique. Entre injustice flagrante et justice aveugle, le duo doit faire la part des choses dans l'univers venimeux des experts aupr\u00e8s des tribunaux. Par ailleurs, Kader fait l'exp\u00e9rience de la signification du mot justice \u00e0 propos de ses propres enfants...","url_image_racine":"\/staticftv\/ref_emissions\/2014-06-02\/EMI_458770_csa1","extension_image":"jpg","datemodif_image":"1401602354","chaine":"la_1ere","date":"2014-06-03","heure":"04:40","duree":"53","csa_code":"TP","csa_nom_long":"Tous publics","rubrique":"","genre_simplifie":"S\u00e9rie","production":"","nationalite":"fran\u00e7aise","presentateurs":"","invites":"","realisateurs":"Vincent Giovanni","acteurs":"Greg Germain, J\u00e9r\u00f4me Anger, Elodie Hesme, M\u00e9l\u00e8ze Bouzid, Abdelhafid Metalsi, Fran\u00e7ois Bureloup, Carole Bianic","url_site":"","mandat_debut":"","mandat_nb":"0","OAS_sitepage":"","connexes":[],"url_video":"","mandat_duree":""}]}