{"journee":{"date":"2014-06-02","nb_prog":48},"programmes":[{"id_diffusion":"103290727","code_programme":"","id_programme":"","titre":"Journal Polyn\u00e9sie","sous_titre":"","accroche":"","url_image_racine":"","extension_image":"","datemodif_image":"","chaine":"franceo","date":"2014-06-02","heure":"05:26","duree":"20","csa_code":"TP","csa_nom_long":"Tous publics","rubrique":"","genre_simplifie":"Journal","production":"","nationalite":"","presentateurs":"","invites":"","realisateurs":"","acteurs":"","url_site":"","mandat_debut":"","mandat_nb":"0","OAS_sitepage":"","connexes":[],"url_video":"","mandat_duree":""},{"id_diffusion":"103290728","code_programme":"","id_programme":"","titre":"Journal Wallis","sous_titre":"","accroche":"","url_image_racine":"","extension_image":"","datemodif_image":"","chaine":"franceo","date":"2014-06-02","heure":"05:46","duree":"10","csa_code":"TP","csa_nom_long":"Tous publics","rubrique":"","genre_simplifie":"Journal","production":"","nationalite":"","presentateurs":"","invites":"","realisateurs":"","acteurs":"","url_site":"","mandat_debut":"","mandat_nb":"0","OAS_sitepage":"","connexes":[],"url_video":"","mandat_duree":""},{"id_diffusion":"103290729","code_programme":"","id_programme":"","titre":"Journal Nouvelle-Cal\u00e9donie","sous_titre":"","accroche":"","url_image_racine":"","extension_image":"","datemodif_image":"","chaine":"franceo","date":"2014-06-02","heure":"05:56","duree":"25","csa_code":"TP","csa_nom_long":"Tous publics","rubrique":"","genre_simplifie":"Journal","production":"","nationalite":"","presentateurs":"","invites":"","realisateurs":"","acteurs":"","url_site":"","mandat_debut":"","mandat_nb":"0","OAS_sitepage":"","connexes":[],"url_video":"","mandat_duree":""},{"id_diffusion":"103290730","code_programme":"","id_programme":"","titre":"Journal Saint-Pierre et Miquelon","sous_titre":"","accroche":"","url_image_racine":"","extension_image":"","datemodif_image":"","chaine":"franceo","date":"2014-06-02","heure":"06:21","duree":"13","csa_code":"TP","csa_nom_long":"Tous publics","rubrique":"","genre_simplifie":"Journal","production":"","nationalite":"","presentateurs":"","invites":"","realisateurs":"","acteurs":"","url_site":"","mandat_debut":"","mandat_nb":"0","OAS_sitepage":"","connexes":[],"url_video":"","mandat_duree":""},{"id_diffusion":"103290731","code_programme":"","id_programme":"","titre":"Journal Mayotte","sous_titre":"","accroche":"","url_image_racine":"","extension_image":"","datemodif_image":"","chaine":"franceo","date":"2014-06-02","heure":"06:34","duree":"10","csa_code":"TP","csa_nom_long":"Tous publics","rubrique":"","genre_simplifie":"Journal","production":"","nationalite":"","presentateurs":"","invites":"","realisateurs":"","acteurs":"","url_site":"","mandat_debut":"","mandat_nb":"0","OAS_sitepage":"","connexes":[],"url_video":"","mandat_duree":""},{"id_diffusion":"103290732","code_programme":"","id_programme":"","titre":"Journal R\u00e9union","sous_titre":"","accroche":"","url_image_racine":"","extension_image":"","datemodif_image":"","chaine":"franceo","date":"2014-06-02","heure":"06:44","duree":"13","csa_code":"TP","csa_nom_long":"Tous publics","rubrique":"","genre_simplifie":"Journal","production":"","nationalite":"","presentateurs":"","invites":"","realisateurs":"","acteurs":"","url_site":"","mandat_debut":"","mandat_nb":"0","OAS_sitepage":"","connexes":[],"url_video":"","mandat_duree":""},{"id_diffusion":"103290733","code_programme":"","id_programme":"","titre":"Journal Guyane","sous_titre":"","accroche":"","url_image_racine":"","extension_image":"","datemodif_image":"","chaine":"franceo","date":"2014-06-02","heure":"06:57","duree":"25","csa_code":"TP","csa_nom_long":"Tous publics","rubrique":"","genre_simplifie":"Journal","production":"","nationalite":"","presentateurs":"","invites":"","realisateurs":"","acteurs":"","url_site":"","mandat_debut":"","mandat_nb":"0","OAS_sitepage":"","connexes":[],"url_video":"","mandat_duree":""},{"id_diffusion":"103290734","code_programme":"","id_programme":"","titre":"Journal Martinique","sous_titre":"","accroche":"","url_image_racine":"","extension_image":"","datemodif_image":"","chaine":"franceo","date":"2014-06-02","heure":"07:22","duree":"30","csa_code":"TP","csa_nom_long":"Tous publics","rubrique":"","genre_simplifie":"Journal","production":"","nationalite":"","presentateurs":"","invites":"","realisateurs":"","acteurs":"","url_site":"","mandat_debut":"","mandat_nb":"0","OAS_sitepage":"","connexes":[],"url_video":"","mandat_duree":""},{"id_diffusion":"103290735","code_programme":"","id_programme":"","titre":"Journal Guadeloupe","sous_titre":"","accroche":"","url_image_racine":"","extension_image":"","datemodif_image":"","chaine":"franceo","date":"2014-06-02","heure":"07:52","duree":"28","csa_code":"TP","csa_nom_long":"Tous publics","rubrique":"","genre_simplifie":"Journal","production":"","nationalite":"","presentateurs":"","invites":"","realisateurs":"","acteurs":"","url_site":"","mandat_debut":"","mandat_nb":"0","OAS_sitepage":"","connexes":[],"url_video":"","mandat_duree":""},{"id_diffusion":"102826807","code_programme":"couleurs_outremers","id_programme":"8439","titre":"Couleurs outremers","sous_titre":"Episode 5","accroche":"Au sommaire\n\n\n\n","url_image_racine":"\/staticftv\/ref_emissions\/2014-06-02\/COL_295886_csa1","extension_image":"jpg","datemodif_image":"1401688531","chaine":"franceo","date":"2014-06-02","heure":"08:20","duree":"27","csa_code":"TP","csa_nom_long":"Tous publics","rubrique":"Magazine","genre_simplifie":"Magazine de d\u00e9couvertes","production":"","nationalite":"","presentateurs":"","invites":"","realisateurs":"","acteurs":"","url_site":"","mandat_debut":"0","mandat_nb":"toutes","OAS_sitepage":"franceo\/magazine\/couleursoutremers","connexes":[],"url_video":"\/hls-ios-inf\/i\/streaming-adaptatif_france-dom-tom\/2014\/S23\/J1\/102826807-20140602-,398,632,934,k.mp4.csmil\/master.m3u8","mandat_duree":"7"},{"id_diffusion":"103159240","code_programme":"","id_programme":"","titre":"Couleurs outremers","sous_titre":"Episode 4","accroche":"Les petites histoires qui font le sel de l'outre-mer. Au sommaire :\n\n\n\n","url_image_racine":"\/staticftv\/ref_emissions\/2014-06-02\/COL_295886_csa1","extension_image":"jpg","datemodif_image":"1401688531","chaine":"franceo","date":"2014-06-02","heure":"08:47","duree":"27","csa_code":"TP","csa_nom_long":"Tous publics","rubrique":"","genre_simplifie":"Magazine de d\u00e9couvertes","production":"","nationalite":"","presentateurs":"","invites":"","realisateurs":"","acteurs":"","url_site":"","mandat_debut":"","mandat_nb":"0","OAS_sitepage":"","connexes":[],"url_video":"","mandat_duree":""},{"id_diffusion":"103290736","code_programme":"","id_programme":"","titre":"La petite collection couleurs Outremers","sous_titre":"Mamas Shingos (Mayotte)","accroche":"","url_image_racine":"\/staticftv\/ref_emissions\/2014-06-02\/COL_267357_csa1","extension_image":"jpg","datemodif_image":"1401688531","chaine":"franceo","date":"2014-06-02","heure":"09:14","duree":"6","csa_code":"TP","csa_nom_long":"Tous publics","rubrique":"","genre_simplifie":"Documentaire de soci\u00e9t\u00e9","production":"","nationalite":"","presentateurs":"","invites":"","realisateurs":"","acteurs":"","url_site":"","mandat_debut":"","mandat_nb":"0","OAS_sitepage":"","connexes":[],"url_video":"","mandat_duree":""},{"id_diffusion":"102826808","code_programme":"","id_programme":"","titre":"Retour aux sources","sous_titre":"La Guyane de Lucie D\u00e9cosse","accroche":"Lucie D\u00e9cosse, Guyanaise d'origine, est la grande star du judo f\u00e9minin fran\u00e7ais ; m\u00e9daill\u00e9e d'or aux Jeux olympiques de Londres en 2012, elle revient sur son parcours.","url_image_racine":"\/staticftv\/ref_emissions\/2014-06-02\/EMI_507149_csa1","extension_image":"jpg","datemodif_image":"1401688531","chaine":"franceo","date":"2014-06-02","heure":"09:20","duree":"55","csa_code":"TP","csa_nom_long":"Tous publics","rubrique":"","genre_simplifie":"Documentaire de soci\u00e9t\u00e9","production":"","nationalite":"fran\u00e7ais","presentateurs":"","invites":"","realisateurs":"Antoine Rivi\u00e8re","acteurs":"","url_site":"","mandat_debut":"","mandat_nb":"0","OAS_sitepage":"","connexes":[],"url_video":"","mandat_duree":""},{"id_diffusion":"102826809","code_programme":"","id_programme":"","titre":"Le Lab.\u00d4","sous_titre":"Best of 4","accroche":"S\u00e9bastien Folin et ses laborantins rel\u00e8vent le d\u00e9fi de mixer la culture comme on mixe la musique. Leur m\u00e9thode ? R\u00e9unir sur le m\u00eame canap\u00e9 diff\u00e9rents acteurs de la sph\u00e8re artistique : com\u00e9diens, \u00e9crivains, photographes et musiciens se croisent et se m\u00e9langent pour un d\u00e9cryptage d\u00e9cal\u00e9 de l'actualit\u00e9 culturelle.","url_image_racine":"\/staticftv\/ref_emissions\/2014-06-02\/COL_380712_csa1","extension_image":"jpg","datemodif_image":"1401688532","chaine":"franceo","date":"2014-06-02","heure":"10:15","duree":"55","csa_code":"TP","csa_nom_long":"Tous publics","rubrique":"","genre_simplifie":"D\u00e9bat","production":"","nationalite":"","presentateurs":"S\u00e9bastien Folin, Tanguy Pastureau, Elise Chassaing, Fr\u00e9d\u00e9rick Sigrist","invites":"","realisateurs":"","acteurs":"","url_site":"","mandat_debut":"","mandat_nb":"0","OAS_sitepage":"","connexes":[],"url_video":"","mandat_duree":""},{"id_diffusion":"102826810","code_programme":"","id_programme":"","titre":"Plus belle la vie, la collec'","sous_titre":"","accroche":"Tandis qu'Arnaud s'explique, M\u00e9lanie s'interroge : doit-elle changer de m\u00e9decin ? Quant \u00e0 Juliette, elle prend une d\u00e9cision qui risque d'\u00eatre lourde de cons\u00e9quences...","url_image_racine":"\/staticftv\/ref_emissions\/2014-06-02\/COL_388983_csa1","extension_image":"jpg","datemodif_image":"1401688532","chaine":"franceo","date":"2014-06-02","heure":"11:10","duree":"25","csa_code":"TP","csa_nom_long":"Tous publics","rubrique":"","genre_simplifie":"S\u00e9rie","production":"","nationalite":"fran\u00e7ais","presentateurs":"","invites":"","realisateurs":"","acteurs":"Serge Dupire, Ambroise Michel, Dounia Coesens, Juliette Ch\u00eane, Zuriel de Peslouan, Thibaud Vaneck, Laetitia Milot, Pierre Az\u00e9ma","url_site":"","mandat_debut":"","mandat_nb":"0","OAS_sitepage":"","connexes":[],"url_video":"","mandat_duree":""},{"id_diffusion":"102826811","code_programme":"","id_programme":"","titre":"Plus belle la vie, la collec'","sous_titre":"","accroche":"L'attitude de Ninon inqui\u00e8te Vincent. Quant \u00e0 Nathan, il d\u00e9cide de revoir une ancienne connaissance, malgr\u00e9 le scepticisme de son entourage. Ma\u00efdi, elle, re\u00e7oit un cadeau inattendu...","url_image_racine":"\/staticftv\/ref_emissions\/2014-06-02\/COL_388983_csa1","extension_image":"jpg","datemodif_image":"1401688532","chaine":"franceo","date":"2014-06-02","heure":"11:35","duree":"25","csa_code":"TP","csa_nom_long":"Tous publics","rubrique":"","genre_simplifie":"S\u00e9rie","production":"","nationalite":"fran\u00e7ais","presentateurs":"","invites":"","realisateurs":"","acteurs":"Serge Dupire, C\u00e9cilia Hornus, Ma\u00efdi Roth, Aur\u00e9lie Vaneck, Dounia Coesens, Juliette Ch\u00eane, Thibaud Vaneck, Pierre Az\u00e9ma","url_site":"","mandat_debut":"","mandat_nb":"0","OAS_sitepage":"","connexes":[],"url_video":"","mandat_duree":""},{"id_diffusion":"102826812","code_programme":"les_petits_plats_de_babette","id_programme":"2781","titre":"Les p'tits plats de Babette","sous_titre":"Saut\u00e9 de pintade \u00e0 l'arachide et l\u00e9gumes croquants, soupe de melon au muscat de Beaumes de Venise","accroche":"Babette de Rozi\u00e8res, chef originaire de Guadeloupe, propose des recettes simples, rapides et go\u00fbteuses.","url_image_racine":"\/staticftv\/ref_emissions\/2014-06-02\/COL_265638_csa1","extension_image":"jpg","datemodif_image":"1401688532","chaine":"franceo","date":"2014-06-02","heure":"12:00","duree":"30","csa_code":"TP","csa_nom_long":"Tous publics","rubrique":"Magazine","genre_simplifie":"Magazine de services","production":"","nationalite":"","presentateurs":"Babette de Rozi\u00e8res","invites":"","realisateurs":"","acteurs":"","url_site":"http:\/\/www.franceo.fr\/emissions\/les-ptits-plats-de-babette","mandat_debut":"0","mandat_nb":"toutes","OAS_sitepage":"franceo\/magazine\/lesptitsplatsdebabette","connexes":[],"url_video":"","mandat_duree":""},{"id_diffusion":"102826813","code_programme":"info_midi","id_programme":"11708","titre":"Inf\u00f4 midi","sous_titre":"","accroche":"Une lecture plurielle de l'actualit\u00e9 des neuf d\u00e9partements et territoires fran\u00e7ais d'outre-mer.","url_image_racine":"\/staticftv\/ref_emissions\/2014-06-02\/COL_494440_csa1","extension_image":"jpg","datemodif_image":"1401688532","chaine":"franceo","date":"2014-06-02","heure":"12:30","duree":"10","csa_code":"TP","csa_nom_long":"Tous publics","rubrique":"Info","genre_simplifie":"Journal","production":"","nationalite":"","presentateurs":"Karine Sigaud-Zabulon","invites":"","realisateurs":"","acteurs":"","url_site":"http:\/\/www.franceo.fr\/emission\/info-midi","mandat_debut":"0","mandat_nb":"toutes","OAS_sitepage":"franceo\/info\/infomidi","connexes":[],"url_video":"","mandat_duree":""},{"id_diffusion":"103159241","code_programme":"","id_programme":"","titre":"Football Made in Brazil","sous_titre":"","accroche":"Des images fortes qui restituent la passion du ballon rond.","url_image_racine":"","extension_image":"","datemodif_image":"","chaine":"franceo","date":"2014-06-02","heure":"12:40","duree":"5","csa_code":"TP","csa_nom_long":"Tous publics","rubrique":"","genre_simplifie":"Documentaire","production":"","nationalite":"","presentateurs":"","invites":"","realisateurs":"","acteurs":"","url_site":"","mandat_debut":"","mandat_nb":"0","OAS_sitepage":"","connexes":[],"url_video":"","mandat_duree":""},{"id_diffusion":"102826814","code_programme":"","id_programme":"","titre":"Gavilanes","sous_titre":"","accroche":"Apr\u00e8s la disparition de ses parents, Juan Reyes doit s'occuper seul de l'avenir de ses fr\u00e8res Oscar et Frank et de sa soeur Lidia. Tous m\u00e8nent ensemble une existence paisible, jusqu'\u00e0 ce que Lidia tombe sous le charme d'un riche homme d'affaires, Bernardo Elizondo. Juan et ses fr\u00e8res s'inqui\u00e8tent : Bernardo est un homme mari\u00e9, p\u00e8re de trois filles et beaucoup plus \u00e2g\u00e9 que Lidia. Le sort n'\u00e9pargne pas les Reyes : la jeune femme et son compagnon meurent quelque temps plus tard dans un accident de la route. Persuad\u00e9 que leur disparition n'a rien d'accidentel, Juan d\u00e9cide de mener sa propre enqu\u00eate.","url_image_racine":"\/staticftv\/ref_emissions\/2014-06-02\/EMI_413348_csa1","extension_image":"jpg","datemodif_image":"1401688532","chaine":"franceo","date":"2014-06-02","heure":"12:45","duree":"50","csa_code":"TP","csa_nom_long":"Tous publics","rubrique":"","genre_simplifie":"S\u00e9rie sentimentale","production":"","nationalite":"espagnole","presentateurs":"","invites":"","realisateurs":"","acteurs":"Carme Elias, Diana Palaz\u00f3n, Rodolfo Sancho, Claudia Bassols, Fernando Andina, Alicia Sanz, Roger Berruezo, Alejandro Albarrac\u00edn","url_site":"","mandat_debut":"","mandat_nb":"0","OAS_sitepage":"","connexes":[],"url_video":"","mandat_duree":""},{"id_diffusion":"102826815","code_programme":"le_clone","id_programme":"11060","titre":"Le clone","sous_titre":"","accroche":"N\u00e9e au Br\u00e9sil, Jade, 18 ans, est contrainte de partir vivre \u00e0 F\u00e8s, au Maroc, apr\u00e8s la mort de sa m\u00e8re. De confession musulmane, la jeune femme est recueillie par son oncle Ali. Elle fait la connaissance d'un jeune Br\u00e9silien, Lucas.","url_image_racine":"\/staticftv\/ref_emissions\/2014-06-02\/COL_361065_csa1","extension_image":"jpg","datemodif_image":"1401688532","chaine":"franceo","date":"2014-06-02","heure":"13:35","duree":"51","csa_code":"TP","csa_nom_long":"Tous publics","rubrique":"S\u00e9rie & Fiction","genre_simplifie":"S\u00e9rie sentimentale","production":"","nationalite":"br\u00e9silien","presentateurs":"","invites":"","realisateurs":"","acteurs":"Giovanna Antonelli, Murilo Ben\u00edcio, St\u00eanio Garcia, Reginaldo Faria, Juca da Oliveira, Dalton Vigh, Daniela Escobar, Eliane Giardini","url_site":"","mandat_debut":"0","mandat_nb":"toutes","OAS_sitepage":"franceo\/seriefiction\/leclone","connexes":[],"url_video":"","mandat_duree":""},{"id_diffusion":"102826816","code_programme":"le_clone","id_programme":"11060","titre":"Le clone","sous_titre":"","accroche":"N\u00e9e au Br\u00e9sil, Jade, 18 ans, est contrainte de partir vivre \u00e0 F\u00e8s, au Maroc, apr\u00e8s la mort de sa m\u00e8re. De confession musulmane, la jeune femme est recueillie par son oncle Ali. Elle fait la connaissance d'un jeune Br\u00e9silien, Lucas.","url_image_racine":"\/staticftv\/ref_emissions\/2014-06-02\/COL_361067_csa1","extension_image":"jpg","datemodif_image":"1401688532","chaine":"franceo","date":"2014-06-02","heure":"14:26","duree":"49","csa_code":"TP","csa_nom_long":"Tous publics","rubrique":"S\u00e9rie & Fiction","genre_simplifie":"S\u00e9rie sentimentale","production":"","nationalite":"br\u00e9silien","presentateurs":"","invites":"","realisateurs":"","acteurs":"Giovanna Antonelli, Murilo Ben\u00edcio, St\u00eanio Garcia, Reginaldo Faria, Juca da Oliveira, Dalton Vigh, Daniela Escobar, Eliane Giardini","url_site":"","mandat_debut":"0","mandat_nb":"toutes","OAS_sitepage":"franceo\/seriefiction\/leclone","connexes":[],"url_video":"","mandat_duree":""},{"id_diffusion":"102826817","code_programme":"coeur_ocean","id_programme":"10033","titre":"Coeur Oc\u00e9an","sous_titre":"","accroche":"C'est le jour des premi\u00e8res fois sur l'\u00eele. Daphn\u00e9 rencontre Julie, sa m\u00e8re. Chris et Gabriel passent leur premi\u00e8re nuit ensemble...","url_image_racine":"\/staticftv\/ref_emissions\/2014-06-02\/EMI_224910_csa1","extension_image":"jpg","datemodif_image":"1401688532","chaine":"franceo","date":"2014-06-02","heure":"15:15","duree":"24","csa_code":"TP","csa_nom_long":"Tous publics","rubrique":"S\u00e9rie & Fiction","genre_simplifie":"S\u00e9rie","production":"Scarlett Production","nationalite":"fran\u00e7aise","presentateurs":"","invites":"","realisateurs":"Alexis Charrier","acteurs":"Jeanne Favre, Caroline Gu\u00e9rin, Simon Ehrlacher, Nassim Boutelis, Leslie Lavandier, Mathilde Roehrich, Olivier Chantreau, Fr\u00e9d\u00e9ric Eng-Li","url_site":"","mandat_debut":"0","mandat_nb":"toutes","OAS_sitepage":"franceo\/seriefiction\/coeurocean","connexes":[],"url_video":"","mandat_duree":""},{"id_diffusion":"102826818","code_programme":"coeur_ocean","id_programme":"10033","titre":"Coeur Oc\u00e9an","sous_titre":"","accroche":"Les cr\u00e9anciers de Max reviennent \u00e0 la charge et menacent de s'en prendre \u00e0 Lisa. De son c\u00f4t\u00e9, Melvil fait la connaissance de Julie qui l'engage dans son nouveau magasin...","url_image_racine":"\/staticftv\/ref_emissions\/2014-06-02\/COL_224910_csa1","extension_image":"jpg","datemodif_image":"1401688532","chaine":"franceo","date":"2014-06-02","heure":"15:39","duree":"26","csa_code":"TP","csa_nom_long":"Tous publics","rubrique":"S\u00e9rie & Fiction","genre_simplifie":"S\u00e9rie","production":"Scarlett Production","nationalite":"fran\u00e7aise","presentateurs":"","invites":"","realisateurs":"Alexis Charrier","acteurs":"Jeanne Favre, Caroline Gu\u00e9rin, Simon Ehrlacher, Nassim Boutelis, Leslie Lavandier, Guillaume Dolmans, Mathilde Roehrich, Olivier Chantreau","url_site":"","mandat_debut":"0","mandat_nb":"toutes","OAS_sitepage":"franceo\/seriefiction\/coeurocean","connexes":[],"url_video":"","mandat_duree":""},{"id_diffusion":"102826819","code_programme":"","id_programme":"","titre":"Plus belle la vie, la collec'","sous_titre":"","accroche":"Alors que tout semble s'arranger pour Ninon, M\u00e9lanie se languit de plus en plus de Malik. De son c\u00f4t\u00e9, Johanna retrouve Arnaud et lui fait une proposition qui pourrait changer sa vie...","url_image_racine":"\/staticftv\/ref_emissions\/2014-06-02\/COL_388983_csa1","extension_image":"jpg","datemodif_image":"1401688533","chaine":"franceo","date":"2014-06-02","heure":"16:05","duree":"25","csa_code":"TP","csa_nom_long":"Tous publics","rubrique":"","genre_simplifie":"S\u00e9rie","production":"","nationalite":"fran\u00e7ais","presentateurs":"","invites":"","realisateurs":"","acteurs":"Serge Dupire, C\u00e9cilia Hornus, Sofiane Belmouden, Aur\u00e9lie Vaneck, Dounia Coesens, Zuriel de Peslouan, Thibaud Vaneck, Laetitia Milot","url_site":"","mandat_debut":"","mandat_nb":"0","OAS_sitepage":"","connexes":[],"url_video":"","mandat_duree":""},{"id_diffusion":"102826820","code_programme":"","id_programme":"","titre":"Plus belle la vie, la collec'","sous_titre":"","accroche":"Juliette et Andr\u00e9as sont surpris de recevoir la visite d'une ancienne amie. Johanna joue son va-tout aupr\u00e8s du juge...","url_image_racine":"\/staticftv\/ref_emissions\/2014-06-02\/COL_388983_csa1","extension_image":"jpg","datemodif_image":"1401688533","chaine":"franceo","date":"2014-06-02","heure":"16:30","duree":"25","csa_code":"TP","csa_nom_long":"Tous publics","rubrique":"","genre_simplifie":"S\u00e9rie","production":"","nationalite":"fran\u00e7ais","presentateurs":"","invites":"","realisateurs":"","acteurs":"Serge Dupire, Aur\u00e9lie Vaneck, Dounia Coesens, Juliette Ch\u00eane, Zuriel de Peslouan, Julien H\u00e9teau, Thibaud Vaneck, Laetitia Milot","url_site":"","mandat_debut":"","mandat_nb":"0","OAS_sitepage":"","connexes":[],"url_video":"","mandat_duree":""},{"id_diffusion":"102826821","code_programme":"foot_2_rue","id_programme":"1038","titre":"Foot 2 rue","sous_titre":"Sponsor secret","accroche":"A la grande f\u00eate organis\u00e9e chez les parents d'Eloise pour le tirage au sort des matches de demi-finale, il y a un invit\u00e9 un peu particulier : monsieur Pico en personne, le propri\u00e9taire des grandes usines de sport qui portent son nom. Il se dit pr\u00eat \u00e0 sponsoriser les \u00e9quipes finalistes...","url_image_racine":"\/staticftv\/ref_emissions\/2014-06-02\/COL_130069_csa1","extension_image":"jpg","datemodif_image":"1401688533","chaine":"franceo","date":"2014-06-02","heure":"16:55","duree":"22","csa_code":"TP","csa_nom_long":"Tous publics","rubrique":"Jeunesse","genre_simplifie":"Dessin anim\u00e9","production":"T\u00e9l\u00e9 Images Kids, France T\u00e9l\u00e9visions","nationalite":"fran\u00e7ais","presentateurs":"","invites":"","realisateurs":"","acteurs":"","url_site":"http:\/\/www.mon-ludo.fr\/heros\/foot-2-rue","mandat_debut":"0","mandat_nb":"toutes","OAS_sitepage":"franceo\/jeunesse\/foot2rue","connexes":[],"url_video":"","mandat_duree":""},{"id_diffusion":"102826822","code_programme":"foot_2_rue","id_programme":"1038","titre":"Foot 2 rue","sous_titre":"Vaincre avec l'ennemi","accroche":"La demi-finale du Mondial de foot 2 rue arrive avec, \u00e0 la cl\u00e9, la chance d'\u00eatre peut-\u00eatre en finale et de remporter le titre de champion du monde de foot de rue. Mais les Bleus ne sont pas pr\u00eats du tout, car Gabriel ne pourra jouer le match tant attendu. Il faut le remplacer...","url_image_racine":"\/staticftv\/ref_emissions\/2014-06-02\/COL_274320_csa1","extension_image":"jpg","datemodif_image":"1401688533","chaine":"franceo","date":"2014-06-02","heure":"17:17","duree":"26","csa_code":"TP","csa_nom_long":"Tous publics","rubrique":"Jeunesse","genre_simplifie":"Dessin anim\u00e9","production":"T\u00e9l\u00e9 Images Kids, France T\u00e9l\u00e9visions","nationalite":"fran\u00e7ais","presentateurs":"","invites":"","realisateurs":"","acteurs":"","url_site":"http:\/\/www.mon-ludo.fr\/heros\/foot-2-rue","mandat_debut":"0","mandat_nb":"toutes","OAS_sitepage":"franceo\/jeunesse\/foot2rue","connexes":[],"url_video":"","mandat_duree":""},{"id_diffusion":"102826824","code_programme":"","id_programme":"","titre":"La famille Delajungle","sous_titre":"Les aventures du tombeau perdu","accroche":"En compagnie du cousin Tyler, les Delajungle partent \u00e0 la d\u00e9couverte de l'Egypte. Debbie a entam\u00e9 des recherches pour savoir si elle a un lien de parent\u00e9 avec Cl\u00e9op\u00e2tre. Eliza, Darwin et Tyler vont, quant \u00e0 eux, explorer un tombeau \u00e9gyptien plein de recoins et de pi\u00e8ges...","url_image_racine":"\/staticftv\/ref_emissions\/2014-06-02\/COL_352822_csa1","extension_image":"jpg","datemodif_image":"1401688533","chaine":"franceo","date":"2014-06-02","heure":"17:43","duree":"24","csa_code":"TP","csa_nom_long":"Tous publics","rubrique":"","genre_simplifie":"Dessin anim\u00e9","production":"","nationalite":"am\u00e9ricain","presentateurs":"","invites":"","realisateurs":"","acteurs":"","url_site":"","mandat_debut":"","mandat_nb":"0","OAS_sitepage":"","connexes":[],"url_video":"","mandat_duree":""},{"id_diffusion":"102826825","code_programme":"","id_programme":"","titre":"La famille Delajungle","sous_titre":"Camping sauvage","accroche":"Les Delajungle se trouvent au Bhoutan. Pendant que Marianne et Debbie sont en train de geler, Eliza et Darwin tentent d'\u00e9chapper aux douaniers...","url_image_racine":"\/staticftv\/ref_emissions\/2014-06-02\/COL_352822_csa1","extension_image":"jpg","datemodif_image":"1401688533","chaine":"franceo","date":"2014-06-02","heure":"18:07","duree":"23","csa_code":"TP","csa_nom_long":"Tous publics","rubrique":"","genre_simplifie":"Dessin anim\u00e9","production":"","nationalite":"am\u00e9ricain","presentateurs":"","invites":"","realisateurs":"","acteurs":"","url_site":"","mandat_debut":"","mandat_nb":"0","OAS_sitepage":"","connexes":[],"url_video":"","mandat_duree":""},{"id_diffusion":"102826826","code_programme":"","id_programme":"","titre":"H","sous_titre":"Une histoire de p\u00e8re","accroche":"D\u00e9sir\u00e9, le p\u00e8re d'Aym\u00e9, est hospitalis\u00e9 dans le service de son fils. Ce dernier ne se r\u00e9jouit gu\u00e8re, les relations qu'il entretient avec son g\u00e9niteur \u00e9tant plut\u00f4t tendues. Ses pressentiments ne tardent pas \u00e0 se confirmer. L'intraitable D\u00e9sir\u00e9 ne manque pas une occasion de se moquer de lui. Clara, B\u00e9a et Jamel, quant \u00e0 eux, trouvent D\u00e9sir\u00e9 tr\u00e8s sympathique. Une situation qui ach\u00e8ve de mettre Aym\u00e9 dans une f\u00e2cheuse posture...","url_image_racine":"\/staticftv\/ref_emissions\/2014-06-02\/EMI_296171_csa1","extension_image":"jpg","datemodif_image":"1401688533","chaine":"franceo","date":"2014-06-02","heure":"18:30","duree":"27","csa_code":"TP","csa_nom_long":"Tous publics","rubrique":"","genre_simplifie":"S\u00e9rie humoristique","production":"","nationalite":"fran\u00e7aise","presentateurs":"","invites":"","realisateurs":"Jean-Luc Moreau","acteurs":"Greg Germain, Sophie Mounicot, Jamel Debbouze, Eric Judor, Catherine Benguigui, Ramzy Bedia, Jean-Luc Bideau","url_site":"","mandat_debut":"","mandat_nb":"0","OAS_sitepage":"","connexes":[],"url_video":"","mandat_duree":""},{"id_diffusion":"102826827","code_programme":"","id_programme":"","titre":"H","sous_titre":"Une histoire de mec formidable","accroche":"Aym\u00e9 se sent l'\u00e2me d'un Rom\u00e9o survolt\u00e9 et entreprend de s\u00e9duire Sabine, une cardiologue. Tout para\u00eet aller pour le mieux, jusqu'\u00e0 l'arriv\u00e9e de Julien, un nouveau brancardier. Au grand dam d'Aym\u00e9, tr\u00e8s agac\u00e9, celui-ci jouit imm\u00e9diatement d'une incroyable popularit\u00e9. Jamel et Sabri, quant \u00e0 eux, d\u00e9cident de concourir pour le Prix Nobel, ni plus ni moins. Jamel pr\u00e9tend en effet avoir mis au point une pilule qui fait rajeunir. Sabri, pour son plus grand malheur, lui sert de cobaye...","url_image_racine":"\/staticftv\/ref_emissions\/2014-06-02\/EMI_482073_csa1","extension_image":"jpg","datemodif_image":"1401688533","chaine":"franceo","date":"2014-06-02","heure":"18:57","duree":"28","csa_code":"TP","csa_nom_long":"Tous publics","rubrique":"","genre_simplifie":"S\u00e9rie humoristique","production":"","nationalite":"fran\u00e7aise","presentateurs":"","invites":"","realisateurs":"Charles Nemes","acteurs":"Josy Bernard, Mathieu Delarive, Sophie Mounicot, Jamel Debbouze, Eric Judor, Catherine Benguigui, Ramzy Bedia, Jean-Luc Bideau","url_site":"","mandat_debut":"","mandat_nb":"0","OAS_sitepage":"","connexes":[],"url_video":"","mandat_duree":""},{"id_diffusion":"102826828","code_programme":"c_koi_ta_zik","id_programme":"12257","titre":"C koi ta Zik","sous_titre":"Episode 1 : Team BS","accroche":"Juan Massenya arbitre des duels entre fans d'un m\u00eame artiste. Le gagnant affronte la star elle-m\u00eame le vendredi.","url_image_racine":"\/staticftv\/ref_emissions\/2014-06-02\/COL_417433_csa1","extension_image":"jpg","datemodif_image":"1401688533","chaine":"franceo","date":"2014-06-02","heure":"19:25","duree":"10","csa_code":"TP","csa_nom_long":"Tous publics","rubrique":"Culture","genre_simplifie":"Jeu","production":"","nationalite":"","presentateurs":"Juan Massenya","invites":"","realisateurs":"","acteurs":"","url_site":"","mandat_debut":"0","mandat_nb":"toutes","OAS_sitepage":"franceo\/culture\/ckoitazik","connexes":[],"url_video":"","mandat_duree":""},{"id_diffusion":"103290737","code_programme":"","id_programme":"","titre":"M\u00e9t\u00e9o","sous_titre":"","accroche":"","url_image_racine":"","extension_image":"","datemodif_image":"","chaine":"franceo","date":"2014-06-02","heure":"19:35","duree":"5","csa_code":"TP","csa_nom_long":"Tous publics","rubrique":"","genre_simplifie":"M\u00e9t\u00e9o","production":"","nationalite":"","presentateurs":"","invites":"","realisateurs":"","acteurs":"","url_site":"","mandat_debut":"","mandat_nb":"0","OAS_sitepage":"","connexes":[],"url_video":"","mandat_duree":""},{"id_diffusion":"102826829","code_programme":"info_soir","id_programme":"11706","titre":"Inf\u00f4 soir","sous_titre":"","accroche":"Le journal s'appuie sur les neuf d\u00e9partements et territoires fran\u00e7ais des outre-mers pour mieux comprendre le monde et s'ouvrir \u00e0 l'actualit\u00e9 internationale dans laquelle s'inscrivent ces r\u00e9gions.","url_image_racine":"\/staticftv\/ref_emissions\/2014-06-02\/COL_494451_csa1","extension_image":"jpg","datemodif_image":"1401688533","chaine":"franceo","date":"2014-06-02","heure":"19:40","duree":"10","csa_code":"TP","csa_nom_long":"Tous publics","rubrique":"Info","genre_simplifie":"Journal","production":"","nationalite":"","presentateurs":"Elyas Akhoun, Marie Radovic (en alternance)","invites":"","realisateurs":"","acteurs":"","url_site":"","mandat_debut":"0","mandat_nb":"toutes","OAS_sitepage":"franceo\/info\/infosoir","connexes":[],"url_video":"","mandat_duree":""},{"id_diffusion":"103159242","code_programme":"","id_programme":"","titre":"Football Made in Brazil","sous_titre":"","accroche":"Des images fortes qui restituent la passion du ballon rond.","url_image_racine":"","extension_image":"","datemodif_image":"","chaine":"franceo","date":"2014-06-02","heure":"19:50","duree":"5","csa_code":"TP","csa_nom_long":"Tous publics","rubrique":"","genre_simplifie":"Documentaire","production":"","nationalite":"","presentateurs":"","invites":"","realisateurs":"","acteurs":"","url_site":"","mandat_debut":"","mandat_nb":"0","OAS_sitepage":"","connexes":[],"url_video":"","mandat_duree":""},{"id_diffusion":"102826830","code_programme":"avenida_brasil","id_programme":"15894","titre":"Avenida Brasil","sous_titre":"","accroche":"Tifon avoue \u00e0 Leleco qu'il est amoureux de Nina. Carmina explique \u00e0 Max qu'elle va quitter la maison. Max s'y oppose. Roni emm\u00e8ne Suelen \u00e0 l'h\u00f4pital...","url_image_racine":"\/staticftv\/ref_emissions\/2014-06-02\/COL_485458_csa1","extension_image":"jpg","datemodif_image":"1401688534","chaine":"franceo","date":"2014-06-02","heure":"19:55","duree":"50","csa_code":"TP","csa_nom_long":"Tous publics","rubrique":"S\u00e9rie & Fiction","genre_simplifie":"S\u00e9rie sentimentale","production":"","nationalite":"br\u00e9silien","presentateurs":"","invites":"","realisateurs":"","acteurs":"Adriana Esteves, Murilo Ben\u00edcio, Helo\u00edsa P\u00e9riss\u00e9, D\u00e9bora Falabella, Marcello Novaes, Eliane Glardini, Let\u00edcia Isnard","url_site":"http:\/\/www.franceo.fr\/emission\/avenida-brasil","mandat_debut":"0","mandat_nb":"toutes","OAS_sitepage":"franceo\/seriefiction\/avenidabrasil","connexes":[],"url_video":"","mandat_duree":""},{"id_diffusion":"102826831","code_programme":"","id_programme":"","titre":"Orfeu negro","sous_titre":"","accroche":"Dans l'exaltation et le chatoiement des couleurs du carnaval de Rio, Eurydice, une jeune provinciale menac\u00e9e de mort par un inconnu, trouve refuge chez Serafina, sa cousine. Elle rencontre bient\u00f4t le danseur-guitariste Orph\u00e9e, une des vedettes du carnaval qui, dans la vie courante, est conducteur de tramway. Ils s'\u00e9prennent l'un de l'autre. Pour ne pas susciter la jalousie de Mira, la fianc\u00e9e d'Orph\u00e9e, Serafina pr\u00eate son d\u00e9guisement \u00e0 Eurydice. La jeune fille pourra donc accompagner son bien-aim\u00e9 dans ses danses. Mais le lendemain, elle est d\u00e9masqu\u00e9e...","url_image_racine":"\/staticftv\/ref_emissions\/2014-06-02\/EMI_323653_csa1","extension_image":"jpg","datemodif_image":"1401688534","chaine":"franceo","date":"2014-06-02","heure":"20:45","duree":"105","csa_code":"TP","csa_nom_long":"Tous publics","rubrique":"","genre_simplifie":"Drame","production":"","nationalite":"br\u00e9silo-franco-italien","presentateurs":"","invites":"","realisateurs":"Marcel Camus","acteurs":"Marpessa Dawn, Breno Mello, Adhemar da Silva, Lourdes de Oliveira, Lea Garcia, Waldemar da Souza, Jorge dos Santos, Aurino Cassanio","url_site":"","mandat_debut":"","mandat_nb":"0","OAS_sitepage":"","connexes":[],"url_video":"","mandat_duree":""},{"id_diffusion":"102826832","code_programme":"","id_programme":"","titre":"Orpailleur","sous_titre":"","accroche":"Rod, jeune Parisien d'origine guyanaise, rentre au pays apr\u00e8s avoir \u00e9t\u00e9 inform\u00e9 du d\u00e9c\u00e8s de son fr\u00e8re a\u00een\u00e9. Il est accompagn\u00e9 de Gonz, son ami d'enfance. Arriv\u00e9 \u00e0 Cayenne, la r\u00e9v\u00e9lation d'un douloureux secret de famille pousse Rod dans une qu\u00eate effr\u00e9n\u00e9e de v\u00e9rit\u00e9. Il fait alors la connaissance de Yann, une jeune guide touristique qui milite contre l'exploitation de l'or dans la for\u00eat. Elle d\u00e9nonce sans rel\u00e2che les d\u00e9g\u00e2ts caus\u00e9s par les orpailleurs, notamment la pollution au mercure. Rod et Yann se retrouvent finalement en plein coeur de la jungle, en situation de conflit avec ces ouvriers sans scrupules. Leur vie est menac\u00e9e...","url_image_racine":"\/staticftv\/ref_emissions\/2014-06-02\/EMI_221456_csa1","extension_image":"jpg","datemodif_image":"1401688534","chaine":"franceo","date":"2014-06-02","heure":"22:30","duree":"90","csa_code":"TP","csa_nom_long":"Tous publics","rubrique":"","genre_simplifie":"Film de suspense","production":"","nationalite":"fran\u00e7ais","presentateurs":"","invites":"","realisateurs":"Marc Barrat","acteurs":"Philippe Nahon, George Aguilar, Julien Courbey, Sara Martins, Tony Mpoudja, Thierry Godard, Jimmy Jean-Louis, Roger Paes","url_site":"","mandat_debut":"","mandat_nb":"0","OAS_sitepage":"","connexes":[],"url_video":"","mandat_duree":""},{"id_diffusion":"102826833","code_programme":"info_afrique","id_programme":"8937","titre":"Inf\u00f4-Afrique","sous_titre":"","accroche":"L'actualit\u00e9 \u00e9conomique, politique et culturelle du continent africain.","url_image_racine":"\/staticftv\/ref_emissions\/2014-06-02\/COL_494442_csa1","extension_image":"jpg","datemodif_image":"1401688534","chaine":"franceo","date":"2014-06-03","heure":"00:00","duree":"10","csa_code":"TP","csa_nom_long":"Tous publics","rubrique":"Info","genre_simplifie":"Journal","production":"","nationalite":"","presentateurs":"El\u00e9onore Abou Ez, Coumba Kane (en alternance)","invites":"","realisateurs":"","acteurs":"","url_site":"","mandat_debut":"0","mandat_nb":"toutes","OAS_sitepage":"franceo\/info\/infoafrique","connexes":[],"url_video":"","mandat_duree":""},{"id_diffusion":"102826834","code_programme":"","id_programme":"","titre":"Rendez-vous en terre inconnue","sous_titre":"G\u00e9rard Jugnot chez les Chipayas en Bolivie","accroche":"Les yeux band\u00e9s, l'acteur et r\u00e9alisateur G\u00e9rard Jugnot embarque dans un avion \u00e0 destination d'une terre inconnue. Ce n'est qu'en plein vol que Fr\u00e9d\u00e9ric Lopez lui r\u00e9v\u00e8le leur destination finale : l'Altiplano bolivien, un plateau perch\u00e9 \u00e0 4000 m\u00e8tres d'altitude, \u00e0 la rencontre des Chipayas. Les deux hommes vont partager le quotidien de ces Indiens, descendants des Incas, pendant plusieurs jours et d\u00e9couvrir pourquoi ils sont surnomm\u00e9s \u00able peuple de l'eau\u00bb. Ils vont \u00e9galement pouvoir mesurer les effets du r\u00e9chauffement climatique, particuli\u00e8rement notables dans cette r\u00e9gion aride, o\u00f9 la survie d\u00e9pend essentiellement de l'agriculture. Gr\u00e2ce \u00e0 un syst\u00e8me complexe de digues et de canaux, ils d\u00e9tournent le cours de la rivi\u00e8re Lauca et cultivent le quinoa.","url_image_racine":"\/staticftv\/ref_emissions\/2014-06-02\/EMI_234700_csa1","extension_image":"jpg","datemodif_image":"1401688534","chaine":"franceo","date":"2014-06-03","heure":"00:10","duree":"110","csa_code":"TP","csa_nom_long":"Tous publics","rubrique":"","genre_simplifie":"Documentaire de soci\u00e9t\u00e9","production":"","nationalite":"fran\u00e7ais","presentateurs":"","invites":"","realisateurs":"Christian Gaume","acteurs":"","url_site":"","mandat_debut":"","mandat_nb":"0","OAS_sitepage":"","connexes":[],"url_video":"","mandat_duree":""},{"id_diffusion":"102826835","code_programme":"","id_programme":"","titre":"Music Explorer : les chasseurs de sons","sous_titre":"Episode 5\/6","accroche":"Pendant huit semaines, quatre chasseurs de sons \u2013 T\u00e9t\u00e9, Marco Prince, Kenza Farah et Ycare \u2013 partent \u00e0 la recherche du nouveau talent world music 2014. Ycare s'envole pour Dakar et Abidjan ; Marco Prince pour Fort-de-France et Port-au-Prince ; Kenza Farah pour Alger, Casablanca et Marrakech, et T\u00e9t\u00e9 pour Montr\u00e9al et New York. Sc\u00e8nes, clubs, stations de radio, studios d'enregistrement : les quatre explorateurs prennent le pouls des rythmes du monde avec, en poche, trois s\u00e9sames pour la gloire, soit un total de douze tickets. Chacun pourra ainsi offrir un billet d'avion \u00e0 ceux qu'ils estiment les plus talentueux. Destination Paris pour y disputer, en prime time, une demi-finale et peut-\u00eatre participer \u00e0 la grande finale du 27 juin.","url_image_racine":"\/staticftv\/ref_emissions\/2014-06-02\/EMI_501733_csa1","extension_image":"jpg","datemodif_image":"1401688534","chaine":"franceo","date":"2014-06-03","heure":"02:00","duree":"60","csa_code":"TP","csa_nom_long":"Tous publics","rubrique":"","genre_simplifie":"Divertissement","production":"","nationalite":"","presentateurs":"Marco Prince,  T\u00e9t\u00e9, Kenza Farah,  Ycare","invites":"","realisateurs":"","acteurs":"","url_site":"","mandat_debut":"","mandat_nb":"0","OAS_sitepage":"","connexes":[],"url_video":"","mandat_duree":""},{"id_diffusion":"102826836","code_programme":"","id_programme":"","titre":"Music Explorer : les chasseurs de sons","sous_titre":"Episode 6\/6","accroche":"Pendant huit semaines, quatre chasseurs de sons \u2013 T\u00e9t\u00e9, Marco Prince, Kenza Farah et Ycare \u2013 partent \u00e0 la recherche du nouveau talent world music 2014. Ycare s'envole pour Dakar et Abidjan ; Marco Prince pour Fort-de-France et Port-au-Prince ; Kenza Farah pour Alger, Casablanca et Marrakech, et T\u00e9t\u00e9 pour Montr\u00e9al et New York. Sc\u00e8nes, clubs, stations de radio, studios d'enregistrement : les quatre explorateurs prennent le pouls des rythmes du monde avec, en poche, trois s\u00e9sames pour la gloire, soit un total de douze tickets. Chacun pourra ainsi offrir un billet d'avion \u00e0 ceux qu'ils estiment les plus talentueux. Destination Paris pour y disputer, en prime time, une demi-finale et peut-\u00eatre participer \u00e0 la grande finale du 27 juin.","url_image_racine":"\/staticftv\/ref_emissions\/2014-06-02\/COL_500076_csa1","extension_image":"jpg","datemodif_image":"1401688534","chaine":"franceo","date":"2014-06-03","heure":"03:00","duree":"60","csa_code":"TP","csa_nom_long":"Tous publics","rubrique":"","genre_simplifie":"Divertissement","production":"","nationalite":"","presentateurs":"Marco Prince,  T\u00e9t\u00e9, Kenza Farah,  Ycare","invites":"","realisateurs":"","acteurs":"","url_site":"","mandat_debut":"","mandat_nb":"0","OAS_sitepage":"","connexes":[],"url_video":"","mandat_duree":""},{"id_diffusion":"102826837","code_programme":"","id_programme":"","titre":"A la recherche de Macondo","sous_titre":"","accroche":"Un voyage au Nord-Ouest de la Colombie, dans l'univers du roman de Garcia M\u00e1rquez, l'\u00e9crivain prix Nobel de litt\u00e9rature 1982, d\u00e9c\u00e9d\u00e9 le 17 avril 2014.","url_image_racine":"\/staticftv\/ref_emissions\/2014-06-02\/EMI_505283_csa1","extension_image":"jpg","datemodif_image":"1401688534","chaine":"franceo","date":"2014-06-03","heure":"04:00","duree":"30","csa_code":"TP","csa_nom_long":"Tous publics","rubrique":"","genre_simplifie":"Documentaire culturel","production":"","nationalite":"fran\u00e7ais","presentateurs":"","invites":"","realisateurs":"Fran\u00e7ois Badaire, Julian Lineros","acteurs":"","url_site":"","mandat_debut":"","mandat_nb":"0","OAS_sitepage":"","connexes":[],"url_video":"","mandat_duree":""},{"id_diffusion":"102826838","code_programme":"","id_programme":"","titre":"Inf\u00f4 soir","sous_titre":"","accroche":"Le journal s'appuie sur les neuf d\u00e9partements et territoires fran\u00e7ais des outre-mers pour mieux comprendre le monde et s'ouvrir \u00e0 l'actualit\u00e9 internationale dans laquelle s'inscrivent ces r\u00e9gions.","url_image_racine":"\/staticftv\/ref_emissions\/2014-06-02\/COL_494451_csa1","extension_image":"jpg","datemodif_image":"1401688534","chaine":"franceo","date":"2014-06-03","heure":"04:30","duree":"17","csa_code":"TP","csa_nom_long":"Tous publics","rubrique":"","genre_simplifie":"Journal","production":"","nationalite":"","presentateurs":"Elyas Akhoun, Marie Radovic (en alternance)","invites":"","realisateurs":"","acteurs":"","url_site":"","mandat_debut":"","mandat_nb":"0","OAS_sitepage":"","connexes":[],"url_video":"","mandat_duree":""},{"id_diffusion":"103290738","code_programme":"","id_programme":"","titre":"La petite collection couleurs Outremers","sous_titre":"Quelle fournaise (R\u00e9union)","accroche":"","url_image_racine":"\/staticftv\/ref_emissions\/2014-06-02\/COL_267357_csa1","extension_image":"jpg","datemodif_image":"1401688534","chaine":"franceo","date":"2014-06-03","heure":"04:47","duree":"6","csa_code":"TP","csa_nom_long":"Tous publics","rubrique":"","genre_simplifie":"Documentaire de soci\u00e9t\u00e9","production":"","nationalite":"","presentateurs":"","invites":"","realisateurs":"","acteurs":"","url_site":"","mandat_debut":"","mandat_nb":"0","OAS_sitepage":"","connexes":[],"url_video":"","mandat_duree":""},{"id_diffusion":"103290739","code_programme":"","id_programme":"","titre":"La petite collection couleurs Outremers","sous_titre":"Am\u00e9rindiens (Guyane)","accroche":"","url_image_racine":"\/staticftv\/ref_emissions\/2014-06-02\/COL_267357_csa1","extension_image":"jpg","datemodif_image":"1401688535","chaine":"franceo","date":"2014-06-03","heure":"04:53","duree":"6","csa_code":"TP","csa_nom_long":"Tous publics","rubrique":"","genre_simplifie":"Documentaire de soci\u00e9t\u00e9","production":"","nationalite":"","presentateurs":"","invites":"","realisateurs":"","acteurs":"","url_site":"","mandat_debut":"","mandat_nb":"0","OAS_sitepage":"","connexes":[],"url_video":"","mandat_duree":""},{"id_diffusion":"103290740","code_programme":"","id_programme":"","titre":"La petite collection couleurs Outremers","sous_titre":"Carapaces prot\u00e9g\u00e9es (Guadeloupe)","accroche":"","url_image_racine":"\/staticftv\/ref_emissions\/2014-06-02\/COL_267357_csa1","extension_image":"jpg","datemodif_image":"1401688535","chaine":"franceo","date":"2014-06-03","heure":"04:59","duree":"9","csa_code":"TP","csa_nom_long":"Tous publics","rubrique":"","genre_simplifie":"Documentaire de soci\u00e9t\u00e9","production":"","nationalite":"","presentateurs":"","invites":"","realisateurs":"","acteurs":"","url_site":"","mandat_debut":"","mandat_nb":"0","OAS_sitepage":"","connexes":[],"url_video":"","mandat_duree":""}]}