{"journee":{"date":"2014-06-02","nb_prog":54},"programmes":[{"id_diffusion":"103509554","code_programme":"","id_programme":"","titre":"Couleurs outremers","sous_titre":"","accroche":"Les petites histoires qui font le sel de l'outre-mer.","url_image_racine":"\/staticftv\/ref_emissions\/2014-06-02\/COL_295886_csa1","extension_image":"jpg","datemodif_image":"1401602228","chaine":"la_1ere","date":"2014-06-02","heure":"05:25","duree":"30","csa_code":"TP","csa_nom_long":"Tous publics","rubrique":"","genre_simplifie":"Magazine de d\u00e9couvertes","production":"","nationalite":"","presentateurs":"","invites":"","realisateurs":"","acteurs":"","url_site":"","mandat_debut":"","mandat_nb":"0","OAS_sitepage":"","connexes":[],"url_video":"","mandat_duree":""},{"id_diffusion":"103509555","code_programme":"","id_programme":"","titre":"Le journal Guadeloupe","sous_titre":"","accroche":"","url_image_racine":"","extension_image":"","datemodif_image":"","chaine":"la_1ere","date":"2014-06-02","heure":"05:55","duree":"25","csa_code":"TP","csa_nom_long":"Tous publics","rubrique":"","genre_simplifie":"Journal","production":"","nationalite":"","presentateurs":"","invites":"","realisateurs":"","acteurs":"","url_site":"","mandat_debut":"","mandat_nb":"0","OAS_sitepage":"","connexes":[],"url_video":"","mandat_duree":""},{"id_diffusion":"103509556","code_programme":"","id_programme":"","titre":"Agenda","sous_titre":"","accroche":"","url_image_racine":"","extension_image":"","datemodif_image":"","chaine":"la_1ere","date":"2014-06-02","heure":"06:20","duree":"5","csa_code":"TP","csa_nom_long":"Tous publics","rubrique":"","genre_simplifie":"Magazine culturel","production":"","nationalite":"","presentateurs":"","invites":"","realisateurs":"","acteurs":"","url_site":"","mandat_debut":"","mandat_nb":"0","OAS_sitepage":"","connexes":[],"url_video":"","mandat_duree":""},{"id_diffusion":"103509557","code_programme":"","id_programme":"","titre":"12\/13 : Journal national","sous_titre":"","accroche":"","url_image_racine":"\/staticftv\/ref_emissions\/2014-06-02\/COL_455701_csa1","extension_image":"jpg","datemodif_image":"1401602228","chaine":"la_1ere","date":"2014-06-02","heure":"06:25","duree":"27","csa_code":"TP","csa_nom_long":"Tous publics","rubrique":"","genre_simplifie":"Journal","production":"","nationalite":"","presentateurs":"","invites":"","realisateurs":"","acteurs":"","url_site":"","mandat_debut":"","mandat_nb":"0","OAS_sitepage":"","connexes":[],"url_video":"","mandat_duree":""},{"id_diffusion":"103509558","code_programme":"","id_programme":"","titre":"Unes 1\u00e8res revue de presse","sous_titre":"","accroche":"","url_image_racine":"","extension_image":"","datemodif_image":"","chaine":"la_1ere","date":"2014-06-02","heure":"06:52","duree":"2","csa_code":"TP","csa_nom_long":"Tous publics","rubrique":"","genre_simplifie":"Magazine culturel","production":"","nationalite":"","presentateurs":"","invites":"","realisateurs":"","acteurs":"","url_site":"","mandat_debut":"","mandat_nb":"0","OAS_sitepage":"","connexes":[],"url_video":"","mandat_duree":""},{"id_diffusion":"103509559","code_programme":"","id_programme":"","titre":"Plein air","sous_titre":"","accroche":"","url_image_racine":"","extension_image":"","datemodif_image":"","chaine":"la_1ere","date":"2014-06-02","heure":"06:54","duree":"1","csa_code":"TP","csa_nom_long":"Tous publics","rubrique":"","genre_simplifie":"Magazine de services","production":"","nationalite":"","presentateurs":"","invites":"","realisateurs":"","acteurs":"","url_site":"","mandat_debut":"","mandat_nb":"0","OAS_sitepage":"","connexes":[],"url_video":"","mandat_duree":""},{"id_diffusion":"104131686","code_programme":"","id_programme":"","titre":"Destination Brasil","sous_titre":"","accroche":"","url_image_racine":"","extension_image":"","datemodif_image":"","chaine":"la_1ere","date":"2014-06-02","heure":"06:55","duree":"5","csa_code":"TP","csa_nom_long":"Tous publics","rubrique":"","genre_simplifie":"Documentaire","production":"","nationalite":"","presentateurs":"","invites":"","realisateurs":"","acteurs":"","url_site":"","mandat_debut":"","mandat_nb":"0","OAS_sitepage":"","connexes":[],"url_video":"","mandat_duree":""},{"id_diffusion":"104131687","code_programme":"","id_programme":"","titre":"Football Made in Brazil","sous_titre":"","accroche":"","url_image_racine":"","extension_image":"","datemodif_image":"","chaine":"la_1ere","date":"2014-06-02","heure":"07:00","duree":"1","csa_code":"TP","csa_nom_long":"Tous publics","rubrique":"","genre_simplifie":"Documentaire","production":"","nationalite":"","presentateurs":"","invites":"","realisateurs":"","acteurs":"","url_site":"","mandat_debut":"","mandat_nb":"0","OAS_sitepage":"","connexes":[],"url_video":"","mandat_duree":""},{"id_diffusion":"103509561","code_programme":"","id_programme":"","titre":"Wakfu","sous_titre":"Quilby","accroche":"Yugo sait maintenant qu'il est un \u00eatre pur, il ne craint donc plus de se faire corrompre par l'Eliacube. Avec Adama\u00ef, ils d\u00e9cident d'utiliser l'artefact magique pour en apprendre plus sur leurs origines. C'est ainsi que, contre toute attente, ils lib\u00e8rent Qilby, un autre Eliatrope. A bout de forces, il va leur raconter l'histoire de leur peuple, leur exil et la fin de leur r\u00e8gne...","url_image_racine":"\/staticftv\/ref_emissions\/2014-06-02\/EMI_339053_csa1","extension_image":"jpg","datemodif_image":"1401602229","chaine":"la_1ere","date":"2014-06-02","heure":"07:01","duree":"1","csa_code":"TP","csa_nom_long":"Tous publics","rubrique":"","genre_simplifie":"Dessin anim\u00e9","production":"","nationalite":"fran\u00e7ais","presentateurs":"","invites":"","realisateurs":"","acteurs":"","url_site":"","mandat_debut":"","mandat_nb":"0","OAS_sitepage":"","connexes":[],"url_video":"","mandat_duree":""},{"id_diffusion":"104243552","code_programme":"","id_programme":"","titre":"Modules Gua 1\u00e8re","sous_titre":"","accroche":"","url_image_racine":"","extension_image":"","datemodif_image":"","chaine":"la_1ere","date":"2014-06-02","heure":"07:02","duree":"21","csa_code":"TP","csa_nom_long":"Tous publics","rubrique":"","genre_simplifie":"Emission sp\u00e9ciale","production":"","nationalite":"","presentateurs":"","invites":"","realisateurs":"","acteurs":"","url_site":"","mandat_debut":"","mandat_nb":"0","OAS_sitepage":"","connexes":[],"url_video":"","mandat_duree":""},{"id_diffusion":"103509562","code_programme":"","id_programme":"","titre":"Commandant Clark","sous_titre":"","accroche":"Pilot\u00e9 par le commandant Clark, un chien courageux, l'Arche explore des zones encore inconnues de la Sunny Galaxy et tente de tenir les affreux Animatronix \u00e0 distance. L'\u00e9quipage de ce vaisseau de patrouille est constitu\u00e9 d'animaux pour le moins originaux.","url_image_racine":"\/staticftv\/ref_emissions\/2014-06-02\/COL_224177_csa1","extension_image":"jpg","datemodif_image":"1401602229","chaine":"la_1ere","date":"2014-06-02","heure":"07:23","duree":"12","csa_code":"TP","csa_nom_long":"Tous publics","rubrique":"","genre_simplifie":"S\u00e9rie d'animation","production":"","nationalite":"fran\u00e7aise","presentateurs":"","invites":"","realisateurs":"Norman Leblanc","acteurs":"","url_site":"","mandat_debut":"","mandat_nb":"0","OAS_sitepage":"","connexes":[],"url_video":"","mandat_duree":""},{"id_diffusion":"103509563","code_programme":"","id_programme":"","titre":"Commandant Clark","sous_titre":"","accroche":"Pilot\u00e9 par le commandant Clark, un chien courageux, l'Arche explore des zones encore inconnues de la Sunny Galaxy et tente de tenir les affreux Animatronix \u00e0 distance. L'\u00e9quipage de ce vaisseau de patrouille est constitu\u00e9 d'animaux pour le moins originaux.","url_image_racine":"\/staticftv\/ref_emissions\/2014-06-02\/COL_224177_csa1","extension_image":"jpg","datemodif_image":"1401602229","chaine":"la_1ere","date":"2014-06-02","heure":"07:35","duree":"12","csa_code":"TP","csa_nom_long":"Tous publics","rubrique":"","genre_simplifie":"S\u00e9rie d'animation","production":"","nationalite":"fran\u00e7aise","presentateurs":"","invites":"","realisateurs":"Norman Leblanc","acteurs":"","url_site":"","mandat_debut":"","mandat_nb":"0","OAS_sitepage":"","connexes":[],"url_video":"","mandat_duree":""},{"id_diffusion":"103509564","code_programme":"","id_programme":"","titre":"64 rue du zoo","sous_titre":"","accroche":"Les voisins de Lucie sont bien \u00e9tranges, et pour cause, ce sont les pensionnaires d'un parc zoologique. Chaque nuit, quand le gardien s'est assoupi, son amie la girafe sert de guide \u00e0 Lucie, lui fait rencontrer une nouvelle esp\u00e8ce d'animaux en lui d\u00e9voilant toutes leurs particularit\u00e9s.","url_image_racine":"\/staticftv\/ref_emissions\/2014-06-02\/COL_329073_csa1","extension_image":"jpg","datemodif_image":"1401602229","chaine":"la_1ere","date":"2014-06-02","heure":"07:47","duree":"13","csa_code":"TP","csa_nom_long":"Tous publics","rubrique":"","genre_simplifie":"Dessin anim\u00e9","production":"","nationalite":"fran\u00e7ais","presentateurs":"","invites":"","realisateurs":"","acteurs":"","url_site":"","mandat_debut":"","mandat_nb":"0","OAS_sitepage":"","connexes":[],"url_video":"","mandat_duree":""},{"id_diffusion":"103723515","code_programme":"","id_programme":"","titre":"Fais pas ci, fais pas \u00e7a","sous_titre":"Plein la t\u00eate","accroche":"Au d\u00e9but de l'ann\u00e9e scolaire, les parents doivent choisir les activit\u00e9s parascolaires de leurs enfants. Les Bouley sont pour le moins surpris lorsqu'Eliott annonce qu'il veut absolument suivre le cat\u00e9chisme pour donner un sens \u00e0 sa vie. Toute la famille commence alors \u00e0 se remettre en question...","url_image_racine":"\/staticftv\/ref_emissions\/2014-06-02\/EMI_287540_csa1","extension_image":"jpg","datemodif_image":"1401602229","chaine":"la_1ere","date":"2014-06-02","heure":"08:00","duree":"50","csa_code":"TP","csa_nom_long":"Tous publics","rubrique":"","genre_simplifie":"S\u00e9rie humoristique","production":"","nationalite":"fran\u00e7aise","presentateurs":"","invites":"","realisateurs":"Pascal Chaumeil","acteurs":"Isabelle G\u00e9linas, Val\u00e9rie Bonneton, Bruno Salomone, Yaniss Lespert, Guillaume de Tonqu\u00e9dec, Tiphaine Haas, Alexandra Gentil, Lilian Dugois","url_site":"","mandat_debut":"","mandat_nb":"0","OAS_sitepage":"","connexes":[],"url_video":"","mandat_duree":""},{"id_diffusion":"103509565","code_programme":"","id_programme":"","titre":"Amour, gloire et beaut\u00e9","sous_titre":"","accroche":"Stephanie tente d'obtenir une seconde chance avec Taylor et obtient une r\u00e9ponse \u00e0 laquelle elle ne s'attendait pas. Amber lui donne une autre chance de s\u00e9duire Marcus...","url_image_racine":"\/staticftv\/ref_emissions\/2014-06-02\/EMI_365367_csa1","extension_image":"jpg","datemodif_image":"1401602229","chaine":"la_1ere","date":"2014-06-02","heure":"08:50","duree":"26","csa_code":"TP","csa_nom_long":"Tous publics","rubrique":"","genre_simplifie":"S\u00e9rie sentimentale","production":"","nationalite":"am\u00e9ricain","presentateurs":"","invites":"","realisateurs":"Michael Stich","acteurs":"Katherine Kelly Lang, Hunter Tylo, Susan Flannery, Adrienne Frantz, Aaron D Spears, Texas Battle, Brandon Beemer, Kristolyn Lloyd","url_site":"","mandat_debut":"","mandat_nb":"0","OAS_sitepage":"","connexes":[],"url_video":"","mandat_duree":""},{"id_diffusion":"103509566","code_programme":"","id_programme":"","titre":"Amour, gloire et beaut\u00e9","sous_titre":"","accroche":"Amber est toujours jalouse de la relation entre Dayzee et Marcus. Stephanie et Dayzee discutent d'ailleurs de ce dernier. Brooke est surprise de la visite de Stephanie. Enfin, Nick pense que Taylor a besoin d'un homme qui la comblerait plus que Ridge...","url_image_racine":"\/staticftv\/ref_emissions\/2014-06-02\/EMI_229250_csa1","extension_image":"jpg","datemodif_image":"1401602229","chaine":"la_1ere","date":"2014-06-02","heure":"09:16","duree":"24","csa_code":"TP","csa_nom_long":"Tous publics","rubrique":"","genre_simplifie":"S\u00e9rie sentimentale","production":"","nationalite":"am\u00e9ricain","presentateurs":"","invites":"","realisateurs":"Michael Stich","acteurs":"Ronn Moss, Katherine Kelly Lang, Hunter Tylo, Susan Flannery, Adrienne Frantz, Texas Battle, Brandon Beemer, Zack Conroy","url_site":"","mandat_debut":"","mandat_nb":"0","OAS_sitepage":"","connexes":[],"url_video":"","mandat_duree":""},{"id_diffusion":"103509567","code_programme":"","id_programme":"","titre":"Avenida Brasil","sous_titre":"","accroche":"Jorginho d\u00e9couvre la preuve que Carminia a bien organis\u00e9 son propre enl\u00e8vement. Max annonce \u00e0 Ivana que les affaires ont \u00e9t\u00e9 bonnes et qu'il s'est achet\u00e9 un bateau...","url_image_racine":"\/staticftv\/ref_emissions\/2014-06-02\/COL_485458_csa1","extension_image":"jpg","datemodif_image":"1401602229","chaine":"la_1ere","date":"2014-06-02","heure":"09:40","duree":"50","csa_code":"TP","csa_nom_long":"Tous publics","rubrique":"","genre_simplifie":"S\u00e9rie sentimentale","production":"","nationalite":"br\u00e9silien","presentateurs":"","invites":"","realisateurs":"","acteurs":"Adriana Esteves, Murilo Ben\u00edcio, Helo\u00edsa P\u00e9riss\u00e9, D\u00e9bora Falabella, Marcello Novaes, Eliane Glardini, Let\u00edcia Isnard","url_site":"","mandat_debut":"","mandat_nb":"0","OAS_sitepage":"","connexes":[],"url_video":"","mandat_duree":""},{"id_diffusion":"103509568","code_programme":"","id_programme":"","titre":"Sc\u00e8nes de m\u00e9nages","sous_titre":"","accroche":"Les conflits du quotidien de quatre couples d'\u00e2ges diff\u00e9rents, Emma et Fabien, Marion et C\u00e9dric, Liliane et Jos\u00e9 et Huguette et Raymond.","url_image_racine":"\/staticftv\/ref_emissions\/2014-06-02\/COL_473663_csa1","extension_image":"jpg","datemodif_image":"1401602229","chaine":"la_1ere","date":"2014-06-02","heure":"10:30","duree":"30","csa_code":"TP","csa_nom_long":"Tous publics","rubrique":"","genre_simplifie":"S\u00e9rie humoristique","production":"","nationalite":"fran\u00e7aise","presentateurs":"","invites":"","realisateurs":"Francis Duquet","acteurs":"Marion Game, G\u00e9rard Hernandez, Fr\u00e9d\u00e9ric Bouraly, Val\u00e9rie Karsenti, Loup-Denis Elion, Anne-Elisabeth Blateau, Audrey Lamy, David Mora","url_site":"","mandat_debut":"","mandat_nb":"0","OAS_sitepage":"","connexes":[],"url_video":"","mandat_duree":""},{"id_diffusion":"103509569","code_programme":"","id_programme":"","titre":"La petite collection couleurs Outremers","sous_titre":"Patrimoine (Saint-Barth\u00e9l\u00e9my)","accroche":"","url_image_racine":"\/staticftv\/ref_emissions\/2014-06-02\/COL_267357_csa1","extension_image":"jpg","datemodif_image":"1401602229","chaine":"la_1ere","date":"2014-06-02","heure":"11:00","duree":"10","csa_code":"TP","csa_nom_long":"Tous publics","rubrique":"","genre_simplifie":"Documentaire de soci\u00e9t\u00e9","production":"","nationalite":"","presentateurs":"","invites":"","realisateurs":"","acteurs":"","url_site":"","mandat_debut":"","mandat_nb":"0","OAS_sitepage":"","connexes":[],"url_video":"","mandat_duree":""},{"id_diffusion":"103509570","code_programme":"","id_programme":"","titre":"Les p'tits plats de Babette","sous_titre":"Pa\u00eblla aux l\u00e9gumes fa\u00e7on Babette","accroche":"Avec son complice Emmanuel Maubert, Babette de Rozi\u00e8res, l'ambassadrice de la cuisine cr\u00e9ole, continue d'explorer les produits et les terroirs d'ici ou d'ailleurs. Au menu : Pa\u00eblla aux l\u00e9gumes fa\u00e7on Babette.","url_image_racine":"","extension_image":"","datemodif_image":"","chaine":"la_1ere","date":"2014-06-02","heure":"11:10","duree":"30","csa_code":"TP","csa_nom_long":"Tous publics","rubrique":"","genre_simplifie":"Magazine de services","production":"","nationalite":"","presentateurs":"Babette de Rozi\u00e8res","invites":"Sarah Biasini","realisateurs":"","acteurs":"","url_site":"","mandat_debut":"","mandat_nb":"0","OAS_sitepage":"","connexes":[],"url_video":"","mandat_duree":""},{"id_diffusion":"103509571","code_programme":"","id_programme":"","titre":"Le triomphe de l'amour","sous_titre":"","accroche":"","url_image_racine":"","extension_image":"","datemodif_image":"","chaine":"la_1ere","date":"2014-06-02","heure":"11:40","duree":"44","csa_code":"TP","csa_nom_long":"Tous publics","rubrique":"","genre_simplifie":"S\u00e9rie sentimentale","production":"","nationalite":"mexicain","presentateurs":"","invites":"","realisateurs":"","acteurs":"C\u00e9sar Evora, Daniela Romo, Victoria Ruffo, Diego Olivera, William Levy, Maite Perroni, Osvaldo R\u00edos","url_site":"","mandat_debut":"","mandat_nb":"0","OAS_sitepage":"","connexes":[],"url_video":"","mandat_duree":""},{"id_diffusion":"104131688","code_programme":"","id_programme":"","titre":"Sc\u00e8nes de m\u00e9nages ","sous_titre":"","accroche":"Les conflits du quotidien de quatre couples d'\u00e2ges diff\u00e9rents, Marion et C\u00e9dric, Liliane et Jos\u00e9, Huguette et Raymond et Emma et Fabien.","url_image_racine":"\/staticftv\/ref_emissions\/2014-06-02\/COL_473663_csa1","extension_image":"jpg","datemodif_image":"1401602230","chaine":"la_1ere","date":"2014-06-02","heure":"12:24","duree":"4","csa_code":"TP","csa_nom_long":"Tous publics","rubrique":"","genre_simplifie":"S\u00e9rie humoristique","production":"","nationalite":"fran\u00e7aise","presentateurs":"","invites":"","realisateurs":"Francis Duquet","acteurs":"Marion Game, G\u00e9rard Hernandez, Fr\u00e9d\u00e9ric Bouraly, Val\u00e9rie Karsenti, Loup-Denis Elion, Anne-Elisabeth Blateau, Audrey Lamy, David Mora","url_site":"","mandat_debut":"","mandat_nb":"0","OAS_sitepage":"","connexes":[],"url_video":"","mandat_duree":""},{"id_diffusion":"104131689","code_programme":"","id_programme":"","titre":"Destination Brasil","sous_titre":"","accroche":"","url_image_racine":"","extension_image":"","datemodif_image":"","chaine":"la_1ere","date":"2014-06-02","heure":"12:28","duree":"2","csa_code":"TP","csa_nom_long":"Tous publics","rubrique":"","genre_simplifie":"Documentaire","production":"","nationalite":"","presentateurs":"","invites":"","realisateurs":"","acteurs":"","url_site":"","mandat_debut":"","mandat_nb":"0","OAS_sitepage":"","connexes":[],"url_video":"","mandat_duree":""},{"id_diffusion":"103509573","code_programme":"midi_en_guadeloupe","id_programme":"14577","titre":"Midi en Guadeloupe","sous_titre":"","accroche":"Fran\u00e7ois-Joseph Ousselin pr\u00e9sente l'\u00e9mission  et le journal qui est inclus est pr\u00e9sent\u00e9 par J\u00e9r\u00f4me Boecasse et Sophie Vingadassalon alternance","url_image_racine":"\/staticftv\/programmes\/14577_1382091845_csa1","extension_image":"jpg","datemodif_image":"1382091845","chaine":"la_1ere","date":"2014-06-02","heure":"12:30","duree":"20","csa_code":"TP","csa_nom_long":"Tous publics","rubrique":"Divertissement","genre_simplifie":"Magazine de soci\u00e9t\u00e9","production":"Guadeloupe","nationalite":"","presentateurs":"","invites":"","realisateurs":"","acteurs":"","url_site":"http:\/\/guadeloupe.la1ere.fr\/emissions","mandat_debut":"0","mandat_nb":"toutes","OAS_sitepage":"la_1ere\/divertissement\/midienguadeloupe","connexes":[],"url_video":"","mandat_duree":""},{"id_diffusion":"104131690","code_programme":"","id_programme":"","titre":"Agenda","sous_titre":"","accroche":"","url_image_racine":"","extension_image":"","datemodif_image":"","chaine":"la_1ere","date":"2014-06-02","heure":"12:50","duree":"8","csa_code":"TP","csa_nom_long":"Tous publics","rubrique":"","genre_simplifie":"Magazine culturel","production":"","nationalite":"","presentateurs":"","invites":"","realisateurs":"","acteurs":"","url_site":"","mandat_debut":"","mandat_nb":"0","OAS_sitepage":"","connexes":[],"url_video":"","mandat_duree":""},{"id_diffusion":"103509575","code_programme":"","id_programme":"","titre":"M\u00e9t\u00e9o","sous_titre":"","accroche":"Bulletin m\u00e9t\u00e9o et pr\u00e9visions.","url_image_racine":"","extension_image":"","datemodif_image":"","chaine":"la_1ere","date":"2014-06-02","heure":"12:58","duree":"2","csa_code":"TP","csa_nom_long":"Tous publics","rubrique":"","genre_simplifie":"M\u00e9t\u00e9o","production":"","nationalite":"","presentateurs":"","invites":"","realisateurs":"","acteurs":"","url_site":"","mandat_debut":"","mandat_nb":"0","OAS_sitepage":"","connexes":[],"url_video":"","mandat_duree":""},{"id_diffusion":"103509576","code_programme":"jt_13h_guadeloupe","id_programme":"11794","titre":"13 heures","sous_titre":"","accroche":"Le d\u00e9cryptage de l\u0092information reste un axe fort de ce rendez-vous de la mi-journ\u00e9e. Dans un souci de proximit\u00e9, la r\u00e9daction propose un traitement de l\u0092information plus th\u00e9matis\u00e9 et plus p\u00e9dagogique.","url_image_racine":"\/staticftv\/programmes\/11794_1380549413_csa1","extension_image":"jpg","datemodif_image":"1380549413","chaine":"la_1ere","date":"2014-06-02","heure":"13:00","duree":"15","csa_code":"TP","csa_nom_long":"Tous publics","rubrique":"Info","genre_simplifie":"Journal","production":"","nationalite":"","presentateurs":"","invites":"","realisateurs":"","acteurs":"","url_site":"http:\/\/guadeloupe.la1ere.fr\/","mandat_debut":"0","mandat_nb":"toutes","OAS_sitepage":"la_1ere\/info\/13heures","connexes":[],"url_video":"","mandat_duree":""},{"id_diffusion":"103509577","code_programme":"midi_en_guadeloupe","id_programme":"14577","titre":"Midi en Guadeloupe, la suite","sous_titre":"","accroche":"Fran\u00e7ois-Joseph Ousselin pr\u00e9sente l'\u00e9mission  et le journal qui est inclus est pr\u00e9sent\u00e9 par J\u00e9r\u00f4me Boecasse et Sophie Vingadassalon alternance","url_image_racine":"\/staticftv\/programmes\/14577_1382091845_csa1","extension_image":"jpg","datemodif_image":"1382091845","chaine":"la_1ere","date":"2014-06-02","heure":"13:15","duree":"20","csa_code":"TP","csa_nom_long":"Tous publics","rubrique":"Divertissement","genre_simplifie":"Magazine de soci\u00e9t\u00e9","production":"Guadeloupe","nationalite":"","presentateurs":"","invites":"","realisateurs":"","acteurs":"","url_site":"http:\/\/guadeloupe.la1ere.fr\/emissions","mandat_debut":"0","mandat_nb":"toutes","OAS_sitepage":"la_1ere\/divertissement\/midienguadeloupelasuite","connexes":[],"url_video":"","mandat_duree":""},{"id_diffusion":"103509578","code_programme":"","id_programme":"","titre":"La force du coeur","sous_titre":"","accroche":"","url_image_racine":"","extension_image":"","datemodif_image":"","chaine":"la_1ere","date":"2014-06-02","heure":"13:35","duree":"45","csa_code":"TP","csa_nom_long":"Tous publics","rubrique":"","genre_simplifie":"S\u00e9rie sentimentale","production":"","nationalite":"","presentateurs":"","invites":"","realisateurs":"","acteurs":"","url_site":"","mandat_debut":"","mandat_nb":"0","OAS_sitepage":"","connexes":[],"url_video":"","mandat_duree":""},{"id_diffusion":"103509579","code_programme":"","id_programme":"","titre":"La force du coeur","sous_titre":"","accroche":"","url_image_racine":"","extension_image":"","datemodif_image":"","chaine":"la_1ere","date":"2014-06-02","heure":"14:20","duree":"45","csa_code":"TP","csa_nom_long":"Tous publics","rubrique":"","genre_simplifie":"S\u00e9rie sentimentale","production":"","nationalite":"","presentateurs":"","invites":"","realisateurs":"","acteurs":"","url_site":"","mandat_debut":"","mandat_nb":"0","OAS_sitepage":"","connexes":[],"url_video":"","mandat_duree":""},{"id_diffusion":"103509580","code_programme":"","id_programme":"","titre":"La force du coeur","sous_titre":"","accroche":"","url_image_racine":"","extension_image":"","datemodif_image":"","chaine":"la_1ere","date":"2014-06-02","heure":"15:05","duree":"45","csa_code":"TP","csa_nom_long":"Tous publics","rubrique":"","genre_simplifie":"S\u00e9rie sentimentale","production":"","nationalite":"","presentateurs":"","invites":"","realisateurs":"","acteurs":"","url_site":"","mandat_debut":"","mandat_nb":"0","OAS_sitepage":"","connexes":[],"url_video":"","mandat_duree":""},{"id_diffusion":"103509581","code_programme":"","id_programme":"","titre":"La Teniente","sous_titre":"","accroche":"Roberta Ballesteros est une femme forte, opini\u00e2tre, disciplin\u00e9e et sensible, confront\u00e9e \u00e0 un monde d'hommes o\u00f9 r\u00e8gnent le danger et l'action. A la t\u00eate de l'unit\u00e9 Platoon au sein de la base des forces sp\u00e9ciales de la Marine mexicaine, elle est la premi\u00e8re femme \u00e0 atteindre un niveau aussi \u00e9lev\u00e9 dans cette prestigieuse institution. Si Roberta doit prouver qu'elle est la meilleure, elle s'efforce surtout de gagner la confiance des membres de son \u00e9quipe, un escadron charg\u00e9 des missions difficiles. Elle tente \u00e9galement de faire toute la lumi\u00e8re sur une trahison qui a co\u00fbt\u00e9 la vie \u00e0 son pr\u00e9d\u00e9cesseur.","url_image_racine":"\/staticftv\/ref_emissions\/2014-06-02\/COL_467405_csa1","extension_image":"jpg","datemodif_image":"1401602230","chaine":"la_1ere","date":"2014-06-02","heure":"15:50","duree":"45","csa_code":"TP","csa_nom_long":"Tous publics","rubrique":"","genre_simplifie":"S\u00e9rie d'aventures","production":"","nationalite":"mexicaine","presentateurs":"","invites":"","realisateurs":"","acteurs":"Armando Torrea, Mar\u00eda Fernanda Y\u00e9pes, Mat\u00edas Novoa, Hector Arredondo, Fernando Sarfatti, Sylvia Saenz","url_site":"","mandat_debut":"","mandat_nb":"0","OAS_sitepage":"","connexes":[],"url_video":"","mandat_duree":""},{"id_diffusion":"103509582","code_programme":"","id_programme":"","titre":"FBI : port\u00e9s disparus","sous_titre":"Rejets","accroche":"Jack se trouve toujours \u00e0 l'h\u00f4pital dans un \u00e9tat critique. Pendant qu'il lutte entre la vie et la mort, son \u00e9quipe se charge d'une nouvelle enqu\u00eate. Diana Raitt, une jeune pom-pom girl, vient de dispara\u00eetre. Les enqu\u00eateurs apprennent qu'elle avait r\u00e9cemment b\u00e9n\u00e9fici\u00e9 d'une transplantation cardiaque, qui lui a sauv\u00e9 la vie. Ils d\u00e9couvrent ensuite que la jeune fille avait voulu en savoir plus sur son donneur. Il est possible que cet \u00e9lan de curiosit\u00e9 l'ait mise en danger. Pour en savoir plus, le FBI rencontre les proches de la disparue, pour les interroger sur son comportement des derniers jours. A mesure que les heures passent, les chances de la retrouver vivante s'amenuisent...","url_image_racine":"\/staticftv\/ref_emissions\/2014-06-02\/EMI_61849_csa1","extension_image":"jpg","datemodif_image":"1401602230","chaine":"la_1ere","date":"2014-06-02","heure":"16:35","duree":"40","csa_code":"TP","csa_nom_long":"Tous publics","rubrique":"","genre_simplifie":"S\u00e9rie","production":"","nationalite":"am\u00e9ricaine","presentateurs":"","invites":"","realisateurs":"Jonathan Kaplan","acteurs":"Anthony LaPaglia, Eric Close, Marianne Jean-Baptiste, Roselyn Sanchez, Poppy Montgomery, Daveigh Chase, Brian Donovan, Enrique Murciano","url_site":"","mandat_debut":"","mandat_nb":"0","OAS_sitepage":"","connexes":[],"url_video":"","mandat_duree":""},{"id_diffusion":"103509583","code_programme":"","id_programme":"","titre":"Private Practice","sous_titre":"Ultimatum","accroche":"D\u00e9termin\u00e9e, Addison exige une r\u00e9ponse de la part de Sam concernant l'ultimatum qu'elle lui a impos\u00e9. C\u00e8dera-t-il ? De son c\u00f4t\u00e9, Violet est d\u00e9sempar\u00e9e lorsqu'elle re\u00e7oit une injonction pour non respect du secret professionnel. En effet, Katie estime que le livre que vient de faire para\u00eetre Violet constitue une grave infraction \u00e0 la confidentialit\u00e9. Malgr\u00e9 les recommandations de Pete, Violet tente de s'en entretenir avec elle. Parall\u00e8lement, Cooper est inquiet. Persuad\u00e9 que Charlotte est toujours secr\u00e8tement amoureuse de son ex-mari, il choisit de rendre une petite visite \u00e0 ce dernier...","url_image_racine":"\/staticftv\/ref_emissions\/2014-06-02\/EMI_442058_csa1","extension_image":"jpg","datemodif_image":"1401602230","chaine":"la_1ere","date":"2014-06-02","heure":"17:15","duree":"45","csa_code":"TP","csa_nom_long":"Tous publics","rubrique":"","genre_simplifie":"S\u00e9rie dramatique","production":"","nationalite":"am\u00e9ricaine","presentateurs":"","invites":"","realisateurs":"Karen Gaviola","acteurs":"Brian Benben, Amy Brenneman, Tim Daly, Kate Walsh, Amanda Foreman, Taye Diggs, Paul Adelstein, KaDee Strickland","url_site":"","mandat_debut":"","mandat_nb":"0","OAS_sitepage":"","connexes":[],"url_video":"","mandat_duree":""},{"id_diffusion":"103509584","code_programme":"","id_programme":"","titre":"Avenida Brasil","sous_titre":"","accroche":"Carminia souhaite s'isoler quelques temps. Tifon parle au m\u00e9decin et accepte une sortie provisoire. D\u00e9bora et Jorginho rompent d\u00e9finitivement...","url_image_racine":"\/staticftv\/ref_emissions\/2014-06-02\/COL_485458_csa1","extension_image":"jpg","datemodif_image":"1401602230","chaine":"la_1ere","date":"2014-06-02","heure":"18:00","duree":"50","csa_code":"TP","csa_nom_long":"Tous publics","rubrique":"","genre_simplifie":"S\u00e9rie sentimentale","production":"","nationalite":"br\u00e9silien","presentateurs":"","invites":"","realisateurs":"","acteurs":"Adriana Esteves, Murilo Ben\u00edcio, Helo\u00edsa P\u00e9riss\u00e9, D\u00e9bora Falabella, Marcello Novaes, Eliane Glardini, Let\u00edcia Isnard","url_site":"","mandat_debut":"","mandat_nb":"0","OAS_sitepage":"","connexes":[],"url_video":"","mandat_duree":""},{"id_diffusion":"103509585","code_programme":"","id_programme":"","titre":"En route vers Rio","sous_titre":"","accroche":"","url_image_racine":"","extension_image":"","datemodif_image":"","chaine":"la_1ere","date":"2014-06-02","heure":"18:50","duree":"4","csa_code":"TP","csa_nom_long":"Tous publics","rubrique":"","genre_simplifie":"Magazine sportif","production":"","nationalite":"","presentateurs":"","invites":"","realisateurs":"","acteurs":"","url_site":"","mandat_debut":"","mandat_nb":"0","OAS_sitepage":"","connexes":[],"url_video":"","mandat_duree":""},{"id_diffusion":"103509586","code_programme":"l_agenda","id_programme":"14697","titre":"Agenda","sous_titre":"","accroche":"Tous les rendez-vous loisirs, cin\u00e9, spectacles, concerts\u0085 sous forme d'agenda","url_image_racine":"\/staticftv\/programmes\/14697_1380549309_csa1","extension_image":"jpg","datemodif_image":"1380549309","chaine":"la_1ere","date":"2014-06-02","heure":"18:54","duree":"3","csa_code":"TP","csa_nom_long":"Tous publics","rubrique":"Culture","genre_simplifie":"Magazine culturel","production":"","nationalite":"","presentateurs":"","invites":"","realisateurs":"","acteurs":"","url_site":"http:\/\/guadeloupe.la1ere.fr\/emissions","mandat_debut":"0","mandat_nb":"toutes","OAS_sitepage":"la_1ere\/culture\/agenda","connexes":[],"url_video":"","mandat_duree":""},{"id_diffusion":"103509587","code_programme":"","id_programme":"","titre":"Plein air","sous_titre":"","accroche":"","url_image_racine":"","extension_image":"","datemodif_image":"","chaine":"la_1ere","date":"2014-06-02","heure":"18:57","duree":"3","csa_code":"TP","csa_nom_long":"Tous publics","rubrique":"","genre_simplifie":"Magazine de services","production":"","nationalite":"","presentateurs":"","invites":"","realisateurs":"","acteurs":"","url_site":"","mandat_debut":"","mandat_nb":"0","OAS_sitepage":"","connexes":[],"url_video":"","mandat_duree":""},{"id_diffusion":"103509588","code_programme":"","id_programme":"","titre":"19\/20 : Guadeloupe 1\u00e8re","sous_titre":"","accroche":"","url_image_racine":"","extension_image":"","datemodif_image":"","chaine":"la_1ere","date":"2014-06-02","heure":"19:00","duree":"25","csa_code":"TP","csa_nom_long":"Tous publics","rubrique":"","genre_simplifie":"Journal","production":"","nationalite":"","presentateurs":"","invites":"","realisateurs":"","acteurs":"","url_site":"","mandat_debut":"","mandat_nb":"0","OAS_sitepage":"","connexes":[],"url_video":"","mandat_duree":""},{"id_diffusion":"104131691","code_programme":"","id_programme":"","titre":"Destination Brasil","sous_titre":"","accroche":"","url_image_racine":"","extension_image":"","datemodif_image":"","chaine":"la_1ere","date":"2014-06-02","heure":"19:25","duree":"5","csa_code":"TP","csa_nom_long":"Tous publics","rubrique":"","genre_simplifie":"Documentaire","production":"","nationalite":"","presentateurs":"","invites":"","realisateurs":"","acteurs":"","url_site":"","mandat_debut":"","mandat_nb":"0","OAS_sitepage":"","connexes":[],"url_video":"","mandat_duree":""},{"id_diffusion":"103509589","code_programme":"jt_guadeloupe","id_programme":"444","titre":"Le journal Guadeloupe","sous_titre":"","accroche":"Toute l'actualit\u00e9 de votre r\u00e9gion.","url_image_racine":"\/staticftv\/catchup\/img\/3\/4\/444_1300729001_3_csa1","extension_image":"png","datemodif_image":"1300729002","chaine":"la_1ere","date":"2014-06-02","heure":"19:30","duree":"27","csa_code":"TP","csa_nom_long":"Tous publics","rubrique":"Info","genre_simplifie":"Journal","production":"France O","nationalite":"","presentateurs":"","invites":"","realisateurs":"","acteurs":"","url_site":"http:\/\/guadeloupe.la1ere.fr\/","mandat_debut":"0","mandat_nb":"toutes","OAS_sitepage":"la_1ere\/info\/lejournalguadeloupe","connexes":[],"url_video":"","mandat_duree":""},{"id_diffusion":"103509590","code_programme":"meteo","id_programme":"11535","titre":"M\u00e9t\u00e9o","sous_titre":"","accroche":"Bulletin m\u00e9t\u00e9o et pr\u00e9visions.","url_image_racine":"\/staticftv\/programmes\/11535_1345648432_csa1","extension_image":"jpg","datemodif_image":"1345648432","chaine":"la_1ere","date":"2014-06-02","heure":"19:57","duree":"2","csa_code":"TP","csa_nom_long":"Tous publics","rubrique":"Info","genre_simplifie":"M\u00e9t\u00e9o","production":"","nationalite":"","presentateurs":"","invites":"","realisateurs":"","acteurs":"","url_site":"","mandat_debut":"0","mandat_nb":"toutes","OAS_sitepage":"la_1ere\/info\/meteo","connexes":[],"url_video":"","mandat_duree":""},{"id_diffusion":"103509591","code_programme":"","id_programme":"","titre":"Sc\u00e8nes de m\u00e9nages","sous_titre":"","accroche":"Les conflits du quotidien de quatre couples d'\u00e2ges diff\u00e9rents, Marion et C\u00e9dric, Liliane et Jos\u00e9, Huguette et Raymond et Emma et Fabien.","url_image_racine":"\/staticftv\/ref_emissions\/2014-06-02\/COL_473663_csa1","extension_image":"jpg","datemodif_image":"1401602230","chaine":"la_1ere","date":"2014-06-02","heure":"19:59","duree":"5","csa_code":"TP","csa_nom_long":"Tous publics","rubrique":"","genre_simplifie":"S\u00e9rie humoristique","production":"","nationalite":"fran\u00e7aise","presentateurs":"","invites":"","realisateurs":"Francis Duquet","acteurs":"Marion Game, G\u00e9rard Hernandez, Fr\u00e9d\u00e9ric Bouraly, Val\u00e9rie Karsenti, Loup-Denis Elion, Anne-Elisabeth Blateau, Audrey Lamy, David Mora","url_site":"","mandat_debut":"","mandat_nb":"0","OAS_sitepage":"","connexes":[],"url_video":"","mandat_duree":""},{"id_diffusion":"104131692","code_programme":"","id_programme":"","titre":"Football Made in Brazil","sous_titre":"","accroche":"","url_image_racine":"","extension_image":"","datemodif_image":"","chaine":"la_1ere","date":"2014-06-02","heure":"20:04","duree":"1","csa_code":"TP","csa_nom_long":"Tous publics","rubrique":"","genre_simplifie":"Documentaire","production":"","nationalite":"","presentateurs":"","invites":"","realisateurs":"","acteurs":"","url_site":"","mandat_debut":"","mandat_nb":"0","OAS_sitepage":"","connexes":[],"url_video":"","mandat_duree":""},{"id_diffusion":"103723516","code_programme":"","id_programme":"","titre":"Cara\u00efbes, le mensuel","sous_titre":"","accroche":"L'\u00e9mission s'articule autour de sujets politiques, \u00e9conomiques ou de soci\u00e9t\u00e9, illustr\u00e9s par des reportages. Un invit\u00e9 apporte \u00e0 chaque fois son t\u00e9moignage et son expertise sur les sujets trait\u00e9s.","url_image_racine":"\/staticftv\/ref_emissions\/2014-06-02\/EMI_501770_csa1","extension_image":"jpg","datemodif_image":"1401602230","chaine":"la_1ere","date":"2014-06-02","heure":"20:05","duree":"60","csa_code":"TP","csa_nom_long":"Tous publics","rubrique":"","genre_simplifie":"Magazine de soci\u00e9t\u00e9","production":"","nationalite":"","presentateurs":"Sonia Laventure","invites":"","realisateurs":"","acteurs":"","url_site":"","mandat_debut":"","mandat_nb":"0","OAS_sitepage":"","connexes":[],"url_video":"","mandat_duree":""},{"id_diffusion":"103509592","code_programme":"sport_premiere","id_programme":"12042","titre":"Sports 1\u00e8re","sous_titre":"","accroche":"Chaque semaine, la r\u00e9daction du service des sports de \u00ab Sports 1\u00e8re \u00bb propose des informations et des interviews, ainsi que les r\u00e9sultats et classements de toutes les manifestations sportives de la semaine.","url_image_racine":"\/staticftv\/programmes\/12042_1380269750_csa1","extension_image":"jpg","datemodif_image":"1380269750","chaine":"la_1ere","date":"2014-06-02","heure":"21:05","duree":"40","csa_code":"TP","csa_nom_long":"Tous publics","rubrique":"Sport","genre_simplifie":"Magazine sportif","production":"","nationalite":"","presentateurs":"","invites":"","realisateurs":"","acteurs":"","url_site":"","mandat_debut":"0","mandat_nb":"toutes","OAS_sitepage":"la_1ere\/sport\/sports1ere","connexes":[],"url_video":"","mandat_duree":""},{"id_diffusion":"103509593","code_programme":"","id_programme":"","titre":"Paris enqu\u00eates criminelles","sous_titre":"Un homme de trop","accroche":"On a retrouv\u00e9 le corps horriblement mutil\u00e9 d'un homme dans la chambre d'un grand h\u00f4tel parisien. La victime, Beno\u00eet Bouvier, a \u00e9t\u00e9 tu\u00e9e avec un cendrier. Son meurtrier s'est tellement acharn\u00e9 sur lui qu'il en est m\u00e9connaissable. Au cours de leur enqu\u00eate, le commandant Revel et Savigny font plusieurs d\u00e9couvertes qui pourraient avoir un lien avec le crime : Beno\u00eet Bouvier avait une relation avec une femme mari\u00e9e et il avait escroqu\u00e9 le mari de sa ma\u00eetresse et un autre couple. Ces trois personnes auraient-elles engag\u00e9 un tueur \u00e0 gages pour se venger, laver leur honneur ou r\u00e9cup\u00e9rer leur argent ?...","url_image_racine":"\/staticftv\/ref_emissions\/2014-06-02\/EMI_341886_csa1","extension_image":"jpg","datemodif_image":"1401602230","chaine":"la_1ere","date":"2014-06-02","heure":"21:45","duree":"50","csa_code":"TP","csa_nom_long":"Tous publics","rubrique":"","genre_simplifie":"S\u00e9rie","production":"","nationalite":"fran\u00e7aise","presentateurs":"","invites":"","realisateurs":"Bertrand Van Effenterre","acteurs":"Laure Killing, Vincent Perez, Jacques Pater, Daniel Isoppo, Sandrine Rigaux, Aur\u00e9lien Recoing, Igor Mendjisky, H\u00e9l\u00e8ne Godec","url_site":"","mandat_debut":"","mandat_nb":"0","OAS_sitepage":"","connexes":[],"url_video":"","mandat_duree":""},{"id_diffusion":"103509594","code_programme":"","id_programme":"","titre":"Paris enqu\u00eates criminelles","sous_titre":"Le justicier de l'ombre","accroche":"Le docteur B\u00e9raud, un obst\u00e9tricien renomm\u00e9 dont les pratiques ne plaisent pas \u00e0 une organisation religieuse, est abattu \u00e0 son domicile devant sa famille. Revel et son \u00e9quipe sont charg\u00e9s des investigations, qui les mettent sur la piste d'un opposant \u00e0 l'avortement. Ils sont loin d'imaginer que cet assassinat cache une vendetta envers ceux que le tueur juge responsables de la mort de son fils, six ans auparavant...","url_image_racine":"\/staticftv\/ref_emissions\/2014-06-02\/EMI_341886_csa1","extension_image":"jpg","datemodif_image":"1401602231","chaine":"la_1ere","date":"2014-06-02","heure":"22:35","duree":"47","csa_code":"TP","csa_nom_long":"Tous publics","rubrique":"","genre_simplifie":"S\u00e9rie","production":"","nationalite":"fran\u00e7aise","presentateurs":"","invites":"","realisateurs":"Bertrand Van Effenterre","acteurs":"Laure Killing, Vincent Perez, Jacques Pater, Lise Payen, Sandrine Rigaux, Igor Mendjisky, H\u00e9l\u00e8ne Godec, Julien Brocard","url_site":"","mandat_debut":"","mandat_nb":"0","OAS_sitepage":"","connexes":[],"url_video":"","mandat_duree":""},{"id_diffusion":"104131693","code_programme":"","id_programme":"","titre":"Destination Brasil","sous_titre":"","accroche":"","url_image_racine":"","extension_image":"","datemodif_image":"","chaine":"la_1ere","date":"2014-06-02","heure":"23:22","duree":"3","csa_code":"TP","csa_nom_long":"Tous publics","rubrique":"","genre_simplifie":"Documentaire","production":"","nationalite":"","presentateurs":"","invites":"","realisateurs":"","acteurs":"","url_site":"","mandat_debut":"","mandat_nb":"0","OAS_sitepage":"","connexes":[],"url_video":"","mandat_duree":""},{"id_diffusion":"103509595","code_programme":"","id_programme":"","titre":"7 en Outre-mer","sous_titre":"Les acteurs noirs dans le cin\u00e9ma fran\u00e7ais","accroche":"Le festival de Cannes vient de s'achever. Un constat : le cin\u00e9ma fran\u00e7ais naccorde toujours pas une grande place aux acteurs noirs. Pourquoi les com\u00e9diens noirs ont-ils encore du mal \u00e0 trouver des r\u00f4les ? Faut-il instaurer des quotas comme dans le cin\u00e9ma am\u00e9ricain ?","url_image_racine":"\/staticftv\/ref_emissions\/2014-06-02\/COL_293972_csa1","extension_image":"jpg","datemodif_image":"1401602231","chaine":"la_1ere","date":"2014-06-02","heure":"23:25","duree":"30","csa_code":"TP","csa_nom_long":"Tous publics","rubrique":"","genre_simplifie":"Magazine d'information","production":"","nationalite":"","presentateurs":"Elyas Akhoun","invites":"Firmine Richard, France Zobda","realisateurs":"","acteurs":"","url_site":"","mandat_debut":"","mandat_nb":"0","OAS_sitepage":"","connexes":[],"url_video":"","mandat_duree":""},{"id_diffusion":"103509596","code_programme":"","id_programme":"","titre":"Duels","sous_titre":"Dassler contre Dassler, Puma contre Adidas","accroche":"Dans l'Allemagne de l'apr\u00e8s-guerre, la rivalit\u00e9 entre Adolf Dassler, fondateur de la soci\u00e9t\u00e9 Adidas, et de son fr\u00e8re Rudolf, cr\u00e9ateur de la marque Puma, s'est transform\u00e9e en bataille entre deux empires du sport. Pendant pr\u00e8s de quarante ans, leurs clans respectifs ont fait preuve de malice, d'ing\u00e9niosit\u00e9 et de roublardise pour an\u00e9antir l'adversaire. Pas un \u00e9v\u00e9nement sportif n'\u00e9chappe, par athl\u00e8tes interpos\u00e9s, \u00e0 la rivalit\u00e9 entre Adolf et Rudolf Dassler. Rapidement, chausser la marque aux trois bandes ou arborer fi\u00e8rement le puma sur son surv\u00eatement devient le signe d'appartenance \u00e0 un camp, \u00e0 un clan.","url_image_racine":"\/staticftv\/ref_emissions\/2014-06-02\/EMI_494018_csa1","extension_image":"jpg","datemodif_image":"1401602231","chaine":"la_1ere","date":"2014-06-02","heure":"23:55","duree":"55","csa_code":"TP","csa_nom_long":"Tous publics","rubrique":"","genre_simplifie":"Documentaire de soci\u00e9t\u00e9","production":"","nationalite":"fran\u00e7ais","presentateurs":"","invites":"","realisateurs":"Martine Delumeau","acteurs":"","url_site":"","mandat_debut":"","mandat_nb":"0","OAS_sitepage":"","connexes":[],"url_video":"","mandat_duree":""},{"id_diffusion":"103509597","code_programme":"","id_programme":"","titre":"La smala s'en m\u00eale","sous_titre":"Merci du cadeau","accroche":"Isabelle jubile. Son divorce prononc\u00e9 et la garde de ses enfants retrouv\u00e9e, plus rien ne s'oppose a priori \u00e0 son mariage avec Franck. Afin de faire les choses dans les r\u00e8gles, la quadrag\u00e9naire insiste pour rencontrer ses beaux-parents avant la c\u00e9r\u00e9monie, ignorant dans quelle aventure elle met les pieds. Peu apr\u00e8s, la smala s'envole direction la Guadeloupe, pour une semaine de r\u00eave sous les tropiques. Mais une fois sur place, Isabelle d\u00e9chante. Franck, qui retrouve son \u00eele ch\u00e9rie apr\u00e8s 17 ans d'absence, est tout chamboul\u00e9 par ces retrouvailles. Son oncle, d\u00e9c\u00e9d\u00e9 depuis peu, vient de lui l\u00e9guer les parts de l'entreprise de pompes fun\u00e8bres qu'il dirigeait avec son p\u00e8re. Franck retrouve aussi Florence, un amour de jeunesse qui fait vaciller ses sentiments...","url_image_racine":"\/staticftv\/ref_emissions\/2014-06-02\/EMI_446317_csa1","extension_image":"jpg","datemodif_image":"1401602231","chaine":"la_1ere","date":"2014-06-03","heure":"00:50","duree":"85","csa_code":"TP","csa_nom_long":"Tous publics","rubrique":"","genre_simplifie":"T\u00e9l\u00e9film humoristique","production":"","nationalite":"fran\u00e7ais","presentateurs":"","invites":"","realisateurs":"Thierry Petit","acteurs":"France Zobda, Jean-Michel Martial, Thomas Doucet, Mich\u00e8le Bernier, Julie De Bona, Marc Grosy, R\u00e9mi Yen, Mariama Gueye","url_site":"","mandat_debut":"","mandat_nb":"0","OAS_sitepage":"","connexes":[],"url_video":"","mandat_duree":""},{"id_diffusion":"103723517","code_programme":"","id_programme":"","titre":"Commissaire Cordier","sous_titre":"Poudre aux yeux","accroche":"Le commissaire Cordier enqu\u00eate sur la mort par balle d'Yves Marlot, directeur d'un centre pour toxicomanes et ancien capitaine de la police. Il se trouve que Marlot a partag\u00e9 la vie de Claire F\u00e9vrier, une ancienne stagiaire de Cordier qui est maintenant commandant \u00e0 la brigade criminelle. Apr\u00e8s sept ans, les retrouvailles entre Claire et Cordier sont chaleureuses. Ils demandent au juge l'autorisation de faire \u00e9quipe sur l'affaire Marlot. De piste en piste, ils retrouvent l'arme du crime et r\u00e9alisent qu'ils ont peut-\u00eatre \u00e9t\u00e9 manipul\u00e9s par le divisionnaire S\u00e9gal, de la brigade des Stups. Claire est convaincue que S\u00e9gal est un policier corrompu et abject...","url_image_racine":"\/staticftv\/ref_emissions\/2014-06-02\/EMI_298620_csa1","extension_image":"jpg","datemodif_image":"1401602231","chaine":"la_1ere","date":"2014-06-03","heure":"02:15","duree":"105","csa_code":"TP","csa_nom_long":"Tous publics","rubrique":"","genre_simplifie":"T\u00e9l\u00e9film policier","production":"","nationalite":"fran\u00e7ais","presentateurs":"","invites":"","realisateurs":"Vincent Monnet","acteurs":"Pierre Mondy, Antonella Lualdi, Sophie Duez, Franck Gourlat, Isabelle Habiague, Marc Fayet, St\u00e9phanie Vicat, Cassandre Manet","url_site":"","mandat_debut":"","mandat_nb":"0","OAS_sitepage":"","connexes":[],"url_video":"","mandat_duree":""},{"id_diffusion":"103723518","code_programme":"","id_programme":"","titre":"Archipels","sous_titre":"Les jumeaux maudits","accroche":"Dans la r\u00e9gion de Mananjary, au Sud-Est de Madagascar, les jumeaux sont consid\u00e9r\u00e9s comme porteurs de mal\u00e9diction. La tradition veut qu'on les tue ou qu'on les abandonne. Un tabou interdit de les \u00e9lever. Mike et Gogo ont \u00e9t\u00e9 \u00e9pargn\u00e9s de la mort et de l'abandon par leurs parents. Aujourd'hui, ils ont 30 ans et dirigent \u00abFanatenane\u00bb, un centre qui accueille les jumeaux abandonn\u00e9s. Leur combat est de convaincre les familles de reprendre leurs enfants et surtout de faire lever cet injuste tabou.","url_image_racine":"\/staticftv\/ref_emissions\/2014-06-02\/EMI_480613_csa1","extension_image":"jpg","datemodif_image":"1401602231","chaine":"la_1ere","date":"2014-06-03","heure":"04:00","duree":"85","csa_code":"TP","csa_nom_long":"Tous publics","rubrique":"","genre_simplifie":"Magazine de soci\u00e9t\u00e9","production":"","nationalite":"","presentateurs":"Elyas Akhoun","invites":"","realisateurs":"","acteurs":"","url_site":"","mandat_debut":"","mandat_nb":"0","OAS_sitepage":"","connexes":[],"url_video":"","mandat_duree":""}]}