{"journee":{"date":"2014-06-02","nb_prog":47},"programmes":[{"id_diffusion":"103513595","code_programme":"","id_programme":"","titre":"Couleurs outremers","sous_titre":"L'aquaculture \u00e0 Mayotte","accroche":"A Mayotte, dans l'oc\u00e9an Indien, l'ombrine est le poisson de l'aquaculture, une technique de p\u00eache qui assure aux Mahorais une ressource fiable tout au long de l'ann\u00e9e. En Guadeloupe, voyage sur les traces de Pauline et Molia, deux champions cyclistes des ann\u00e9es 60. Gros plan \u00e9galement sur le ka, le tambour traditionnel, et le Gwo Ka, la musique typique de l'\u00eele. Enfin \u00e0 Lifou, dans les \u00eeles Loyaut\u00e9, en Nouvelle-Cal\u00e9donie, des cam\u00e9ras ont suivi le premier jour de classe.","url_image_racine":"\/staticftv\/ref_emissions\/2014-06-02\/COL_295886_csa1","extension_image":"jpg","datemodif_image":"1401602253","chaine":"la_1ere","date":"2014-06-02","heure":"05:24","duree":"33","csa_code":"TP","csa_nom_long":"Tous publics","rubrique":"","genre_simplifie":"Magazine de d\u00e9couvertes","production":"","nationalite":"","presentateurs":"Luc Laventure","invites":"","realisateurs":"","acteurs":"","url_site":"","mandat_debut":"","mandat_nb":"0","OAS_sitepage":"","connexes":[],"url_video":"","mandat_duree":""},{"id_diffusion":"103513596","code_programme":"","id_programme":"","titre":"Couleurs outremers","sous_titre":"Patrick, guide \u00e0 Bora Bora","accroche":"Patrick partage son quotidien de guide touristique sur l'\u00eele paradisiaque de Bora Bora, en Polyn\u00e9sie. En Guadeloupe, rencontre avec des passionn\u00e9s de voitures. Puis, reportage en Guyane, \u00e0 Antecum Pata, le village des indiens Wayanas, qui perp\u00e9tuent les traditions de leurs anc\u00eatres.","url_image_racine":"\/staticftv\/ref_emissions\/2014-06-02\/EMI_267357_csa1","extension_image":"jpg","datemodif_image":"1401602253","chaine":"la_1ere","date":"2014-06-02","heure":"05:57","duree":"28","csa_code":"TP","csa_nom_long":"Tous publics","rubrique":"","genre_simplifie":"Magazine de d\u00e9couvertes","production":"","nationalite":"","presentateurs":"Luc Laventure","invites":"","realisateurs":"","acteurs":"","url_site":"","mandat_debut":"","mandat_nb":"0","OAS_sitepage":"","connexes":[],"url_video":"","mandat_duree":""},{"id_diffusion":"103513597","code_programme":"","id_programme":"","titre":"Mission invisible","sous_titre":"Le pire No\u00ebl","accroche":"No\u00ebl approche. Tous les enfants partent f\u00eater le r\u00e9veillon dans leur famille, \u00e0 l'exception de Vin et de Z\u00e9ro. Monsieur Soper charge Macbeth de pr\u00e9parer une superbe f\u00eate pour les deux enfants. Ce qu'il ignore, c'est que Macbeth d\u00e9teste litt\u00e9ralement No\u00ebl...","url_image_racine":"\/staticftv\/ref_emissions\/2014-06-02\/COL_300597_csa1","extension_image":"jpg","datemodif_image":"1401602253","chaine":"la_1ere","date":"2014-06-02","heure":"06:25","duree":"23","csa_code":"TP","csa_nom_long":"Tous publics","rubrique":"","genre_simplifie":"S\u00e9rie d'animation","production":"","nationalite":"fran\u00e7aise","presentateurs":"","invites":"","realisateurs":"","acteurs":"","url_site":"","mandat_debut":"","mandat_nb":"0","OAS_sitepage":"","connexes":[],"url_video":"","mandat_duree":""},{"id_diffusion":"103513598","code_programme":"","id_programme":"","titre":"Tom-Tom et Nana","sous_titre":"","accroche":"Dans l'univers survolt\u00e9 du restaurant \u00abA la bonne fourchette\u00bb dont la bonne marche est r\u00e9guli\u00e8rement menac\u00e9e de l'ext\u00e9rieur par des intrusions diverses et de l'int\u00e9rieur par des probl\u00e8mes familiaux, Tom-Tom et Nana Dubouchon accumulent les sottises pour le bonheur de tous.","url_image_racine":"\/staticftv\/ref_emissions\/2014-06-02\/COL_216998_csa1","extension_image":"jpg","datemodif_image":"1401602253","chaine":"la_1ere","date":"2014-06-02","heure":"06:48","duree":"23","csa_code":"TP","csa_nom_long":"Tous publics","rubrique":"","genre_simplifie":"Dessin anim\u00e9","production":"","nationalite":"fran\u00e7ais","presentateurs":"","invites":"","realisateurs":"","acteurs":"","url_site":"","mandat_debut":"","mandat_nb":"0","OAS_sitepage":"","connexes":[],"url_video":"","mandat_duree":""},{"id_diffusion":"103513600","code_programme":"","id_programme":"","titre":"Fais pas ci, fais pas \u00e7a","sous_titre":"Les dix commandements","accroche":"Une tante venue d\u00e9jeuner chez les Lepic pr\u00e9tend qu'on a vol\u00e9 de l'argent dans son sac. Comment est-ce possible ? Qui a pris l'argent ? Pourquoi ? Cette affaire oblige toute la famille \u00e0 se remettre en question. Pendant ce temps, chez les Bouley, une conversation tr\u00e8s s\u00e9rieuse porte sur les convictions politiques. Eliott se pr\u00e9sente \u00e0 l'\u00e9lection de d\u00e9l\u00e9gu\u00e9 de classe. Denis devient chef de campagne et va vite se rendre compte qu'en politique, tous les coups sont permis. Il n'h\u00e9site pas \u00e0 employer des m\u00e9thodes douteuses pour promouvoir le programme d'Eliott, face \u00e0 un adversaire redoutable...","url_image_racine":"\/staticftv\/ref_emissions\/2014-06-02\/EMI_287548_csa1","extension_image":"jpg","datemodif_image":"1401602253","chaine":"la_1ere","date":"2014-06-02","heure":"07:11","duree":"43","csa_code":"TP","csa_nom_long":"Tous publics","rubrique":"","genre_simplifie":"S\u00e9rie humoristique","production":"","nationalite":"fran\u00e7aise","presentateurs":"","invites":"","realisateurs":"Pascal Chaumeil","acteurs":"Isabelle G\u00e9linas, Val\u00e9rie Bonneton, Bruno Salomone, Yaniss Lespert, Guillaume de Tonqu\u00e9dec, Tiphaine Haas, Alexandra Gentil, Lilian Dugois","url_site":"","mandat_debut":"","mandat_nb":"0","OAS_sitepage":"","connexes":[],"url_video":"","mandat_duree":""},{"id_diffusion":"103513601","code_programme":"","id_programme":"","titre":"M\u00e9t\u00e9o","sous_titre":"","accroche":"","url_image_racine":"","extension_image":"","datemodif_image":"","chaine":"la_1ere","date":"2014-06-02","heure":"07:54","duree":"5","csa_code":"TP","csa_nom_long":"Tous publics","rubrique":"","genre_simplifie":"M\u00e9t\u00e9o","production":"","nationalite":"","presentateurs":"","invites":"","realisateurs":"","acteurs":"","url_site":"","mandat_debut":"","mandat_nb":"0","OAS_sitepage":"","connexes":[],"url_video":"","mandat_duree":""},{"id_diffusion":"103513602","code_programme":"","id_programme":"","titre":"Journal de 13h de France 2","sous_titre":"","accroche":"","url_image_racine":"","extension_image":"","datemodif_image":"","chaine":"la_1ere","date":"2014-06-02","heure":"07:59","duree":"46","csa_code":"TP","csa_nom_long":"Tous publics","rubrique":"","genre_simplifie":"Journal","production":"","nationalite":"","presentateurs":"","invites":"","realisateurs":"","acteurs":"","url_site":"","mandat_debut":"","mandat_nb":"0","OAS_sitepage":"","connexes":[],"url_video":"","mandat_duree":""},{"id_diffusion":"103513603","code_programme":"","id_programme":"","titre":"Plus belle la vie","sous_titre":"","accroche":"Alors que Thomas veut contacter San Diego, Sacha demande \u00e0 son fils de ne plus aller au lyc\u00e9e. De son c\u00f4t\u00e9, Caroline confond les Leserman p\u00e8re et fils...","url_image_racine":"\/staticftv\/ref_emissions\/2014-06-02\/COL_388983_csa1","extension_image":"jpg","datemodif_image":"1401602253","chaine":"la_1ere","date":"2014-06-02","heure":"08:45","duree":"26","csa_code":"TP","csa_nom_long":"Tous publics","rubrique":"","genre_simplifie":"S\u00e9rie","production":"","nationalite":"fran\u00e7ais","presentateurs":"","invites":"","realisateurs":"Michel Hassan","acteurs":"Avy Marciano, Virgile Bayle, Rebecca Hampton, Sophie de La Rochefoucauld, Laurent Kerusor\u00e9, St\u00e9phane Henon, Thibaud Vaneck, Flavie P\u00e9an","url_site":"","mandat_debut":"","mandat_nb":"0","OAS_sitepage":"","connexes":[],"url_video":"","mandat_duree":""},{"id_diffusion":"104139757","code_programme":"","id_programme":"","titre":"Motus","sous_titre":"","accroche":"Deux \u00e9quipes s'affrontent pour d\u00e9chiffrer des mots de six \u00e0 dix lettres.","url_image_racine":"","extension_image":"","datemodif_image":"","chaine":"la_1ere","date":"2014-06-02","heure":"09:11","duree":"27","csa_code":"TP","csa_nom_long":"Tous publics","rubrique":"","genre_simplifie":"Jeu","production":"","nationalite":"","presentateurs":"Thierry Beccaro","invites":"","realisateurs":"","acteurs":"","url_site":"","mandat_debut":"","mandat_nb":"0","OAS_sitepage":"","connexes":[],"url_video":"","mandat_duree":""},{"id_diffusion":"103513605","code_programme":"","id_programme":"","titre":"Avenida Brasil","sous_titre":"","accroche":"Jorginho d\u00e9couvre la preuve que Carminia a bien organis\u00e9 son propre enl\u00e8vement. Max annonce \u00e0 Ivana que les affaires ont \u00e9t\u00e9 bonnes et qu'il s'est achet\u00e9 un bateau...","url_image_racine":"\/staticftv\/ref_emissions\/2014-06-02\/COL_485458_csa1","extension_image":"jpg","datemodif_image":"1401602253","chaine":"la_1ere","date":"2014-06-02","heure":"09:38","duree":"53","csa_code":"TP","csa_nom_long":"Tous publics","rubrique":"","genre_simplifie":"S\u00e9rie sentimentale","production":"","nationalite":"br\u00e9silien","presentateurs":"","invites":"","realisateurs":"","acteurs":"Adriana Esteves, Murilo Ben\u00edcio, Helo\u00edsa P\u00e9riss\u00e9, D\u00e9bora Falabella, Marcello Novaes, Eliane Glardini, Let\u00edcia Isnard","url_site":"","mandat_debut":"","mandat_nb":"0","OAS_sitepage":"","connexes":[],"url_video":"","mandat_duree":""},{"id_diffusion":"103513606","code_programme":"","id_programme":"","titre":"Cash","sous_titre":"","accroche":"","url_image_racine":"","extension_image":"","datemodif_image":"","chaine":"la_1ere","date":"2014-06-02","heure":"10:31","duree":"11","csa_code":"TP","csa_nom_long":"Tous publics","rubrique":"","genre_simplifie":"Jeu","production":"","nationalite":"","presentateurs":"","invites":"","realisateurs":"","acteurs":"","url_site":"","mandat_debut":"","mandat_nb":"0","OAS_sitepage":"","connexes":[],"url_video":"","mandat_duree":""},{"id_diffusion":"104065543","code_programme":"","id_programme":"","titre":"Destination Brasil","sous_titre":"","accroche":"","url_image_racine":"","extension_image":"","datemodif_image":"","chaine":"la_1ere","date":"2014-06-02","heure":"10:42","duree":"1","csa_code":"TP","csa_nom_long":"Tous publics","rubrique":"","genre_simplifie":"Documentaire","production":"","nationalite":"","presentateurs":"","invites":"","realisateurs":"","acteurs":"","url_site":"","mandat_debut":"","mandat_nb":"0","OAS_sitepage":"","connexes":[],"url_video":"","mandat_duree":""},{"id_diffusion":"103513607","code_programme":"","id_programme":"","titre":"En route vers Rio","sous_titre":"","accroche":"","url_image_racine":"","extension_image":"","datemodif_image":"","chaine":"la_1ere","date":"2014-06-02","heure":"10:43","duree":"5","csa_code":"TP","csa_nom_long":"Tous publics","rubrique":"","genre_simplifie":"Magazine sportif","production":"","nationalite":"","presentateurs":"","invites":"","realisateurs":"","acteurs":"","url_site":"","mandat_debut":"","mandat_nb":"0","OAS_sitepage":"","connexes":[],"url_video":"","mandat_duree":""},{"id_diffusion":"104065544","code_programme":"","id_programme":"","titre":"Destination Brasil","sous_titre":"","accroche":"","url_image_racine":"","extension_image":"","datemodif_image":"","chaine":"la_1ere","date":"2014-06-02","heure":"10:48","duree":"3","csa_code":"TP","csa_nom_long":"Tous publics","rubrique":"","genre_simplifie":"Documentaire","production":"","nationalite":"","presentateurs":"","invites":"","realisateurs":"","acteurs":"","url_site":"","mandat_debut":"","mandat_nb":"0","OAS_sitepage":"","connexes":[],"url_video":"","mandat_duree":""},{"id_diffusion":"103513608","code_programme":"","id_programme":"","titre":"Questions pour un champion","sous_titre":"","accroche":"Les \u00abneuf points gagnants\u00bb, le \u00abquatre \u00e0 la suite\u00bb, le \u00abface-\u00e0-face\u00bb et la d\u00e9contraction de Julien Lepers : c'est la recette de \u00abQuestions pour un champion\u00bb.","url_image_racine":"\/staticftv\/ref_emissions\/2014-06-02\/COL_382965_csa1","extension_image":"jpg","datemodif_image":"1401602254","chaine":"la_1ere","date":"2014-06-02","heure":"10:51","duree":"39","csa_code":"TP","csa_nom_long":"Tous publics","rubrique":"","genre_simplifie":"Jeu","production":"","nationalite":"","presentateurs":"Julien Lepers","invites":"","realisateurs":"","acteurs":"","url_site":"","mandat_debut":"","mandat_nb":"0","OAS_sitepage":"","connexes":[],"url_video":"","mandat_duree":""},{"id_diffusion":"103513609","code_programme":"midi_services","id_programme":"12092","titre":"Services 1\u00e8re","sous_titre":"","accroche":"Midi Services accompagne tous les Martiniquais dans leur vie quotidienne, en leur donnant des informations et conseils pratiques. Aux c\u00f4t\u00e9s de Patricia Jean- Privat, un invit\u00e9, en compagnie de la chroniqueuse Eddylia Eug\u00e8ne-Mormin, apporte ses r\u00e9ponses sur les questions abord\u00e9es.","url_image_racine":"\/staticftv\/programmes\/12092_1380639451_csa1","extension_image":"jpg","datemodif_image":"1380639451","chaine":"la_1ere","date":"2014-06-02","heure":"11:30","duree":"15","csa_code":"TP","csa_nom_long":"Tous publics","rubrique":"Magazine","genre_simplifie":"Magazine de soci\u00e9t\u00e9","production":"Martinique 1\u00e8re","nationalite":"","presentateurs":"","invites":"","realisateurs":"","acteurs":"","url_site":"http:\/\/martinique.la1ere.fr\/","mandat_debut":"0","mandat_nb":"toutes","OAS_sitepage":"la_1ere\/magazine\/services1ere","connexes":[],"url_video":"","mandat_duree":""},{"id_diffusion":"103513610","code_programme":"","id_programme":"","titre":"Le triomphe de l'amour","sous_titre":"","accroche":"","url_image_racine":"","extension_image":"","datemodif_image":"","chaine":"la_1ere","date":"2014-06-02","heure":"11:45","duree":"46","csa_code":"TP","csa_nom_long":"Tous publics","rubrique":"","genre_simplifie":"S\u00e9rie sentimentale","production":"","nationalite":"mexicain","presentateurs":"","invites":"","realisateurs":"","acteurs":"C\u00e9sar Evora, Daniela Romo, Victoria Ruffo, Diego Olivera, William Levy, Maite Perroni, Osvaldo R\u00edos","url_site":"","mandat_debut":"","mandat_nb":"0","OAS_sitepage":"","connexes":[],"url_video":"","mandat_duree":""},{"id_diffusion":"103513611","code_programme":"midi_services","id_programme":"12092","titre":"Services 1\u00e8re","sous_titre":"","accroche":"Midi Services accompagne tous les Martiniquais dans leur vie quotidienne, en leur donnant des informations et conseils pratiques. Aux c\u00f4t\u00e9s de Patricia Jean- Privat, un invit\u00e9, en compagnie de la chroniqueuse Eddylia Eug\u00e8ne-Mormin, apporte ses r\u00e9ponses sur les questions abord\u00e9es.","url_image_racine":"\/staticftv\/programmes\/12092_1380639451_csa1","extension_image":"jpg","datemodif_image":"1380639451","chaine":"la_1ere","date":"2014-06-02","heure":"12:31","duree":"19","csa_code":"TP","csa_nom_long":"Tous publics","rubrique":"Magazine","genre_simplifie":"Magazine de soci\u00e9t\u00e9","production":"Martinique 1\u00e8re","nationalite":"","presentateurs":"","invites":"","realisateurs":"","acteurs":"","url_site":"http:\/\/martinique.la1ere.fr\/","mandat_debut":"0","mandat_nb":"toutes","OAS_sitepage":"la_1ere\/magazine\/services1ere","connexes":[],"url_video":"","mandat_duree":""},{"id_diffusion":"103513612","code_programme":"","id_programme":"","titre":"Moun peyi","sous_titre":"","accroche":"","url_image_racine":"","extension_image":"","datemodif_image":"","chaine":"la_1ere","date":"2014-06-02","heure":"12:50","duree":"10","csa_code":"TP","csa_nom_long":"Tous publics","rubrique":"","genre_simplifie":"Magazine de soci\u00e9t\u00e9","production":"","nationalite":"","presentateurs":"","invites":"","realisateurs":"","acteurs":"","url_site":"","mandat_debut":"","mandat_nb":"0","OAS_sitepage":"","connexes":[],"url_video":"","mandat_duree":""},{"id_diffusion":"103513613","code_programme":"jt_13h_martinique","id_programme":"11748","titre":"Infos 13","sous_titre":"","accroche":"Toute l'actualit\u00e9 du jour diffus\u00e9e en simultan\u00e9 depuis la Martinique et la Guadeloupe.","url_image_racine":"\/staticftv\/programmes\/11748_1377784947_csa1","extension_image":"jpg","datemodif_image":"1377784947","chaine":"la_1ere","date":"2014-06-02","heure":"13:00","duree":"27","csa_code":"TP","csa_nom_long":"Tous publics","rubrique":"Info","genre_simplifie":"Journal","production":"France O","nationalite":"","presentateurs":"","invites":"","realisateurs":"","acteurs":"","url_site":"http:\/\/martinique.la1ere.fr\/emissions\/midi-1ere","mandat_debut":"0","mandat_nb":"toutes","OAS_sitepage":"la_1ere\/info\/infos13","connexes":[],"url_video":"","mandat_duree":""},{"id_diffusion":"103513614","code_programme":"","id_programme":"","titre":"La force du coeur","sous_titre":"","accroche":"","url_image_racine":"","extension_image":"","datemodif_image":"","chaine":"la_1ere","date":"2014-06-02","heure":"13:27","duree":"45","csa_code":"TP","csa_nom_long":"Tous publics","rubrique":"","genre_simplifie":"S\u00e9rie sentimentale","production":"","nationalite":"","presentateurs":"","invites":"","realisateurs":"","acteurs":"","url_site":"","mandat_debut":"","mandat_nb":"0","OAS_sitepage":"","connexes":[],"url_video":"","mandat_duree":""},{"id_diffusion":"103513615","code_programme":"","id_programme":"","titre":"La force du coeur","sous_titre":"","accroche":"","url_image_racine":"","extension_image":"","datemodif_image":"","chaine":"la_1ere","date":"2014-06-02","heure":"14:12","duree":"45","csa_code":"TP","csa_nom_long":"Tous publics","rubrique":"","genre_simplifie":"S\u00e9rie sentimentale","production":"","nationalite":"","presentateurs":"","invites":"","realisateurs":"","acteurs":"","url_site":"","mandat_debut":"","mandat_nb":"0","OAS_sitepage":"","connexes":[],"url_video":"","mandat_duree":""},{"id_diffusion":"103513616","code_programme":"","id_programme":"","titre":"La force du coeur","sous_titre":"","accroche":"","url_image_racine":"","extension_image":"","datemodif_image":"","chaine":"la_1ere","date":"2014-06-02","heure":"14:57","duree":"46","csa_code":"TP","csa_nom_long":"Tous publics","rubrique":"","genre_simplifie":"S\u00e9rie sentimentale","production":"","nationalite":"","presentateurs":"","invites":"","realisateurs":"","acteurs":"","url_site":"","mandat_debut":"","mandat_nb":"0","OAS_sitepage":"","connexes":[],"url_video":"","mandat_duree":""},{"id_diffusion":"103787126","code_programme":"","id_programme":"","titre":"Amour, gloire et beaut\u00e9","sous_titre":"","accroche":"Apr\u00e8s l'accident de Steffy, Liam trouve la jeune fille inconsciente. A son r\u00e9veil, ils discutent longuement et le jeune homme lui conseille d'aller de l'avant. Steffy l'embrasse...","url_image_racine":"\/staticftv\/ref_emissions\/2014-06-02\/EMI_322873_csa1","extension_image":"jpg","datemodif_image":"1401602254","chaine":"la_1ere","date":"2014-06-02","heure":"15:43","duree":"22","csa_code":"TP","csa_nom_long":"Tous publics","rubrique":"","genre_simplifie":"S\u00e9rie sentimentale","production":"","nationalite":"am\u00e9ricain","presentateurs":"","invites":"","realisateurs":"Michael Stich","acteurs":"Ronn Moss, Katherine Kelly Lang, Hunter Tylo, Susan Flannery, Scott Clifton, Texas Battle, Jacqueline MacInnes Wood, Kim Matula","url_site":"","mandat_debut":"","mandat_nb":"0","OAS_sitepage":"","connexes":[],"url_video":"","mandat_duree":""},{"id_diffusion":"103787127","code_programme":"","id_programme":"","titre":"Amour, gloire et beaut\u00e9","sous_titre":"","accroche":"Liam r\u00e9v\u00e8le la v\u00e9rit\u00e9 \u00e0 Hope sur ce qui s'est pass\u00e9 entre Steffy et lui \u00e0 l'appartement. Hope en parle \u00e0 Taylor...","url_image_racine":"\/staticftv\/ref_emissions\/2014-06-02\/EMI_365367_csa1","extension_image":"jpg","datemodif_image":"1401602254","chaine":"la_1ere","date":"2014-06-02","heure":"16:05","duree":"24","csa_code":"TP","csa_nom_long":"Tous publics","rubrique":"","genre_simplifie":"S\u00e9rie sentimentale","production":"","nationalite":"am\u00e9ricain","presentateurs":"","invites":"","realisateurs":"Michael Stich","acteurs":"Katherine Kelly Lang, Hunter Tylo, Lesley-Anne Down, Jack Wagner, Scott Clifton, Brandon Beemer, Jacqueline MacInnes Wood, Kim Matula","url_site":"","mandat_debut":"","mandat_nb":"0","OAS_sitepage":"","connexes":[],"url_video":"","mandat_duree":""},{"id_diffusion":"103787128","code_programme":"","id_programme":"","titre":"Saloni","sous_titre":"","accroche":"","url_image_racine":"\/staticftv\/ref_emissions\/2014-06-02\/COL_494556_csa1","extension_image":"jpg","datemodif_image":"1401602254","chaine":"la_1ere","date":"2014-06-02","heure":"16:29","duree":"26","csa_code":"TP","csa_nom_long":"Tous publics","rubrique":"","genre_simplifie":"S\u00e9rie sentimentale","production":"","nationalite":"indienne","presentateurs":"","invites":"","realisateurs":"","acteurs":"Mohan Bhandari, Rakesh Bapat, Rajshree Thakur, Sharad Kelkar, Pratichee Mishra","url_site":"","mandat_debut":"","mandat_nb":"0","OAS_sitepage":"","connexes":[],"url_video":"","mandat_duree":""},{"id_diffusion":"103513620","code_programme":"","id_programme":"","titre":"La Teniente","sous_titre":"","accroche":"Juan Alejo fait partie des forces sp\u00e9ciales de l'arm\u00e9e du Mexique. Il est assassin\u00e9 par un tra\u00eetre au cours d'une op\u00e9ration de sauvetage d'immigrants s\u00e9questr\u00e9s. Son fr\u00e8re Nicol\u00e1s, qui appartient au m\u00eame bataillon, est t\u00e9moin de sa mort. La lieutenant Roberta Ballesteros obtient son dipl\u00f4me et int\u00e8gre les forces sp\u00e9ciales ce m\u00eame jour. Son oncle, Reygadas, l'invite \u00e0 visiter la base secr\u00e8te. C'est l\u00e0 qu'ils apprennent la nouvelle de la mort de Juan Alejo. Roberta parvient \u00e0 exfiltrer les hommes qui sont pi\u00e9g\u00e9s. A la surprise g\u00e9n\u00e9rale, elle est nomm\u00e9e pour succ\u00e9der \u00e0 Juan Alejo. Nicol\u00e1s n'appr\u00e9cie pas qu'une jeune recrue prenne la place de son fr\u00e8re...","url_image_racine":"\/staticftv\/ref_emissions\/2014-06-02\/EMI_467405_csa1","extension_image":"jpg","datemodif_image":"1401602254","chaine":"la_1ere","date":"2014-06-02","heure":"16:55","duree":"53","csa_code":"TP","csa_nom_long":"Tous publics","rubrique":"","genre_simplifie":"S\u00e9rie d'aventures","production":"","nationalite":"mexicaine","presentateurs":"","invites":"","realisateurs":"Conrado Martinez","acteurs":"V\u00edctor Gonz\u00e1lez, Luis C\u00e1rdenas, Armando Torrea, Mar\u00eda Fernanda Y\u00e9pes, Mat\u00edas Novoa, Hector Arredondo, Fernando Sarfatti, Sylvia Saenz","url_site":"","mandat_debut":"","mandat_nb":"0","OAS_sitepage":"","connexes":[],"url_video":"","mandat_duree":""},{"id_diffusion":"103513621","code_programme":"avenida_brasil_martinique","id_programme":"15303","titre":"Avenida Brasil","sous_titre":"","accroche":"Carminia souhaite s'isoler quelques temps. Tifon parle au m\u00e9decin et accepte une sortie provisoire. D\u00e9bora et Jorginho rompent d\u00e9finitivement...","url_image_racine":"\/staticftv\/ref_emissions\/2014-06-02\/COL_485458_csa1","extension_image":"jpg","datemodif_image":"1401602254","chaine":"la_1ere","date":"2014-06-02","heure":"17:48","duree":"46","csa_code":"TP","csa_nom_long":"Tous publics","rubrique":"S\u00e9rie & Fiction","genre_simplifie":"S\u00e9rie sentimentale","production":"","nationalite":"br\u00e9silien","presentateurs":"","invites":"","realisateurs":"","acteurs":"Adriana Esteves, Murilo Ben\u00edcio, Helo\u00edsa P\u00e9riss\u00e9, D\u00e9bora Falabella, Marcello Novaes, Eliane Glardini, Let\u00edcia Isnard","url_site":"http:\/\/martinique.la1ere.fr\/emissions","mandat_debut":"0","mandat_nb":"toutes","OAS_sitepage":"la_1ere\/seriefiction\/avenidabrasil","connexes":[],"url_video":"","mandat_duree":""},{"id_diffusion":"104065545","code_programme":"","id_programme":"","titre":"Destination Brasil","sous_titre":"","accroche":"","url_image_racine":"","extension_image":"","datemodif_image":"","chaine":"la_1ere","date":"2014-06-02","heure":"18:34","duree":"3","csa_code":"TP","csa_nom_long":"Tous publics","rubrique":"","genre_simplifie":"Documentaire","production":"","nationalite":"","presentateurs":"","invites":"","realisateurs":"","acteurs":"","url_site":"","mandat_debut":"","mandat_nb":"0","OAS_sitepage":"","connexes":[],"url_video":"","mandat_duree":""},{"id_diffusion":"103513622","code_programme":"","id_programme":"","titre":"En route vers Rio","sous_titre":"","accroche":"","url_image_racine":"","extension_image":"","datemodif_image":"","chaine":"la_1ere","date":"2014-06-02","heure":"18:37","duree":"5","csa_code":"TP","csa_nom_long":"Tous publics","rubrique":"","genre_simplifie":"Magazine sportif","production":"","nationalite":"","presentateurs":"","invites":"","realisateurs":"","acteurs":"","url_site":"","mandat_debut":"","mandat_nb":"0","OAS_sitepage":"","connexes":[],"url_video":"","mandat_duree":""},{"id_diffusion":"104065546","code_programme":"","id_programme":"","titre":"Destination Brasil","sous_titre":"","accroche":"","url_image_racine":"","extension_image":"","datemodif_image":"","chaine":"la_1ere","date":"2014-06-02","heure":"18:42","duree":"1","csa_code":"TP","csa_nom_long":"Tous publics","rubrique":"","genre_simplifie":"Documentaire","production":"","nationalite":"","presentateurs":"","invites":"","realisateurs":"","acteurs":"","url_site":"","mandat_debut":"","mandat_nb":"0","OAS_sitepage":"","connexes":[],"url_video":"","mandat_duree":""},{"id_diffusion":"103513623","code_programme":"","id_programme":"","titre":"Sommaire JT","sous_titre":"","accroche":"","url_image_racine":"","extension_image":"","datemodif_image":"","chaine":"la_1ere","date":"2014-06-02","heure":"18:43","duree":"1","csa_code":"TP","csa_nom_long":"Tous publics","rubrique":"","genre_simplifie":"Journal","production":"","nationalite":"","presentateurs":"","invites":"","realisateurs":"","acteurs":"","url_site":"","mandat_debut":"","mandat_nb":"0","OAS_sitepage":"","connexes":[],"url_video":"","mandat_duree":""},{"id_diffusion":"103513624","code_programme":"","id_programme":"","titre":"Cash","sous_titre":"","accroche":"","url_image_racine":"","extension_image":"","datemodif_image":"","chaine":"la_1ere","date":"2014-06-02","heure":"18:44","duree":"14","csa_code":"TP","csa_nom_long":"Tous publics","rubrique":"","genre_simplifie":"Jeu","production":"","nationalite":"","presentateurs":"","invites":"","realisateurs":"","acteurs":"","url_site":"","mandat_debut":"","mandat_nb":"0","OAS_sitepage":"","connexes":[],"url_video":"","mandat_duree":""},{"id_diffusion":"103513625","code_programme":"info_1ere","id_programme":"12018","titre":"JT Soir Martinique","sous_titre":"","accroche":"Une couverture compl\u00e8te de l'actualit\u00e9 du jour qu'elle soit locale, r\u00e9gionale, nationale ou internationale.","url_image_racine":"\/staticftv\/programmes\/12018_1377851964_csa1","extension_image":"jpg","datemodif_image":"1377851964","chaine":"la_1ere","date":"2014-06-02","heure":"18:58","duree":"32","csa_code":"TP","csa_nom_long":"Tous publics","rubrique":"Info","genre_simplifie":"Journal","production":"","nationalite":"","presentateurs":"","invites":"","realisateurs":"","acteurs":"","url_site":"","mandat_debut":"0","mandat_nb":"toutes","OAS_sitepage":"la_1ere\/info\/jtsoirmartinique","connexes":[],"url_video":"","mandat_duree":""},{"id_diffusion":"103513626","code_programme":"info_1ere","id_programme":"12018","titre":"JT Soir Martinique","sous_titre":"","accroche":"Une couverture compl\u00e8te de l'actualit\u00e9 du jour qu'elle soit locale, r\u00e9gionale, nationale ou internationale.","url_image_racine":"\/staticftv\/programmes\/12018_1377851964_csa1","extension_image":"jpg","datemodif_image":"1377851964","chaine":"la_1ere","date":"2014-06-02","heure":"19:30","duree":"29","csa_code":"TP","csa_nom_long":"Tous publics","rubrique":"Info","genre_simplifie":"Journal","production":"","nationalite":"","presentateurs":"","invites":"","realisateurs":"","acteurs":"","url_site":"","mandat_debut":"0","mandat_nb":"toutes","OAS_sitepage":"la_1ere\/info\/jtsoirmartinique","connexes":[],"url_video":"","mandat_duree":""},{"id_diffusion":"103513627","code_programme":"meteo_martinique_1ere","id_programme":"11541","titre":"M\u00e9t\u00e9o","sous_titre":"","accroche":"Bulletin m\u00e9t\u00e9o et pr\u00e9visions ","url_image_racine":"\/staticftv\/programmes\/11541_1345648719_csa1","extension_image":"jpg","datemodif_image":"1345648719","chaine":"la_1ere","date":"2014-06-02","heure":"19:59","duree":"4","csa_code":"TP","csa_nom_long":"Tous publics","rubrique":"Info","genre_simplifie":"M\u00e9t\u00e9o","production":"","nationalite":"","presentateurs":"","invites":"","realisateurs":"","acteurs":"","url_site":"","mandat_debut":"0","mandat_nb":"toutes","OAS_sitepage":"la_1ere\/info\/meteo","connexes":[],"url_video":"","mandat_duree":""},{"id_diffusion":"103513628","code_programme":"","id_programme":"","titre":"Les experts : Las Vegas","sous_titre":"Meurtre au paradis","accroche":"Un cadavre est retrouv\u00e9 mort dans un bain de boue au sein du centre spirituel d'Alan Quinn. La victime est Eric Wade, un employ\u00e9 d'une importante soci\u00e9t\u00e9 de produits pharmaceutiques, qui semble avoir \u00e9t\u00e9 noy\u00e9. Les experts m\u00e8nent l'enqu\u00eate, mais des analyses bouleversent les premi\u00e8res constatations. L'homme a succomb\u00e9 \u00e0 une \u00e9norme r\u00e9action allergique due \u00e0 une inhalation massive de latex. Les investigations s'orientent vers des coll\u00e8gues du d\u00e9funt. Des restes de pillules sont retrouv\u00e9es. Un laboratoire clandestin de fabrication de m\u00e9dicaments est d\u00e9couvert par les enqu\u00eateurs. De son c\u00f4t\u00e9, Hodge d\u00e9couvre le secret que lui cachait sa fianc\u00e9e...","url_image_racine":"\/staticftv\/ref_emissions\/2014-06-02\/EMI_469209_csa1","extension_image":"jpg","datemodif_image":"1401602254","chaine":"la_1ere","date":"2014-06-02","heure":"20:03","duree":"39","csa_code":"TP","csa_nom_long":"Tous publics","rubrique":"","genre_simplifie":"S\u00e9rie","production":"","nationalite":"am\u00e9ricaine","presentateurs":"","invites":"","realisateurs":"Eagle Egilsson","acteurs":"Jorja Fox, George Eads, Wallace Langham, Elisabeth Shue, Ted Danson, Eric Szmanda, Robert David Hall, David Berman","url_site":"","mandat_debut":"","mandat_nb":"0","OAS_sitepage":"","connexes":[],"url_video":"","mandat_duree":""},{"id_diffusion":"103513629","code_programme":"","id_programme":"","titre":"Les experts : Las Vegas","sous_titre":"La voix des morts","accroche":"Trois jeunes gens essaient de contacter l'esprit d'un meurtrier, Walter Simms, mort il y a vingt ans dans l'abattoir o\u00f9 il avait tu\u00e9 sept gar\u00e7ons. Soudain, l'un d'eux est tu\u00e9 de la m\u00eame mani\u00e8re que les victimes de Simms. L'\u00e9quipe soup\u00e7onne d'abord un des chasseurs de fant\u00f4mes, puis une femme, groupie du tueur. Une seconde victime est alors d\u00e9couverte sur les lieux. Cette enqu\u00eate est l'occasion pour Greg de parler \u00e0 Morgan de ses pouvoirs psychiques, h\u00e9rit\u00e9s de sa grand-m\u00e8re. Parall\u00e8lement, Sara apprend qu'un suspect li\u00e9 \u00e0 une affaire personnelle est sur le point d'obtenir une lib\u00e9ration conditionnelle...","url_image_racine":"\/staticftv\/ref_emissions\/2014-06-02\/COL_409117_csa1","extension_image":"jpg","datemodif_image":"1401602255","chaine":"la_1ere","date":"2014-06-02","heure":"20:42","duree":"42","csa_code":"TP","csa_nom_long":"Tous publics","rubrique":"","genre_simplifie":"S\u00e9rie","production":"","nationalite":"am\u00e9ricaine","presentateurs":"","invites":"","realisateurs":"Brad Tanenbaum","acteurs":"Jorja Fox, George Eads, Wallace Langham, Elisabeth Shue, Ted Danson, Elisabeth Harnois, Eric Szmanda, David Berman","url_site":"","mandat_debut":"","mandat_nb":"0","OAS_sitepage":"","connexes":[],"url_video":"","mandat_duree":""},{"id_diffusion":"103513630","code_programme":"","id_programme":"","titre":"Les experts : Las Vegas","sous_titre":"La Divine Com\u00e9die","accroche":"Les corps de trois prostitu\u00e9es et d'un prox\u00e9n\u00e8te sont retrouv\u00e9s \u00e0 des endroits diff\u00e9rents. Les experts comprennent qu'ils ont affaire \u00e0 un tueur en s\u00e9rie qui s'inspire de gravures illustrant les cercles de l'Enfer dans un volume du XVIe si\u00e8cle de \u00abLa Divine Com\u00e9die\u00bb, la c\u00e9l\u00e8bre oeuvre de Dante. A partir de ces \u00e9l\u00e9ments, Russell d\u00e9duit que le meurtrier va encore frapper cinq fois. Ce qui l'inqui\u00e8te est que la fille de Brass pourrait \u00eatre la prochaine victime. Afin de la prot\u00e9ger, Morgan accepte de servir d'app\u00e2t. Les enqu\u00eateurs esp\u00e8rent ainsi que le criminel s'en prendra \u00e0 elle et que ses coll\u00e8gues pourront intervenir...","url_image_racine":"\/staticftv\/ref_emissions\/2014-06-02\/EMI_471793_csa1","extension_image":"jpg","datemodif_image":"1401602255","chaine":"la_1ere","date":"2014-06-02","heure":"21:24","duree":"43","csa_code":"TP","csa_nom_long":"Tous publics","rubrique":"","genre_simplifie":"S\u00e9rie","production":"","nationalite":"am\u00e9ricaine","presentateurs":"","invites":"","realisateurs":"Alec Smight","acteurs":"Paul Guilfoyle, Jorja Fox, Annabella Sciorra, George Eads, Wallace Langham, Elisabeth Shue, Ted Danson, Ozzy Osbourne","url_site":"","mandat_debut":"","mandat_nb":"0","OAS_sitepage":"","connexes":[],"url_video":"","mandat_duree":""},{"id_diffusion":"103513631","code_programme":"","id_programme":"","titre":"FBI : port\u00e9s disparus","sous_titre":"Claire de Lune","accroche":"Dans un h\u00f4pital psychiatrique, une adolescente en crise, Claire Metcalf, est enferm\u00e9e par un aide-soignant dans une chambre d'isolement. Mais lorsqu'il revient un peu plus tard pour voir si elle s'est calm\u00e9e, il ne trouve plus trace de la patiente. Jack et son \u00e9quipe sont imm\u00e9diatement charg\u00e9s de retrouver la jeune fille. Au cours de leur enqu\u00eate, ils recoupent des informations contradictoires sur son \u00e9tat de sant\u00e9 mental. Son petit ami et un infirmier affirment que Claire n'a strictement aucun probl\u00e8me psychiatrique. D'autres \u00e9l\u00e9ments conduisent Danny et Samantha \u00e0 douter de la n\u00e9cessit\u00e9 de cet internement. Bient\u00f4t, ils font une d\u00e9couverte pour le moins spectaculaire...","url_image_racine":"\/staticftv\/ref_emissions\/2014-06-02\/EMI_50828_csa1","extension_image":"jpg","datemodif_image":"1401602255","chaine":"la_1ere","date":"2014-06-02","heure":"22:07","duree":"40","csa_code":"TP","csa_nom_long":"Tous publics","rubrique":"","genre_simplifie":"S\u00e9rie","production":"","nationalite":"am\u00e9ricaine","presentateurs":"","invites":"","realisateurs":"Mel Damski","acteurs":"Anthony LaPaglia, Scott Paulin, Eric Close, Marianne Jean-Baptiste, Jessica Lundy, Amber Tamblyn, Poppy Montgomery, Enrique Murciano","url_site":"","mandat_debut":"","mandat_nb":"0","OAS_sitepage":"","connexes":[],"url_video":"","mandat_duree":""},{"id_diffusion":"103513632","code_programme":"","id_programme":"","titre":"FBI : port\u00e9s disparus","sous_titre":"Une question d'honneur","accroche":"Jack et son \u00e9quipe sont \u00e0 la recherche de John Carver, un officier de l'arm\u00e9e am\u00e9ricaine retrait\u00e9 depuis peu, qui a myst\u00e9rieusement disparu apr\u00e8s un d\u00eener organis\u00e9 en son honneur par les anciens membres de la division dans laquelle il servait au Vi\u00eatnam. En interrogeant les personnes qui \u00e9taient pr\u00e9sentes \u00e0 cette soir\u00e9e, les enqu\u00eateurs s'aper\u00e7oivent qu'elles divergent dans leur compte-rendu d'un violent incident qui a eu lieu des ann\u00e9es plus t\u00f4t \u00e0 Kam Li, au Vi\u00eatnam. Cet \u00e9pisode semble susciter de nombreuses controverses. Jack et Martin se rendent \u00e0 Washington pour interroger un d\u00e9put\u00e9 qui pourrait \u00eatre m\u00eal\u00e9 \u00e0 cette \u00e9trange affaire...","url_image_racine":"\/staticftv\/ref_emissions\/2014-06-02\/EMI_31389_csa1","extension_image":"jpg","datemodif_image":"1401602255","chaine":"la_1ere","date":"2014-06-02","heure":"22:47","duree":"42","csa_code":"TP","csa_nom_long":"Tous publics","rubrique":"","genre_simplifie":"S\u00e9rie","production":"","nationalite":"am\u00e9ricaine","presentateurs":"","invites":"","realisateurs":"Randall Zisk","acteurs":"Anthony LaPaglia, Ernie Hudson, Steve Eastin, Eric Close, Marianne Jean-Baptiste, Poppy Montgomery, Sarah Brown, Enrique Murciano","url_site":"","mandat_debut":"","mandat_nb":"0","OAS_sitepage":"","connexes":[],"url_video":"","mandat_duree":""},{"id_diffusion":"103513633","code_programme":"","id_programme":"","titre":"L'attaque","sous_titre":"Votre argent m'int\u00e9resse","accroche":"A l'occasion d'un improbable braquage, une dizaine de personnes se retrouvent enferm\u00e9es dans une banque, pris en otages par quatre bandits, et, confront\u00e9s \u00e0 la violence des \u00e9v\u00e9nements, se r\u00e9v\u00e8lent pour le meilleur et pour le pire...","url_image_racine":"\/staticftv\/ref_emissions\/2014-06-02\/EMI_445429_csa1","extension_image":"jpg","datemodif_image":"1401602255","chaine":"la_1ere","date":"2014-06-02","heure":"23:29","duree":"47","csa_code":"TP","csa_nom_long":"Tous publics","rubrique":"","genre_simplifie":"S\u00e9rie","production":"","nationalite":"fran\u00e7aise","presentateurs":"","invites":"","realisateurs":"Alexandre Pidoux","acteurs":"Fran\u00e7ois-Eric Gendron, Elisabeth Commelin, Lionnel Astier, Delphine Rollin, Arnaud Ducret, Ralph Amoussou, Blandine Bellavoir, Slimane Yefsah","url_site":"","mandat_debut":"","mandat_nb":"0","OAS_sitepage":"","connexes":[],"url_video":"","mandat_duree":""},{"id_diffusion":"103513634","code_programme":"","id_programme":"","titre":"Les Cordier, juge et flic","sous_titre":"Saut p\u00e9rilleux","accroche":"Le juge et le commissaire Cordier travaillent cette fois main dans la main. Un enfant, laveur de pare-brise, vient de mourir, fauch\u00e9 par une voiture. Le chauffard n'a m\u00eame pas daign\u00e9 s'arr\u00eater. L'enqu\u00eate conduit le magistrat et le policier sur la piste d'artistes de cirque, qui pourraient bien avoir des \u00e9l\u00e9ments \u00e0 fournir aux deux repr\u00e9sentants de l'ordre. Lorsque le p\u00e8re de la victime est \u00e0 son tour assassin\u00e9, l'affaire se complique s\u00e9rieusement. L'enfant a peut-\u00eatre \u00e9t\u00e9 la victime d'un meurtre. Mais qui peut bien en vouloir \u00e0 un gamin ? Les Cordier, qui n'excluent aucune possibilit\u00e9, sont pr\u00eats \u00e0 tout entendre. Mais dans le milieu du cirque, la solidarit\u00e9 est tr\u00e8s forte et les langues se d\u00e9lient peu...","url_image_racine":"\/staticftv\/ref_emissions\/2014-06-02\/EMI_100740_csa1","extension_image":"jpg","datemodif_image":"1401602255","chaine":"la_1ere","date":"2014-06-03","heure":"00:16","duree":"92","csa_code":"TP","csa_nom_long":"Tous publics","rubrique":"","genre_simplifie":"T\u00e9l\u00e9film policier","production":"","nationalite":"fran\u00e7ais","presentateurs":"","invites":"","realisateurs":"Gilles B\u00e9hat","acteurs":"Pierre Mondy, Bruno Madinier, Antonella Lualdi, Charlotte Valandrey, Jean-Jacques Moreau, Bernard Haller, Jean-Michel Dupuis, Pierre-Arnaud Juin","url_site":"","mandat_debut":"","mandat_nb":"0","OAS_sitepage":"","connexes":[],"url_video":"","mandat_duree":""},{"id_diffusion":"103513635","code_programme":"","id_programme":"","titre":"Fais pas ci, fais pas \u00e7a","sous_titre":"Plein la t\u00eate","accroche":"Au d\u00e9but de l'ann\u00e9e scolaire, les parents doivent choisir les activit\u00e9s parascolaires de leurs enfants. Les Bouley sont pour le moins surpris lorsqu'Eliott annonce qu'il veut absolument suivre le cat\u00e9chisme pour donner un sens \u00e0 sa vie. Toute la famille commence alors \u00e0 se remettre en question...","url_image_racine":"\/staticftv\/ref_emissions\/2014-06-02\/EMI_287540_csa1","extension_image":"jpg","datemodif_image":"1401602255","chaine":"la_1ere","date":"2014-06-03","heure":"01:48","duree":"38","csa_code":"TP","csa_nom_long":"Tous publics","rubrique":"","genre_simplifie":"S\u00e9rie humoristique","production":"","nationalite":"fran\u00e7aise","presentateurs":"","invites":"","realisateurs":"Pascal Chaumeil","acteurs":"Isabelle G\u00e9linas, Val\u00e9rie Bonneton, Bruno Salomone, Yaniss Lespert, Guillaume de Tonqu\u00e9dec, Tiphaine Haas, Alexandra Gentil, Lilian Dugois","url_site":"","mandat_debut":"","mandat_nb":"0","OAS_sitepage":"","connexes":[],"url_video":"","mandat_duree":""},{"id_diffusion":"103513636","code_programme":"","id_programme":"","titre":"Nestor Burma","sous_titre":"Du Rebecca rue des Rosiers","accroche":"Sur l'\u00eele Saint-Louis, dans l'atelier d'un peintre de renom, Fernand Bachet, on trouve le cadavre d'une jeune femme. Bachet, qui craint le scandale plus que tout, fait discr\u00e8tement appel \u00e0 Nestor Burma. Jacques Leuvrais, un journaliste ami de la victime, livre quelques informations. La morte s'appelait Rachel Abramovitch et ses parents sont morts il y a longtemps, dans un attentat \u00e0 J\u00e9rusalem. Burma poursuit son enqu\u00eate aupr\u00e8s de la famille adoptive de Rachel, les Blum, rue des Rosiers, lorsque deux molosses, au service d'un mafieux sp\u00e9cialis\u00e9 dans l'import-export, lui tombent dessus \u00e0 bras raccourcis. Y a-t-il un rapport avec le meurtre ? Remis de ses \u00e9motions, Burma creuse son sillon...","url_image_racine":"\/staticftv\/ref_emissions\/2014-06-02\/EMI_151475_csa1","extension_image":"jpg","datemodif_image":"1401602255","chaine":"la_1ere","date":"2014-06-03","heure":"02:26","duree":"85","csa_code":"TP","csa_nom_long":"Tous publics","rubrique":"","genre_simplifie":"T\u00e9l\u00e9film policier","production":"","nationalite":"franco-belge","presentateurs":"","invites":"","realisateurs":"Maurice Frydland","acteurs":"Marcel Bluwal, Guy Marchand, Pierre Tornade, Michel Fortin, Vania Vilers, Natacha Lindinger, Lionnel Astier, Jacques Lalandes","url_site":"","mandat_debut":"","mandat_nb":"0","OAS_sitepage":"","connexes":[],"url_video":"","mandat_duree":""},{"id_diffusion":"103513637","code_programme":"","id_programme":"","titre":"La pirogue du coeur","sous_titre":"","accroche":"En 2009, \u00e0 Tahanea aux Tuamotu en Polyn\u00e9sie fran\u00e7aise, Francis Gazeau bricole un kayak pour en faire une pirogue \u00e0 balancier et \u00e0 voile. Apr\u00e8s un an pass\u00e9 seul sur cet atoll d\u00e9sert, il continue aujourd'hui son combat en faveur du don d'organes en allant cette fois \u00e0 la rencontre des gens, reliant huit atolls des Tuamotu avec une pirogue \u00e0 voile inspir\u00e9e de celle fabriqu\u00e9e \u00e0 Tahanea.","url_image_racine":"\/staticftv\/ref_emissions\/2014-06-02\/EMI_468177_csa1","extension_image":"jpg","datemodif_image":"1401602256","chaine":"la_1ere","date":"2014-06-03","heure":"03:51","duree":"51","csa_code":"TP","csa_nom_long":"Tous publics","rubrique":"","genre_simplifie":"Documentaire scientifique","production":"","nationalite":"fran\u00e7ais","presentateurs":"","invites":"","realisateurs":"Jacques Navarro","acteurs":"","url_site":"","mandat_debut":"","mandat_nb":"0","OAS_sitepage":"","connexes":[],"url_video":"","mandat_duree":""},{"id_diffusion":"104139758","code_programme":"","id_programme":"","titre":"Marqu\u00e9s \u00e0 vie","sous_titre":"","accroche":"Au Salvador, au Guatemala ou au Honduras, les cimeti\u00e8res sont remplis d'adolescents qui n'ont m\u00eame pas eu le temps de se projeter dans l'avenir. Membres de gangs, les tatouages qu'ils arborent fi\u00e8rement sur leur corps et parfois m\u00eame sur leur visage indiquent \u00e0 quelle bande - pandilla ou mara - ils appartiennent. Ces marques ind\u00e9l\u00e9biles d'all\u00e9geance au gang leur permettent aussi de reconna\u00eetre ais\u00e9ment leurs ennemis, ceux qui habitent simplement dans la rue d'\u00e0 c\u00f4t\u00e9.","url_image_racine":"","extension_image":"","datemodif_image":"","chaine":"la_1ere","date":"2014-06-03","heure":"04:42","duree":"48","csa_code":"TP","csa_nom_long":"Tous publics","rubrique":"","genre_simplifie":"Documentaire de soci\u00e9t\u00e9","production":"","nationalite":"","presentateurs":"","invites":"","realisateurs":"","acteurs":"","url_site":"","mandat_debut":"","mandat_nb":"0","OAS_sitepage":"","connexes":[],"url_video":"","mandat_duree":""}]}