{"journee":{"date":"2014-06-02","nb_prog":51},"programmes":[{"id_diffusion":"103771341","code_programme":"","id_programme":"","titre":"Just Married...","sous_titre":"En Inde","accroche":"La pr\u00e9paration d'un mariage est une occasion unique de d\u00e9couvrir une culture : Aur\u00e9lie et Laurent assistent \u00e0 des unions en Inde avant de se dire \u00aboui\u00bb.","url_image_racine":"","extension_image":"","datemodif_image":"","chaine":"la_1ere","date":"2014-06-02","heure":"05:04","duree":"27","csa_code":"TP","csa_nom_long":"Tous publics","rubrique":"","genre_simplifie":"Documentaire de soci\u00e9t\u00e9","production":"","nationalite":"fran\u00e7ais","presentateurs":"","invites":"","realisateurs":"S\u00e9bastien Oberl\u00e9, Laurent Granier","acteurs":"","url_site":"","mandat_debut":"","mandat_nb":"0","OAS_sitepage":"","connexes":[],"url_video":"","mandat_duree":""},{"id_diffusion":"103771342","code_programme":"","id_programme":"","titre":"Chants femmes de Mayotte","sous_titre":"Madrassaty Bandrabassi de Pamandzi","accroche":"","url_image_racine":"","extension_image":"","datemodif_image":"","chaine":"la_1ere","date":"2014-06-02","heure":"05:31","duree":"14","csa_code":"TP","csa_nom_long":"Tous publics","rubrique":"","genre_simplifie":"Spectacle","production":"","nationalite":"","presentateurs":"","invites":"","realisateurs":"","acteurs":"","url_site":"","mandat_debut":"","mandat_nb":"0","OAS_sitepage":"","connexes":[],"url_video":"","mandat_duree":""},{"id_diffusion":"103771343","code_programme":"","id_programme":"","titre":"64 rue du zoo","sous_titre":"","accroche":"Les voisins de Lucie sont bien \u00e9tranges, et pour cause, ce sont les pensionnaires d'un parc zoologique. Chaque nuit, quand le gardien s'est assoupi, son amie la girafe sert de guide \u00e0 Lucie, lui fait rencontrer une nouvelle esp\u00e8ce d'animaux en lui d\u00e9voilant toutes leurs particularit\u00e9s.","url_image_racine":"\/staticftv\/ref_emissions\/2014-06-02\/COL_392641_csa1","extension_image":"jpg","datemodif_image":"1401688609","chaine":"la_1ere","date":"2014-06-02","heure":"05:45","duree":"11","csa_code":"TP","csa_nom_long":"Tous publics","rubrique":"","genre_simplifie":"Dessin anim\u00e9","production":"","nationalite":"fran\u00e7ais","presentateurs":"","invites":"","realisateurs":"","acteurs":"","url_site":"","mandat_debut":"","mandat_nb":"0","OAS_sitepage":"","connexes":[],"url_video":"","mandat_duree":""},{"id_diffusion":"103771344","code_programme":"","id_programme":"","titre":"Commandant Clark","sous_titre":"","accroche":"Pilot\u00e9 par le commandant Clark, un chien courageux, l'Arche explore des zones encore inconnues de la Sunny Galaxy et tente de tenir les affreux Animatronix \u00e0 distance. L'\u00e9quipage de ce vaisseau de patrouille est constitu\u00e9 d'animaux pour le moins originaux.","url_image_racine":"\/staticftv\/ref_emissions\/2014-06-02\/COL_224177_csa1","extension_image":"jpg","datemodif_image":"1401688609","chaine":"la_1ere","date":"2014-06-02","heure":"05:56","duree":"12","csa_code":"TP","csa_nom_long":"Tous publics","rubrique":"","genre_simplifie":"S\u00e9rie d'animation","production":"","nationalite":"fran\u00e7aise","presentateurs":"","invites":"","realisateurs":"Norman Leblanc","acteurs":"","url_site":"","mandat_debut":"","mandat_nb":"0","OAS_sitepage":"","connexes":[],"url_video":"","mandat_duree":""},{"id_diffusion":"103771345","code_programme":"","id_programme":"","titre":"Commandant Clark","sous_titre":"","accroche":"Pilot\u00e9 par le commandant Clark, un chien courageux, l'Arche explore des zones encore inconnues de la Sunny Galaxy et tente de tenir les affreux Animatronix \u00e0 distance. L'\u00e9quipage de ce vaisseau de patrouille est constitu\u00e9 d'animaux pour le moins originaux.","url_image_racine":"\/staticftv\/ref_emissions\/2014-06-02\/COL_224177_csa1","extension_image":"jpg","datemodif_image":"1401688609","chaine":"la_1ere","date":"2014-06-02","heure":"06:08","duree":"12","csa_code":"TP","csa_nom_long":"Tous publics","rubrique":"","genre_simplifie":"S\u00e9rie d'animation","production":"","nationalite":"fran\u00e7aise","presentateurs":"","invites":"","realisateurs":"Norman Leblanc","acteurs":"","url_site":"","mandat_debut":"","mandat_nb":"0","OAS_sitepage":"","connexes":[],"url_video":"","mandat_duree":""},{"id_diffusion":"103771346","code_programme":"","id_programme":"","titre":"Wakfu","sous_titre":"L'arbre de vie","accroche":"Le roi Sadida est au chevet de l'Arbre de vie, coeur du royaume Sadida, qui est myst\u00e9rieusement malade. Outrepassant l'interdiction du prince Armand, Amalia et Evangelyne se rendent aupr\u00e8s du Roi pour le pr\u00e9venir de l'attaque imminente du royaume par Nox...","url_image_racine":"\/staticftv\/ref_emissions\/2014-06-02\/EMI_354912_csa1","extension_image":"jpg","datemodif_image":"1401688609","chaine":"la_1ere","date":"2014-06-02","heure":"06:20","duree":"22","csa_code":"TP","csa_nom_long":"Tous publics","rubrique":"","genre_simplifie":"Dessin anim\u00e9","production":"","nationalite":"fran\u00e7ais","presentateurs":"","invites":"","realisateurs":"","acteurs":"","url_site":"","mandat_debut":"","mandat_nb":"0","OAS_sitepage":"","connexes":[],"url_video":"","mandat_duree":""},{"id_diffusion":"103771347","code_programme":"","id_programme":"","titre":"Pop Pixie","sous_titre":"Le champignon mal\u00e9fique","accroche":"Les aventures des mini-f\u00e9es des Winx, accompagn\u00e9es de leurs amis les lutins.","url_image_racine":"\/staticftv\/ref_emissions\/2014-06-02\/EMI_251839_csa1","extension_image":"jpg","datemodif_image":"1401688609","chaine":"la_1ere","date":"2014-06-02","heure":"06:42","duree":"18","csa_code":"TP","csa_nom_long":"Tous publics","rubrique":"","genre_simplifie":"S\u00e9rie d'animation","production":"","nationalite":"italienne","presentateurs":"","invites":"","realisateurs":"","acteurs":"","url_site":"","mandat_debut":"","mandat_nb":"0","OAS_sitepage":"","connexes":[],"url_video":"","mandat_duree":""},{"id_diffusion":"103771348","code_programme":"","id_programme":"","titre":"Amour, gloire et beaut\u00e9","sous_titre":"","accroche":"Taylor confie \u00e0 Ridge ses inqui\u00e9tudes au sujet de Thomas, parti en Australie avec Brooke. Pendant ce temps, Steffy fait part \u00e0 son p\u00e8re de son envie d'occuper un poste \u00e0 responsabilit\u00e9 au sein de la soci\u00e9t\u00e9. Pour Bill et Katie, l'heure de la premi\u00e8re session de th\u00e9rapie de couple est venue...","url_image_racine":"\/staticftv\/ref_emissions\/2014-06-02\/EMI_229269_csa1","extension_image":"jpg","datemodif_image":"1401688609","chaine":"la_1ere","date":"2014-06-02","heure":"07:00","duree":"23","csa_code":"TP","csa_nom_long":"Tous publics","rubrique":"","genre_simplifie":"S\u00e9rie sentimentale","production":"","nationalite":"am\u00e9ricain","presentateurs":"","invites":"","realisateurs":"Deveney Kelly","acteurs":"Ronn Moss, John McCook, Katherine Kelly Lang, Don Diamont, Adam Gregory, Kim Matula, Kristolyn Lloyd, Ciara Hanna","url_site":"","mandat_debut":"","mandat_nb":"0","OAS_sitepage":"","connexes":[],"url_video":"","mandat_duree":""},{"id_diffusion":"103771349","code_programme":"","id_programme":"","titre":"Plus belle la vie","sous_titre":"","accroche":"Samia et Boher se retrouvent charg\u00e9s d'une mission un peu d\u00e9licate. Guillaume se plonge dans des lectures qui le terrifient, \u00e0 l'inverse de celles de Thomas et Riva...","url_image_racine":"\/staticftv\/ref_emissions\/2014-06-02\/COL_388983_csa1","extension_image":"jpg","datemodif_image":"1401688609","chaine":"la_1ere","date":"2014-06-02","heure":"07:23","duree":"25","csa_code":"TP","csa_nom_long":"Tous publics","rubrique":"","genre_simplifie":"S\u00e9rie","production":"","nationalite":"fran\u00e7ais","presentateurs":"","invites":"","realisateurs":"Michel Hassan","acteurs":"Virgile Bayle, Rebecca Hampton, Rachid Hafassa, Laurent Kerusor\u00e9, Fabienne Carat, St\u00e9phane Henon, Joakim Latzko, Geoffrey Piet","url_site":"","mandat_debut":"","mandat_nb":"0","OAS_sitepage":"","connexes":[],"url_video":"","mandat_duree":""},{"id_diffusion":"103726112","code_programme":"","id_programme":"","titre":"Avenida Brasil","sous_titre":"","accroche":"Nina remet l'argent de Carminia \u00e0 Max pour qu'il ne la trahisse pas. Jorginho m\u00e8ne son enqu\u00eate et interroge Santiago mais ce dernier affirme ne pas conna\u00eetre Carminia...","url_image_racine":"\/staticftv\/ref_emissions\/2014-06-02\/COL_485458_csa1","extension_image":"jpg","datemodif_image":"1401688609","chaine":"la_1ere","date":"2014-06-02","heure":"07:48","duree":"51","csa_code":"TP","csa_nom_long":"Tous publics","rubrique":"","genre_simplifie":"S\u00e9rie sentimentale","production":"","nationalite":"br\u00e9silien","presentateurs":"","invites":"","realisateurs":"","acteurs":"Adriana Esteves, Murilo Ben\u00edcio, Helo\u00edsa P\u00e9riss\u00e9, D\u00e9bora Falabella, Marcello Novaes, Eliane Glardini, Let\u00edcia Isnard","url_site":"","mandat_debut":"","mandat_nb":"0","OAS_sitepage":"","connexes":[],"url_video":"","mandat_duree":""},{"id_diffusion":"103726113","code_programme":"","id_programme":"","titre":"Fais pas ci, fais pas \u00e7a","sous_titre":"Plein la t\u00eate","accroche":"Au d\u00e9but de l'ann\u00e9e scolaire, les parents doivent choisir les activit\u00e9s parascolaires de leurs enfants. Les Bouley sont pour le moins surpris lorsqu'Eliott annonce qu'il veut absolument suivre le cat\u00e9chisme pour donner un sens \u00e0 sa vie. Toute la famille commence alors \u00e0 se remettre en question...","url_image_racine":"\/staticftv\/ref_emissions\/2014-06-02\/EMI_287540_csa1","extension_image":"jpg","datemodif_image":"1401688609","chaine":"la_1ere","date":"2014-06-02","heure":"08:39","duree":"45","csa_code":"TP","csa_nom_long":"Tous publics","rubrique":"","genre_simplifie":"S\u00e9rie humoristique","production":"","nationalite":"fran\u00e7aise","presentateurs":"","invites":"","realisateurs":"Pascal Chaumeil","acteurs":"Isabelle G\u00e9linas, Val\u00e9rie Bonneton, Bruno Salomone, Yaniss Lespert, Guillaume de Tonqu\u00e9dec, Tiphaine Haas, Alexandra Gentil, Lilian Dugois","url_site":"","mandat_debut":"","mandat_nb":"0","OAS_sitepage":"","connexes":[],"url_video":"","mandat_duree":""},{"id_diffusion":"103771350","code_programme":"","id_programme":"","titre":"Les \u00eeles d'en face","sous_titre":"","accroche":"Une plong\u00e9e dans le quotidien des habitants de Polyn\u00e9sie, Nouvelle-Cal\u00e9donie, Martinique, Guadeloupe et R\u00e9union, avec leurs lubies et leurs chamailleries.","url_image_racine":"\/staticftv\/ref_emissions\/2014-06-02\/COL_458620_csa1","extension_image":"jpg","datemodif_image":"1401688610","chaine":"la_1ere","date":"2014-06-02","heure":"09:24","duree":"6","csa_code":"TP","csa_nom_long":"Tous publics","rubrique":"","genre_simplifie":"S\u00e9rie humoristique","production":"","nationalite":"fran\u00e7aise","presentateurs":"","invites":"","realisateurs":"Philippe Giangreco","acteurs":"Firmine Richard, Jean-Laurent Faubourg, Jean-Marc Joachim, Ya\u00eblle Trul\u00e8s, Talia Valenta","url_site":"","mandat_debut":"","mandat_nb":"0","OAS_sitepage":"","connexes":[],"url_video":"","mandat_duree":""},{"id_diffusion":"103726114","code_programme":"","id_programme":"","titre":"Matin France 2","sous_titre":"","accroche":"","url_image_racine":"","extension_image":"","datemodif_image":"","chaine":"la_1ere","date":"2014-06-02","heure":"09:30","duree":"27","csa_code":"TP","csa_nom_long":"Tous publics","rubrique":"","genre_simplifie":"Magazine de soci\u00e9t\u00e9","production":"","nationalite":"","presentateurs":"","invites":"","realisateurs":"","acteurs":"","url_site":"","mandat_debut":"","mandat_nb":"0","OAS_sitepage":"","connexes":[],"url_video":"","mandat_duree":""},{"id_diffusion":"103726115","code_programme":"","id_programme":"","titre":"Tout le monde veut prendre sa place","sous_titre":"","accroche":"Six candidats affrontent un \u00abchampion\u00bb autour d'une s\u00e9rie de jeux. Celui ou celle qui parviendra \u00e0 le d\u00e9loger deviendra le nouveau champion.","url_image_racine":"\/staticftv\/ref_emissions\/2014-06-02\/COL_294950_csa1","extension_image":"jpg","datemodif_image":"1401688610","chaine":"la_1ere","date":"2014-06-02","heure":"09:57","duree":"47","csa_code":"TP","csa_nom_long":"Tous publics","rubrique":"","genre_simplifie":"Jeu","production":"","nationalite":"","presentateurs":" Nagui","invites":"","realisateurs":"","acteurs":"","url_site":"","mandat_debut":"","mandat_nb":"0","OAS_sitepage":"","connexes":[],"url_video":"","mandat_duree":""},{"id_diffusion":"103726116","code_programme":"","id_programme":"","titre":"Questions pour un champion","sous_titre":"","accroche":"Les \u00abneuf points gagnants\u00bb, le \u00abquatre \u00e0 la suite\u00bb, le \u00abface-\u00e0-face\u00bb et la d\u00e9contraction de Julien Lepers : c'est la recette de \u00abQuestions pour un champion\u00bb.","url_image_racine":"\/staticftv\/ref_emissions\/2014-06-02\/COL_382965_csa1","extension_image":"jpg","datemodif_image":"1401688610","chaine":"la_1ere","date":"2014-06-02","heure":"10:44","duree":"63","csa_code":"TP","csa_nom_long":"Tous publics","rubrique":"","genre_simplifie":"Jeu","production":"","nationalite":"","presentateurs":"Julien Lepers","invites":"","realisateurs":"","acteurs":"","url_site":"","mandat_debut":"","mandat_nb":"0","OAS_sitepage":"","connexes":[],"url_video":"","mandat_duree":""},{"id_diffusion":"104134094","code_programme":"","id_programme":"","titre":"Modern Family","sous_titre":"La mariodie","accroche":"La meilleure amie de Mitch et Cam se marie. Gloria a, quant \u00e0 elle, des doutes sur sa nouvelle nourrice pendant que Claire passe du temps avec Haley et que Phil aide Luke \u00e0 s\u00e9duire une fille...","url_image_racine":"\/staticftv\/ref_emissions\/2014-06-02\/EMI_445982_csa1","extension_image":"jpg","datemodif_image":"1401688610","chaine":"la_1ere","date":"2014-06-02","heure":"11:47","duree":"21","csa_code":"TP","csa_nom_long":"Tous publics","rubrique":"","genre_simplifie":"S\u00e9rie humoristique","production":"","nationalite":"am\u00e9ricaine","presentateurs":"","invites":"","realisateurs":"Steven Levitan","acteurs":"Julie Bowen, Sarah Hyland, Ed O'Neil, Eric Stonestreet, Ty Burrell, Sof\u00eda Vergara, Jesse Tyler Ferguson, Rico Rodriguez","url_site":"","mandat_debut":"","mandat_nb":"0","OAS_sitepage":"","connexes":[],"url_video":"","mandat_duree":""},{"id_diffusion":"103726117","code_programme":"","id_programme":"","titre":"La Teniente","sous_titre":"","accroche":"Roberta Ballesteros est une femme forte, opini\u00e2tre, disciplin\u00e9e et sensible, confront\u00e9e \u00e0 un monde d'hommes o\u00f9 r\u00e8gnent le danger et l'action. A la t\u00eate de l'unit\u00e9 Platoon au sein de la base des forces sp\u00e9ciales de la Marine mexicaine, elle est la premi\u00e8re femme \u00e0 atteindre un niveau aussi \u00e9lev\u00e9 dans cette prestigieuse institution. Si Roberta doit prouver qu'elle est la meilleure, elle s'efforce surtout de gagner la confiance des membres de son \u00e9quipe, un escadron charg\u00e9 des missions difficiles. Elle tente \u00e9galement de faire toute la lumi\u00e8re sur une trahison qui a co\u00fbt\u00e9 la vie \u00e0 son pr\u00e9d\u00e9cesseur.","url_image_racine":"\/staticftv\/ref_emissions\/2014-06-02\/COL_467405_csa1","extension_image":"jpg","datemodif_image":"1401688610","chaine":"la_1ere","date":"2014-06-02","heure":"12:08","duree":"46","csa_code":"TP","csa_nom_long":"Tous publics","rubrique":"","genre_simplifie":"S\u00e9rie d'aventures","production":"","nationalite":"mexicaine","presentateurs":"","invites":"","realisateurs":"","acteurs":"Armando Torrea, Mar\u00eda Fernanda Y\u00e9pes, Mat\u00edas Novoa, Hector Arredondo, Fernando Sarfatti, Sylvia Saenz","url_site":"","mandat_debut":"","mandat_nb":"0","OAS_sitepage":"","connexes":[],"url_video":"","mandat_duree":""},{"id_diffusion":"103771353","code_programme":"","id_programme":"","titre":"La petite collection couleurs Outremers","sous_titre":"Beaut\u00e9 mahoraise (Mayotte)","accroche":"","url_image_racine":"\/staticftv\/ref_emissions\/2014-06-02\/COL_267357_csa1","extension_image":"jpg","datemodif_image":"1401688610","chaine":"la_1ere","date":"2014-06-02","heure":"12:54","duree":"6","csa_code":"TP","csa_nom_long":"Tous publics","rubrique":"","genre_simplifie":"Documentaire de soci\u00e9t\u00e9","production":"","nationalite":"","presentateurs":"","invites":"","realisateurs":"","acteurs":"","url_site":"","mandat_debut":"","mandat_nb":"0","OAS_sitepage":"","connexes":[],"url_video":"","mandat_duree":""},{"id_diffusion":"103726118","code_programme":"le_13h_journal_tout_en_images","id_programme":"12517","titre":"JT tout-image","sous_titre":"","accroche":"L'essentiel de l'actualit\u00e9 locale et r\u00e9gionale illustr\u00e9e par des reportages","url_image_racine":"\/staticftv\/programmes\/12517_1360141689_csa1","extension_image":"jpg","datemodif_image":"1360141689","chaine":"la_1ere","date":"2014-06-02","heure":"13:00","duree":"10","csa_code":"TP","csa_nom_long":"Tous publics","rubrique":"Info","genre_simplifie":"Journal","production":"","nationalite":"","presentateurs":"","invites":"","realisateurs":"","acteurs":"","url_site":"http:\/\/mayotte.la1ere.fr\/","mandat_debut":"0","mandat_nb":"toutes","OAS_sitepage":"la_1ere\/info\/jttoutimage","connexes":[],"url_video":"","mandat_duree":""},{"id_diffusion":"103771354","code_programme":"","id_programme":"","titre":"Consomag","sous_titre":"","accroche":"","url_image_racine":"","extension_image":"","datemodif_image":"","chaine":"la_1ere","date":"2014-06-02","heure":"13:10","duree":"3","csa_code":"TP","csa_nom_long":"Tous publics","rubrique":"","genre_simplifie":"Magazine de services","production":"","nationalite":"","presentateurs":"","invites":"","realisateurs":"","acteurs":"","url_site":"","mandat_debut":"","mandat_nb":"0","OAS_sitepage":"","connexes":[],"url_video":"","mandat_duree":""},{"id_diffusion":"103726119","code_programme":"","id_programme":"","titre":"Novelitas","sous_titre":"Pitbull, la revanche du petit ca\u00efd","accroche":"","url_image_racine":"","extension_image":"","datemodif_image":"","chaine":"la_1ere","date":"2014-06-02","heure":"13:13","duree":"11","csa_code":"TP","csa_nom_long":"Tous publics","rubrique":"","genre_simplifie":"Magazine de soci\u00e9t\u00e9","production":"","nationalite":"","presentateurs":"","invites":"","realisateurs":"","acteurs":"","url_site":"","mandat_debut":"","mandat_nb":"0","OAS_sitepage":"","connexes":[],"url_video":"","mandat_duree":""},{"id_diffusion":"103726120","code_programme":"","id_programme":"","titre":"Le triomphe de l'amour","sous_titre":"","accroche":"","url_image_racine":"","extension_image":"","datemodif_image":"","chaine":"la_1ere","date":"2014-06-02","heure":"13:24","duree":"46","csa_code":"TP","csa_nom_long":"Tous publics","rubrique":"","genre_simplifie":"S\u00e9rie sentimentale","production":"","nationalite":"mexicain","presentateurs":"","invites":"","realisateurs":"","acteurs":"C\u00e9sar Evora, Daniela Romo, Victoria Ruffo, Diego Olivera, William Levy, Maite Perroni, Osvaldo R\u00edos","url_site":"","mandat_debut":"","mandat_nb":"0","OAS_sitepage":"","connexes":[],"url_video":"","mandat_duree":""},{"id_diffusion":"103726121","code_programme":"","id_programme":"","titre":"Le triomphe de l'amour","sous_titre":"","accroche":"","url_image_racine":"","extension_image":"","datemodif_image":"","chaine":"la_1ere","date":"2014-06-02","heure":"14:10","duree":"45","csa_code":"TP","csa_nom_long":"Tous publics","rubrique":"","genre_simplifie":"S\u00e9rie sentimentale","production":"","nationalite":"mexicain","presentateurs":"","invites":"","realisateurs":"","acteurs":"C\u00e9sar Evora, Daniela Romo, Victoria Ruffo, Diego Olivera, William Levy, Maite Perroni, Osvaldo R\u00edos","url_site":"","mandat_debut":"","mandat_nb":"0","OAS_sitepage":"","connexes":[],"url_video":"","mandat_duree":""},{"id_diffusion":"103726122","code_programme":"","id_programme":"","titre":"La force du coeur","sous_titre":"","accroche":"","url_image_racine":"","extension_image":"","datemodif_image":"","chaine":"la_1ere","date":"2014-06-02","heure":"14:55","duree":"45","csa_code":"TP","csa_nom_long":"Tous publics","rubrique":"","genre_simplifie":"S\u00e9rie sentimentale","production":"","nationalite":"","presentateurs":"","invites":"","realisateurs":"","acteurs":"","url_site":"","mandat_debut":"","mandat_nb":"0","OAS_sitepage":"","connexes":[],"url_video":"","mandat_duree":""},{"id_diffusion":"103726123","code_programme":"","id_programme":"","titre":"La force du coeur","sous_titre":"","accroche":"","url_image_racine":"","extension_image":"","datemodif_image":"","chaine":"la_1ere","date":"2014-06-02","heure":"15:40","duree":"44","csa_code":"TP","csa_nom_long":"Tous publics","rubrique":"","genre_simplifie":"S\u00e9rie sentimentale","production":"","nationalite":"","presentateurs":"","invites":"","realisateurs":"","acteurs":"","url_site":"","mandat_debut":"","mandat_nb":"0","OAS_sitepage":"","connexes":[],"url_video":"","mandat_duree":""},{"id_diffusion":"103726124","code_programme":"","id_programme":"","titre":"La force du coeur","sous_titre":"","accroche":"","url_image_racine":"","extension_image":"","datemodif_image":"","chaine":"la_1ere","date":"2014-06-02","heure":"16:24","duree":"44","csa_code":"TP","csa_nom_long":"Tous publics","rubrique":"","genre_simplifie":"S\u00e9rie sentimentale","production":"","nationalite":"","presentateurs":"","invites":"","realisateurs":"","acteurs":"","url_site":"","mandat_debut":"","mandat_nb":"0","OAS_sitepage":"","connexes":[],"url_video":"","mandat_duree":""},{"id_diffusion":"103836234","code_programme":"","id_programme":"","titre":"Novelitas","sous_titre":"","accroche":"","url_image_racine":"","extension_image":"","datemodif_image":"","chaine":"la_1ere","date":"2014-06-02","heure":"17:08","duree":"9","csa_code":"TP","csa_nom_long":"Tous publics","rubrique":"","genre_simplifie":"Magazine de soci\u00e9t\u00e9","production":"","nationalite":"","presentateurs":"","invites":"","realisateurs":"","acteurs":"","url_site":"","mandat_debut":"","mandat_nb":"0","OAS_sitepage":"","connexes":[],"url_video":"","mandat_duree":""},{"id_diffusion":"103726125","code_programme":"","id_programme":"","titre":"Private Practice","sous_titre":"Baiser d'adieu","accroche":"Les avis des m\u00e9decins d'Oceanside divergent concernant un couple en mal d'enfant. Une amie d'Amelia craint d'\u00eatre atteinte de la maladie de Huntington et menace de se suicider si tel est le cas. De retour, Gabriel Fife met tout en oeuvre pour s\u00e9duire Naomi. Quant \u00e0 Addison, elle pleure \u00e0 la moindre occasion...","url_image_racine":"\/staticftv\/ref_emissions\/2014-06-02\/EMI_361594_csa1","extension_image":"jpg","datemodif_image":"1401688610","chaine":"la_1ere","date":"2014-06-02","heure":"17:17","duree":"43","csa_code":"TP","csa_nom_long":"Tous publics","rubrique":"","genre_simplifie":"S\u00e9rie dramatique","production":"","nationalite":"am\u00e9ricaine","presentateurs":"","invites":"","realisateurs":"Ann Kindberg","acteurs":"Tim Daly, Caterina Scorsone, Kate Walsh, Taye Diggs, Paul Adelstein, Audra McDonald, KaDee Strickland, Michael Patrick Thornton","url_site":"","mandat_debut":"","mandat_nb":"0","OAS_sitepage":"","connexes":[],"url_video":"","mandat_duree":""},{"id_diffusion":"103726126","code_programme":"","id_programme":"","titre":"Avenida Brasil","sous_titre":"","accroche":"Carminia souhaite s'isoler quelques temps. Tifon parle au m\u00e9decin et accepte une sortie provisoire. D\u00e9bora et Jorginho rompent d\u00e9finitivement...","url_image_racine":"\/staticftv\/ref_emissions\/2014-06-02\/COL_485458_csa1","extension_image":"jpg","datemodif_image":"1401688610","chaine":"la_1ere","date":"2014-06-02","heure":"18:00","duree":"47","csa_code":"TP","csa_nom_long":"Tous publics","rubrique":"","genre_simplifie":"S\u00e9rie sentimentale","production":"","nationalite":"br\u00e9silien","presentateurs":"","invites":"","realisateurs":"","acteurs":"Adriana Esteves, Murilo Ben\u00edcio, Helo\u00edsa P\u00e9riss\u00e9, D\u00e9bora Falabella, Marcello Novaes, Eliane Glardini, Let\u00edcia Isnard","url_site":"","mandat_debut":"","mandat_nb":"0","OAS_sitepage":"","connexes":[],"url_video":"","mandat_duree":""},{"id_diffusion":"103771355","code_programme":"khams","id_programme":"12521","titre":"Kham's","sous_titre":"","accroche":"Une s\u00e9rie de sketches pour vivre avec humour le quotidien rocambolesque de Fatima Djam Popo et Kham's, deux personnages hauts en couleur interpr\u00e9t\u00e9s par le m\u00eame acteur Hassani Kamardine. Une v\u00e9ritable prouesse artistique !","url_image_racine":"\/staticftv\/programmes\/12521_1358518322_csa1","extension_image":"jpg","datemodif_image":"1358518322","chaine":"la_1ere","date":"2014-06-02","heure":"18:47","duree":"7","csa_code":"TP","csa_nom_long":"Tous publics","rubrique":"Divertissement","genre_simplifie":"Divertissement","production":"","nationalite":"","presentateurs":"","invites":"","realisateurs":"","acteurs":"","url_site":"http:\/\/mayotte.la1ere.fr\/","mandat_debut":"0","mandat_nb":"toutes","OAS_sitepage":"la_1ere\/divertissement\/khams","connexes":[],"url_video":"","mandat_duree":""},{"id_diffusion":"103771356","code_programme":"","id_programme":"","titre":"En route vers Rio","sous_titre":"","accroche":"","url_image_racine":"","extension_image":"","datemodif_image":"","chaine":"la_1ere","date":"2014-06-02","heure":"18:54","duree":"6","csa_code":"TP","csa_nom_long":"Tous publics","rubrique":"","genre_simplifie":"Magazine sportif","production":"","nationalite":"","presentateurs":"","invites":"","realisateurs":"","acteurs":"","url_site":"","mandat_debut":"","mandat_nb":"0","OAS_sitepage":"","connexes":[],"url_video":"","mandat_duree":""},{"id_diffusion":"103836235","code_programme":"jt_mayotte","id_programme":"446","titre":"JTI Mayotte","sous_titre":"","accroche":"Toute l'actualit\u00e9 de votre r\u00e9gion.","url_image_racine":"\/staticftv\/catchup\/img\/3\/4\/446_1300729002_3_csa1","extension_image":"png","datemodif_image":"1300729002","chaine":"la_1ere","date":"2014-06-02","heure":"19:00","duree":"21","csa_code":"TP","csa_nom_long":"Tous publics","rubrique":"Info","genre_simplifie":"Journal","production":"","nationalite":"","presentateurs":"","invites":"","realisateurs":"","acteurs":"","url_site":"http:\/\/mayotte.la1ere.fr\/","mandat_debut":"0","mandat_nb":"toutes","OAS_sitepage":"la_1ere\/info\/jtimayotte","connexes":[],"url_video":"","mandat_duree":""},{"id_diffusion":"104244863","code_programme":"meteo_mayotte_1ere","id_programme":"11543","titre":"M\u00e9t\u00e9o ","sous_titre":"","accroche":"Bulletin m\u00e9t\u00e9o et pr\u00e9visions ","url_image_racine":"\/staticftv\/programmes\/11543_1345648936_csa1","extension_image":"jpg","datemodif_image":"1345648936","chaine":"la_1ere","date":"2014-06-02","heure":"19:21","duree":"5","csa_code":"TP","csa_nom_long":"Tous publics","rubrique":"Info","genre_simplifie":"M\u00e9t\u00e9o","production":"","nationalite":"","presentateurs":"","invites":"","realisateurs":"","acteurs":"","url_site":"","mandat_debut":"0","mandat_nb":"toutes","OAS_sitepage":"la_1ere\/info\/meteo","connexes":[],"url_video":"","mandat_duree":""},{"id_diffusion":"103726128","code_programme":"jt_mayotte_mahorais","id_programme":"11460","titre":"Journal de Mayotte (en mahorais)","sous_titre":"","accroche":"Toute l'actualit\u00e9 de Mayotte.","url_image_racine":"\/staticftv\/ref_emissions\/2014-06-02\/COL_343449_csa1","extension_image":"jpg","datemodif_image":"1401688610","chaine":"la_1ere","date":"2014-06-02","heure":"19:26","duree":"20","csa_code":"TP","csa_nom_long":"Tous publics","rubrique":"Info","genre_simplifie":"Journal","production":"","nationalite":"","presentateurs":"","invites":"","realisateurs":"","acteurs":"","url_site":"http:\/\/mayotte.la1ere.fr\/","mandat_debut":"0","mandat_nb":"toutes","OAS_sitepage":"la_1ere\/info\/journaldemayotteenmahorais","connexes":[],"url_video":"","mandat_duree":""},{"id_diffusion":"104244864","code_programme":"meteo_mayotte_1ere_mahorais","id_programme":"11649","titre":"M\u00e9t\u00e9o (en mahorais)","sous_titre":"","accroche":"Bulletin m\u00e9t\u00e9o et pr\u00e9visions.","url_image_racine":"\/staticftv\/programmes\/11649_1346250193_csa1","extension_image":"jpg","datemodif_image":"1346250193","chaine":"la_1ere","date":"2014-06-02","heure":"19:46","duree":"14","csa_code":"TP","csa_nom_long":"Tous publics","rubrique":"Info","genre_simplifie":"M\u00e9t\u00e9o","production":"","nationalite":"","presentateurs":"","invites":"","realisateurs":"","acteurs":"","url_site":"","mandat_debut":"0","mandat_nb":"toutes","OAS_sitepage":"la_1ere\/info\/meteoenmahorais","connexes":[],"url_video":"","mandat_duree":""},{"id_diffusion":"103726129","code_programme":"","id_programme":"","titre":"Les arnaqueurs VIP","sous_titre":"Coup de collier","accroche":"Mickey et Emma se rendent chez Frank Rice, un ami receleur et cambrioleur \u00e0 ses heures, pour acheter un rubis. Il repartent, par erreur, avec une bo\u00eete contenant un c\u00e9l\u00e8bre diamant. D\u00e8s qu'ils se rendent compte de la m\u00e9prise, ils retournent chez Frank...","url_image_racine":"\/staticftv\/ref_emissions\/2014-06-02\/EMI_464512_csa1","extension_image":"jpg","datemodif_image":"1401688611","chaine":"la_1ere","date":"2014-06-02","heure":"20:00","duree":"54","csa_code":"TP","csa_nom_long":"Tous publics","rubrique":"","genre_simplifie":"S\u00e9rie","production":"","nationalite":"britannique","presentateurs":"","invites":"","realisateurs":"Julian Simpson","acteurs":"Robert Vaughn, Patrick Bergin, Nicholas Ball, Rob Jarvis, Robert Glenister, Adrian Lester, Kelly Adams, Matt Di Angelo","url_site":"","mandat_debut":"","mandat_nb":"0","OAS_sitepage":"","connexes":[],"url_video":"","mandat_duree":""},{"id_diffusion":"103771357","code_programme":"","id_programme":"","titre":"Famille d'accueil","sous_titre":"Une vie r\u00eav\u00e9e","accroche":"Olivia, 17 ans, vit avec sa m\u00e8re Corinne dans une caravane. Elle accepte mal cette situation pr\u00e9caire, d'autant plus qu'elle est la cible des moqueries de ses camarades de lyc\u00e9e. A ses yeux, Marion semble la m\u00e8re id\u00e9ale, celle qu'elle aurait r\u00eav\u00e9e d'avoir. Elle d\u00e9cide alors de tout faire pour \u00eatre retir\u00e9e \u00e0 la garde de sa m\u00e8re, y compris br\u00fbler la caravane. De son c\u00f4t\u00e9, Daniel croise Elise, ancien amour de jeunesse et grande rivale de Marion. Il reprend contact avec elle en secret. Alors qu'Elise lui confie les travaux de r\u00e9novation de sa maison, l'irr\u00e9parable se produit. Quant \u00e0 tante Jeanne, sa vie sentimentale conna\u00eet aussi des chamboulements...","url_image_racine":"\/staticftv\/ref_emissions\/2014-06-02\/EMI_112564_csa1","extension_image":"jpg","datemodif_image":"1401688611","chaine":"la_1ere","date":"2014-06-02","heure":"20:54","duree":"54","csa_code":"TP","csa_nom_long":"Tous publics","rubrique":"","genre_simplifie":"S\u00e9rie dramatique","production":"","nationalite":"fran\u00e7aise","presentateurs":"","invites":"","realisateurs":"Franck Buchter","acteurs":"Ginette Garcin, Christian Charmetant, Chick Ortega, Virginie Lemoine, Samantha R\u00e9nier, Julie Duclos, Doriane-Louisy Louis Joseph, Marvin Benha\u00efm","url_site":"","mandat_debut":"","mandat_nb":"0","OAS_sitepage":"","connexes":[],"url_video":"","mandat_duree":""},{"id_diffusion":"103771358","code_programme":"","id_programme":"","titre":"Famille d'accueil","sous_titre":"Qui s\u00e8me le vent","accroche":"Rien ne va plus dans la famille Ferri\u00e8re : Daniel a tromp\u00e9 Marion. D\u00e9sireuse de sauver son couple, la malheureuse est pr\u00eate \u00e0 tout pardonner, jusqu'au jour o\u00f9 elle apprend l'identit\u00e9 de sa rivale. Furieuse, elle met Daniel \u00e0 la porte. Parall\u00e8lement, la famille accueille Th\u00e9o, jeune militant \u00e9colo qui n'en est pas \u00e0 sa premi\u00e8re action anti-OGM, et pour qui le placement en famille d'accueil est la derni\u00e8re chance avant la proc\u00e9dure judiciaire. Marion d\u00e9couvre que le militantisme de Th\u00e9o s'enracine dans un traumatisme profond. De son c\u00f4t\u00e9, Tante Jeanne comprend gr\u00e2ce \u00e0 Th\u00e9o, qu'en \u00e9tiquetant bio ses produits, elle peut les vendre en plus grande quantit\u00e9 et trois fois plus cher...","url_image_racine":"\/staticftv\/ref_emissions\/2014-06-02\/EMI_114464_csa1","extension_image":"jpg","datemodif_image":"1401688611","chaine":"la_1ere","date":"2014-06-02","heure":"21:48","duree":"54","csa_code":"TP","csa_nom_long":"Tous publics","rubrique":"","genre_simplifie":"S\u00e9rie dramatique","production":"","nationalite":"fran\u00e7aise","presentateurs":"","invites":"","realisateurs":"Franck Buchter","acteurs":"Ginette Garcin, Christian Charmetant, Chick Ortega, Virginie Lemoine, Samantha R\u00e9nier, Doriane-Louisy Louis Joseph, Marvin Benha\u00efm, Gauthier Battoue","url_site":"","mandat_debut":"","mandat_nb":"0","OAS_sitepage":"","connexes":[],"url_video":"","mandat_duree":""},{"id_diffusion":"103771359","code_programme":"","id_programme":"","titre":"Les minutes d'Andjizi","sous_titre":"","accroche":"","url_image_racine":"","extension_image":"","datemodif_image":"","chaine":"la_1ere","date":"2014-06-02","heure":"22:42","duree":"4","csa_code":"TP","csa_nom_long":"Tous publics","rubrique":"","genre_simplifie":"Magazine de services","production":"","nationalite":"","presentateurs":"","invites":"","realisateurs":"","acteurs":"","url_site":"","mandat_debut":"","mandat_nb":"0","OAS_sitepage":"","connexes":[],"url_video":"","mandat_duree":""},{"id_diffusion":"103771360","code_programme":"","id_programme":"","titre":"Les experts : Manhattan","sous_titre":"L'Arche de No\u00e9","accroche":"No\u00e9 Hubler g\u00eet, une balle dans la poitrine, sur un matelas de billets de vingt dollars. Chez lui, Mac et Danny d\u00e9couvrent une arche grandeur nature dans laquelle animaux et passagers attendent le d\u00e9luge, annonc\u00e9 pour le dimanche suivant. Pendant ce temps, Sheldon et Stella enqu\u00eatent sur la mort d'un homme-cigarette asphyxi\u00e9 par les fum\u00e9es de son costume. S'il manifestait contre les m\u00e9faits du tabac, c'\u00e9tait pour mieux vendre le nouveau produit de la firme o\u00f9 il travaillait : une cigarette verte cens\u00e9e prot\u00e9ger la sant\u00e9 des fumeurs. Quant \u00e0 Stella, elle n'a toujours pas dit \u00e0 Mac qu'elle pourrait \u00eatre atteinte du virus du sida...","url_image_racine":"\/staticftv\/ref_emissions\/2014-06-02\/EMI_89982_csa1","extension_image":"jpg","datemodif_image":"1401688611","chaine":"la_1ere","date":"2014-06-02","heure":"22:46","duree":"42","csa_code":"TP","csa_nom_long":"Tous publics","rubrique":"","genre_simplifie":"S\u00e9rie","production":"","nationalite":"am\u00e9ricaine","presentateurs":"","invites":"","realisateurs":"Steven DePaul","acteurs":"Gary Sinise, Robert Joy, Hill Harper, Melina Kanakaredes, Carmine Giovinazzo, AJ Buckley, Eddie Cahill, Anna Belknap","url_site":"","mandat_debut":"","mandat_nb":"0","OAS_sitepage":"","connexes":[],"url_video":"","mandat_duree":""},{"id_diffusion":"103771361","code_programme":"","id_programme":"","titre":"Les experts : Manhattan","sous_titre":"Le prestige","accroche":"A l'instar du grand illusionniste Houdini, Luke Blade est un c\u00e9l\u00e8bre magicien dont les prestations attirent les foules. Pour r\u00e9aliser ses tours, il s'inspire d'un criminel. Mais un \u00e9v\u00e9nement impr\u00e9vu survient lors de l'une de ses repr\u00e9sentations. Deux femmes semblent avoir trouv\u00e9 la mort dans ce num\u00e9ro de prestidigitation. Accus\u00e9 de meurtre, l'illusionniste met tout en oeuvre pour d\u00e9fendre son art et s'innocenter par la m\u00eame occasion. De son c\u00f4t\u00e9, Lindsay retourne dans le Montana. L\u00e0-bas, elle tente de retrouver ses souvenirs d'adolescente, lorsqu'elle n'avait que 14 ans. Son but est de mettre enfin la main sur le meurtrier de quatre de ses amis d'alors...","url_image_racine":"\/staticftv\/ref_emissions\/2014-06-02\/EMI_489741_csa1","extension_image":"jpg","datemodif_image":"1401688611","chaine":"la_1ere","date":"2014-06-02","heure":"23:28","duree":"40","csa_code":"TP","csa_nom_long":"Tous publics","rubrique":"","genre_simplifie":"S\u00e9rie","production":"","nationalite":"am\u00e9ricaine","presentateurs":"","invites":"","realisateurs":"Rob Bailey","acteurs":"Gary Sinise, Hill Harper, Melina Kanakaredes, Carmine Giovinazzo, Eddie Cahill, Anna Belknap, Alan Smyth, Criss Angel","url_site":"","mandat_debut":"","mandat_nb":"0","OAS_sitepage":"","connexes":[],"url_video":"","mandat_duree":""},{"id_diffusion":"103771362","code_programme":"","id_programme":"","titre":"L'attaque","sous_titre":"Votre argent m'int\u00e9resse","accroche":"A l'occasion d'un improbable braquage, une dizaine de personnes se retrouvent enferm\u00e9es dans une banque, pris en otages par quatre bandits, et, confront\u00e9s \u00e0 la violence des \u00e9v\u00e9nements, se r\u00e9v\u00e8lent pour le meilleur et pour le pire...","url_image_racine":"\/staticftv\/ref_emissions\/2014-06-02\/EMI_445429_csa1","extension_image":"jpg","datemodif_image":"1401688611","chaine":"la_1ere","date":"2014-06-03","heure":"00:08","duree":"47","csa_code":"TP","csa_nom_long":"Tous publics","rubrique":"","genre_simplifie":"S\u00e9rie","production":"","nationalite":"fran\u00e7aise","presentateurs":"","invites":"","realisateurs":"Alexandre Pidoux","acteurs":"Fran\u00e7ois-Eric Gendron, Elisabeth Commelin, Lionnel Astier, Delphine Rollin, Arnaud Ducret, Ralph Amoussou, Blandine Bellavoir, Slimane Yefsah","url_site":"","mandat_debut":"","mandat_nb":"0","OAS_sitepage":"","connexes":[],"url_video":"","mandat_duree":""},{"id_diffusion":"103771363","code_programme":"","id_programme":"","titre":"Commissaire Cordier","sous_titre":"Rapport d'expertise","accroche":"Une jeune neurologue, Juliette Garcin, a \u00e9t\u00e9 sauvagement assassin\u00e9e dans son cabinet. Un de ses patients, Fabrice Fernez, atteint d'une forme s\u00e9v\u00e8re d'\u00e9pilepsie, est retrouv\u00e9 en train de fuir la sc\u00e8ne de crime, les v\u00eatements tach\u00e9s de sang. Cordier et ses hommes se lancent \u00e0 ses trousses. Pourtant, le commissaire sent bien que Fernez n'est pas un criminel comme les autres et qu'il repr\u00e9sente une menace pour lui-m\u00eame autant que pour autrui. Pendant que les agents traquent le suspect, la police analyse les premiers indices recueillis sur le lieu du drame. Il semble que les choses ne soient pas aussi \u00e9videntes que cela. Le tueur pourrait bien \u00eatre quelqu'un d'autre...","url_image_racine":"\/staticftv\/ref_emissions\/2014-06-02\/EMI_501333_csa1","extension_image":"jpg","datemodif_image":"1401688611","chaine":"la_1ere","date":"2014-06-03","heure":"00:55","duree":"92","csa_code":"TP","csa_nom_long":"Tous publics","rubrique":"","genre_simplifie":"T\u00e9l\u00e9film policier","production":"","nationalite":"fran\u00e7ais","presentateurs":"","invites":"","realisateurs":"Micha\u00ebl Perrotta","acteurs":"Pierre Mondy, St\u00e9phane Jobert, Robin Renucci, Diane Pierens, Natacha Lindinger, Francis Renaud, Mario Pecqueur, Guillaume de Tonqu\u00e9dec","url_site":"","mandat_debut":"","mandat_nb":"0","OAS_sitepage":"","connexes":[],"url_video":"","mandat_duree":""},{"id_diffusion":"104044665","code_programme":"","id_programme":"","titre":"Cut","sous_titre":"Le poids de l'h\u00e9ritage","accroche":"Martin a finalement accept\u00e9 de suivre la piste de Laura \u00e0 propos de la mort de Stefan. Mais les premiers r\u00e9sultats de son enqu\u00eate ne sont pas concluants...","url_image_racine":"\/staticftv\/ref_emissions\/2014-06-02\/COL_451437_csa1","extension_image":"jpg","datemodif_image":"1401688611","chaine":"la_1ere","date":"2014-06-03","heure":"02:27","duree":"25","csa_code":"TP","csa_nom_long":"Tous publics","rubrique":"","genre_simplifie":"S\u00e9rie sentimentale","production":"","nationalite":"fran\u00e7aise","presentateurs":"","invites":"","realisateurs":"","acteurs":"Jacques Deshayes, Ambroise Michel, Antoine Stip, Julie Boulanger, Jos\u00e9phine Jobert, S\u00e9bastien Capgras, Youshaa Ravate","url_site":"","mandat_debut":"","mandat_nb":"0","OAS_sitepage":"","connexes":[],"url_video":"","mandat_duree":""},{"id_diffusion":"104044666","code_programme":"","id_programme":"","titre":"La petite collection couleurs Outremers","sous_titre":"L'appel du muezzin (Mayotte)","accroche":"","url_image_racine":"\/staticftv\/ref_emissions\/2014-06-02\/COL_267357_csa1","extension_image":"jpg","datemodif_image":"1401688611","chaine":"la_1ere","date":"2014-06-03","heure":"02:52","duree":"8","csa_code":"TP","csa_nom_long":"Tous publics","rubrique":"","genre_simplifie":"Documentaire de soci\u00e9t\u00e9","production":"","nationalite":"","presentateurs":"","invites":"","realisateurs":"","acteurs":"","url_site":"","mandat_debut":"","mandat_nb":"0","OAS_sitepage":"","connexes":[],"url_video":"","mandat_duree":""},{"id_diffusion":"103771365","code_programme":"","id_programme":"","titre":"Just Married","sous_titre":"Au Cap Vert","accroche":"","url_image_racine":"","extension_image":"","datemodif_image":"","chaine":"la_1ere","date":"2014-06-03","heure":"03:00","duree":"26","csa_code":"TP","csa_nom_long":"Tous publics","rubrique":"","genre_simplifie":"Documentaire de soci\u00e9t\u00e9","production":"","nationalite":"","presentateurs":"","invites":"","realisateurs":"","acteurs":"","url_site":"","mandat_debut":"","mandat_nb":"0","OAS_sitepage":"","connexes":[],"url_video":"","mandat_duree":""},{"id_diffusion":"103771366","code_programme":"","id_programme":"","titre":"Just Married","sous_titre":"Au Cap Vert","accroche":"","url_image_racine":"","extension_image":"","datemodif_image":"","chaine":"la_1ere","date":"2014-06-03","heure":"03:26","duree":"27","csa_code":"TP","csa_nom_long":"Tous publics","rubrique":"","genre_simplifie":"Documentaire de soci\u00e9t\u00e9","production":"","nationalite":"","presentateurs":"","invites":"","realisateurs":"","acteurs":"","url_site":"","mandat_debut":"","mandat_nb":"0","OAS_sitepage":"","connexes":[],"url_video":"","mandat_duree":""},{"id_diffusion":"103771367","code_programme":"","id_programme":"","titre":"Couleurs outremers","sous_titre":"","accroche":"Les petites histoires qui font le sel de l'outre-mer.","url_image_racine":"\/staticftv\/ref_emissions\/2014-06-02\/COL_295886_csa1","extension_image":"jpg","datemodif_image":"1401688611","chaine":"la_1ere","date":"2014-06-03","heure":"03:53","duree":"27","csa_code":"TP","csa_nom_long":"Tous publics","rubrique":"","genre_simplifie":"Magazine de d\u00e9couvertes","production":"","nationalite":"","presentateurs":"","invites":"","realisateurs":"","acteurs":"","url_site":"","mandat_debut":"","mandat_nb":"0","OAS_sitepage":"","connexes":[],"url_video":"","mandat_duree":""},{"id_diffusion":"103771368","code_programme":"","id_programme":"","titre":"Inf\u00f4-Afrique","sous_titre":"","accroche":"L'actualit\u00e9 \u00e9conomique, politique et culturelle du continent africain.","url_image_racine":"","extension_image":"","datemodif_image":"","chaine":"la_1ere","date":"2014-06-03","heure":"04:20","duree":"10","csa_code":"TP","csa_nom_long":"Tous publics","rubrique":"","genre_simplifie":"Journal","production":"","nationalite":"","presentateurs":"El\u00e9onore Abou Ez, Coumba Kane (en alternance)","invites":"","realisateurs":"","acteurs":"","url_site":"","mandat_debut":"","mandat_nb":"0","OAS_sitepage":"","connexes":[],"url_video":"","mandat_duree":""},{"id_diffusion":"103771369","code_programme":"","id_programme":"","titre":"JT R\u00e9union","sous_titre":"","accroche":"","url_image_racine":"","extension_image":"","datemodif_image":"","chaine":"la_1ere","date":"2014-06-03","heure":"04:30","duree":"13","csa_code":"TP","csa_nom_long":"Tous publics","rubrique":"","genre_simplifie":"Journal","production":"","nationalite":"","presentateurs":"","invites":"","realisateurs":"","acteurs":"","url_site":"","mandat_debut":"","mandat_nb":"0","OAS_sitepage":"","connexes":[],"url_video":"","mandat_duree":""},{"id_diffusion":"103836236","code_programme":"","id_programme":"","titre":"JTI Mayotte","sous_titre":"","accroche":"","url_image_racine":"","extension_image":"","datemodif_image":"","chaine":"la_1ere","date":"2014-06-03","heure":"04:43","duree":"20","csa_code":"TP","csa_nom_long":"Tous publics","rubrique":"","genre_simplifie":"Journal","production":"","nationalite":"","presentateurs":"","invites":"","realisateurs":"","acteurs":"","url_site":"","mandat_debut":"","mandat_nb":"0","OAS_sitepage":"","connexes":[],"url_video":"","mandat_duree":""}]}