{"journee":{"date":"2014-06-02","nb_prog":67},"programmes":[{"id_diffusion":"103499570","code_programme":"","id_programme":"","titre":"Le 19h30","sous_titre":"","accroche":"","url_image_racine":"","extension_image":"","datemodif_image":"","chaine":"la_1ere","date":"2014-06-02","heure":"05:40","duree":"26","csa_code":"TP","csa_nom_long":"Tous publics","rubrique":"","genre_simplifie":"Journal","production":"","nationalite":"","presentateurs":"","invites":"","realisateurs":"","acteurs":"","url_site":"","mandat_debut":"","mandat_nb":"0","OAS_sitepage":"","connexes":[],"url_video":"","mandat_duree":""},{"id_diffusion":"103499571","code_programme":"","id_programme":"","titre":"En route vers Rio","sous_titre":"","accroche":"","url_image_racine":"","extension_image":"","datemodif_image":"","chaine":"la_1ere","date":"2014-06-02","heure":"06:06","duree":"6","csa_code":"TP","csa_nom_long":"Tous publics","rubrique":"","genre_simplifie":"Magazine sportif","production":"","nationalite":"","presentateurs":"","invites":"","realisateurs":"","acteurs":"","url_site":"","mandat_debut":"","mandat_nb":"0","OAS_sitepage":"","connexes":[],"url_video":"","mandat_duree":""},{"id_diffusion":"104244870","code_programme":"","id_programme":"","titre":"Tom-Tom et Nana","sous_titre":"","accroche":"Dans l'univers survolt\u00e9 du restaurant \u00abA la bonne fourchette\u00bb dont la bonne marche est r\u00e9guli\u00e8rement menac\u00e9e de l'ext\u00e9rieur par des intrusions diverses et de l'int\u00e9rieur par des probl\u00e8mes familiaux, Tom-Tom et Nana Dubouchon accumulent les sottises pour le bonheur de tous.","url_image_racine":"\/staticftv\/ref_emissions\/2014-06-02\/COL_216998_csa1","extension_image":"jpg","datemodif_image":"1401602303","chaine":"la_1ere","date":"2014-06-02","heure":"06:12","duree":"5","csa_code":"TP","csa_nom_long":"Tous publics","rubrique":"","genre_simplifie":"Dessin anim\u00e9","production":"","nationalite":"fran\u00e7ais","presentateurs":"","invites":"","realisateurs":"","acteurs":"","url_site":"","mandat_debut":"","mandat_nb":"0","OAS_sitepage":"","connexes":[],"url_video":"","mandat_duree":""},{"id_diffusion":"103499572","code_programme":"","id_programme":"","titre":"Wakfu","sous_titre":"Miss moche","accroche":"En chemin vers l'\u00eele d'Oma, Tristepin tombe dans un pi\u00e8ge qui le fait prisonnier d'une tour ensorcel\u00e9e et de ses habitantes, une horrible bande de princesses moches. Si Yugo et ses amis ne font pas preuve d'imagination, Tristepin risque fort de finir transform\u00e9 en crapaud...","url_image_racine":"\/staticftv\/ref_emissions\/2014-06-02\/EMI_115419_csa1","extension_image":"jpg","datemodif_image":"1401602303","chaine":"la_1ere","date":"2014-06-02","heure":"06:17","duree":"24","csa_code":"TP","csa_nom_long":"Tous publics","rubrique":"","genre_simplifie":"Dessin anim\u00e9","production":"","nationalite":"fran\u00e7ais","presentateurs":"","invites":"","realisateurs":"","acteurs":"","url_site":"","mandat_debut":"","mandat_nb":"0","OAS_sitepage":"","connexes":[],"url_video":"","mandat_duree":""},{"id_diffusion":"103499573","code_programme":"","id_programme":"","titre":"Garfield & Cie","sous_titre":"Garfield et le secret de Zabadu","accroche":"Garfield et Jon se disputent la t\u00e9l\u00e9commande. Quand l'un veut voir une \u00e9mission d'Eddie Gourmand, l'autre a envie de visionner un documentaire sur le Zabadu...","url_image_racine":"\/staticftv\/ref_emissions\/2014-06-02\/COL_258502_csa1","extension_image":"jpg","datemodif_image":"1401602303","chaine":"la_1ere","date":"2014-06-02","heure":"06:41","duree":"12","csa_code":"TP","csa_nom_long":"Tous publics","rubrique":"","genre_simplifie":"Dessin anim\u00e9","production":"","nationalite":"franco-am\u00e9ricain","presentateurs":"","invites":"","realisateurs":"","acteurs":"","url_site":"","mandat_debut":"","mandat_nb":"0","OAS_sitepage":"","connexes":[],"url_video":"","mandat_duree":""},{"id_diffusion":"103499574","code_programme":"","id_programme":"","titre":"Garfield & Cie","sous_titre":"Fugitifs \u00e0 quatre pattes","accroche":"Garfield et Odie sont recherch\u00e9s : ils doivent prendre un bain, qu'ils le veuillent ou pas. Qui viendra \u00e0 leur rescousse ?...","url_image_racine":"\/staticftv\/ref_emissions\/2014-06-02\/EMI_273830_csa1","extension_image":"jpg","datemodif_image":"1401602303","chaine":"la_1ere","date":"2014-06-02","heure":"06:53","duree":"13","csa_code":"TP","csa_nom_long":"Tous publics","rubrique":"","genre_simplifie":"Dessin anim\u00e9","production":"","nationalite":"franco-am\u00e9ricain","presentateurs":"","invites":"","realisateurs":"","acteurs":"","url_site":"","mandat_debut":"","mandat_nb":"0","OAS_sitepage":"","connexes":[],"url_video":"","mandat_duree":""},{"id_diffusion":"104136998","code_programme":"","id_programme":"","titre":"Clips Cal\u00e9donie","sous_titre":"Clip : Avec vous partout !","accroche":"","url_image_racine":"","extension_image":"","datemodif_image":"","chaine":"la_1ere","date":"2014-06-02","heure":"07:06","duree":"1","csa_code":"TP","csa_nom_long":"Tous publics","rubrique":"","genre_simplifie":"Clips","production":"","nationalite":"","presentateurs":"","invites":"","realisateurs":"","acteurs":"","url_site":"","mandat_debut":"","mandat_nb":"0","OAS_sitepage":"","connexes":[],"url_video":"","mandat_duree":""},{"id_diffusion":"103831240","code_programme":"","id_programme":"","titre":"Kidchinette","sous_titre":"","accroche":"","url_image_racine":"","extension_image":"","datemodif_image":"","chaine":"la_1ere","date":"2014-06-02","heure":"07:07","duree":"5","csa_code":"TP","csa_nom_long":"Tous publics","rubrique":"","genre_simplifie":"Magazine jeunesse","production":"","nationalite":"","presentateurs":"","invites":"","realisateurs":"","acteurs":"","url_site":"","mandat_debut":"","mandat_nb":"0","OAS_sitepage":"","connexes":[],"url_video":"","mandat_duree":""},{"id_diffusion":"103499576","code_programme":"","id_programme":"","titre":"Couleurs outremers","sous_titre":"Les veilleurs de la for\u00eat en Guyane","accroche":"Au sommaire : Les veilleurs de la for\u00eat en Guyane. - Les musulmans de La R\u00e9union. - En Guadeloupe, tout est une question de rythme et de tradition. - La Guadeloupe et son patrimoine naturel.\nIsol\u00e9s dans la for\u00eat des Nouragues, en Guyane, les scientifiques du monde entier viennent \u00e9tudier la faune et la flore dans un environnement magique.\nA La R\u00e9union, les musulmans de l'\u00eele, originaires du Gujarat, enseignent le Coran aux enfants.\nBiguine, mazurka, quadrille : autant de danses anciennes toujours \u00e0 la mode en Guadeloupe.\nLes Guadeloup\u00e9ens cultivent patates douce, ignames, caf\u00e9, b\u00e9gonias et poivrier avec la plus grande attention.","url_image_racine":"\/staticftv\/ref_emissions\/2014-06-02\/COL_295886_csa1","extension_image":"jpg","datemodif_image":"1401602303","chaine":"la_1ere","date":"2014-06-02","heure":"07:12","duree":"27","csa_code":"TP","csa_nom_long":"Tous publics","rubrique":"","genre_simplifie":"Magazine de d\u00e9couvertes","production":"","nationalite":"","presentateurs":"Luc Laventure","invites":"","realisateurs":"","acteurs":"","url_site":"","mandat_debut":"","mandat_nb":"0","OAS_sitepage":"","connexes":[],"url_video":"","mandat_duree":""},{"id_diffusion":"104136999","code_programme":"","id_programme":"","titre":"Clips Cal\u00e9donie","sous_titre":"Clip : Avec vous partout !","accroche":"","url_image_racine":"","extension_image":"","datemodif_image":"","chaine":"la_1ere","date":"2014-06-02","heure":"07:39","duree":"1","csa_code":"TP","csa_nom_long":"Tous publics","rubrique":"","genre_simplifie":"Clips","production":"","nationalite":"","presentateurs":"","invites":"","realisateurs":"","acteurs":"","url_site":"","mandat_debut":"","mandat_nb":"0","OAS_sitepage":"","connexes":[],"url_video":"","mandat_duree":""},{"id_diffusion":"103499577","code_programme":"","id_programme":"","titre":"Couleurs outremers","sous_titre":"Le tatouage \u00e0 Tahiti","accroche":"En Polyn\u00e9sie fran\u00e7aise, le tatouage n'est pas uniquement un signe distinctif. Sa pratique, \u00e0 l'encre de chine uniquement, est devenue un v\u00e9ritable art de vivre. En Nouvelle-Cal\u00e9donie, le cagou, petit animal aujourd'hui menac\u00e9, est devenu l'embl\u00e8me du pays. Puis direction la Martinique et ses yoles rondes, avant de d\u00e9couvrir l'histoire de la vanille, sur l'\u00eele de la R\u00e9union et \u00e0 Madagascar.","url_image_racine":"\/staticftv\/ref_emissions\/2014-06-02\/COL_295886_csa1","extension_image":"jpg","datemodif_image":"1401602303","chaine":"la_1ere","date":"2014-06-02","heure":"07:40","duree":"27","csa_code":"TP","csa_nom_long":"Tous publics","rubrique":"","genre_simplifie":"Magazine de d\u00e9couvertes","production":"","nationalite":"","presentateurs":"Luc Laventure","invites":"","realisateurs":"","acteurs":"","url_site":"","mandat_debut":"","mandat_nb":"0","OAS_sitepage":"","connexes":[],"url_video":"","mandat_duree":""},{"id_diffusion":"104244871","code_programme":"","id_programme":"","titre":"Destination Brasil","sous_titre":"","accroche":"","url_image_racine":"","extension_image":"","datemodif_image":"","chaine":"la_1ere","date":"2014-06-02","heure":"08:07","duree":"2","csa_code":"TP","csa_nom_long":"Tous publics","rubrique":"","genre_simplifie":"Documentaire","production":"","nationalite":"","presentateurs":"","invites":"","realisateurs":"","acteurs":"","url_site":"","mandat_debut":"","mandat_nb":"0","OAS_sitepage":"","connexes":[],"url_video":"","mandat_duree":""},{"id_diffusion":"103831241","code_programme":"","id_programme":"","titre":"Les p'tits plats de Babette","sous_titre":"","accroche":"Au sommaire :\n\n\n\n","url_image_racine":"","extension_image":"","datemodif_image":"","chaine":"la_1ere","date":"2014-06-02","heure":"08:09","duree":"26","csa_code":"TP","csa_nom_long":"Tous publics","rubrique":"","genre_simplifie":"Magazine de services","production":"","nationalite":"","presentateurs":"Babette de Rozi\u00e8res","invites":"","realisateurs":"","acteurs":"","url_site":"","mandat_debut":"","mandat_nb":"0","OAS_sitepage":"","connexes":[],"url_video":"","mandat_duree":""},{"id_diffusion":"104137000","code_programme":"","id_programme":"","titre":"Motus","sous_titre":"","accroche":"Deux \u00e9quipes s'affrontent pour d\u00e9chiffrer des mots de six \u00e0 dix lettres.","url_image_racine":"","extension_image":"","datemodif_image":"","chaine":"la_1ere","date":"2014-06-02","heure":"08:35","duree":"26","csa_code":"TP","csa_nom_long":"Tous publics","rubrique":"","genre_simplifie":"Jeu","production":"","nationalite":"","presentateurs":"Thierry Beccaro","invites":"","realisateurs":"","acteurs":"","url_site":"","mandat_debut":"","mandat_nb":"0","OAS_sitepage":"","connexes":[],"url_video":"","mandat_duree":""},{"id_diffusion":"103499581","code_programme":"","id_programme":"","titre":"Tout le monde veut prendre sa place","sous_titre":"","accroche":"Six candidats affrontent un \u00abchampion\u00bb autour d'une s\u00e9rie de jeux. Celui ou celle qui parviendra \u00e0 le d\u00e9loger deviendra le nouveau champion.","url_image_racine":"\/staticftv\/ref_emissions\/2014-06-02\/COL_294950_csa1","extension_image":"jpg","datemodif_image":"1401602303","chaine":"la_1ere","date":"2014-06-02","heure":"09:01","duree":"46","csa_code":"TP","csa_nom_long":"Tous publics","rubrique":"","genre_simplifie":"Jeu","production":"","nationalite":"","presentateurs":" Nagui","invites":"","realisateurs":"","acteurs":"","url_site":"","mandat_debut":"","mandat_nb":"0","OAS_sitepage":"","connexes":[],"url_video":"","mandat_duree":""},{"id_diffusion":"104244872","code_programme":"","id_programme":"","titre":"Fais pas ci, fais pas \u00e7a","sous_titre":"Le nouveau voisin","accroche":"Charlotte commence \u00e0 d\u00e9velopper des phobies qui lui compliquent singuli\u00e8rement l'existence. Les Lepic essaient d\u00e9sesp\u00e9r\u00e9ment de la convaincre qu'elle n'a rien \u00e0 craindre, mais rien n'y fait. Charlotte a peur du nouveau voisin et elle n'a peut-\u00eatre pas tort. Chez les Bouley, Val\u00e9rie passe des entretiens d'embauche. Bien d\u00e9termin\u00e9e \u00e0 faire bonne impression devant ses futurs employeurs, elle s'entra\u00eene et essaie de convaincre toute la famille d'adopter son attitude combative, de gr\u00e9 ou de force. Car pour elle, la cl\u00e9 de la r\u00e9ussite r\u00e9side dans la dynamique de la \u00abwin-win\u00bb, ou \u00abgagnant-gagnant\u00bb...","url_image_racine":"\/staticftv\/ref_emissions\/2014-06-02\/EMI_304825_csa1","extension_image":"jpg","datemodif_image":"1401602303","chaine":"la_1ere","date":"2014-06-02","heure":"09:47","duree":"49","csa_code":"TP","csa_nom_long":"Tous publics","rubrique":"","genre_simplifie":"S\u00e9rie humoristique","production":"","nationalite":"fran\u00e7aise","presentateurs":"","invites":"","realisateurs":"Laurent Dussaux","acteurs":"Isabelle G\u00e9linas, Val\u00e9rie Bonneton, Bruno Salomone, Yaniss Lespert, Guillaume de Tonqu\u00e9dec, Tiphaine Haas, Timoth\u00e9e Kempen Hamel, Canelle Carr\u00e9-Cassaigne","url_site":"","mandat_debut":"","mandat_nb":"0","OAS_sitepage":"","connexes":[],"url_video":"","mandat_duree":""},{"id_diffusion":"104244873","code_programme":"","id_programme":"","titre":"Plus belle la vie","sous_titre":"","accroche":"Les adolescents partent en promenade et vivent des \u00e9motions fortes, chacun de son c\u00f4t\u00e9. Cependant, Guillaume tente de faire oublier co\u00fbte que co\u00fbte sa contre-performance...","url_image_racine":"\/staticftv\/ref_emissions\/2014-06-02\/COL_388983_csa1","extension_image":"jpg","datemodif_image":"1401602303","chaine":"la_1ere","date":"2014-06-02","heure":"10:36","duree":"26","csa_code":"TP","csa_nom_long":"Tous publics","rubrique":"","genre_simplifie":"S\u00e9rie","production":"","nationalite":"fran\u00e7ais","presentateurs":"","invites":"","realisateurs":"Michel Hassan","acteurs":"Virgile Bayle, Rebecca Hampton, Rachid Hafassa, Laurent Kerusor\u00e9, St\u00e9phane Henon, Flavie P\u00e9an, Joakim Latzko, Geoffrey Piet","url_site":"","mandat_debut":"","mandat_nb":"0","OAS_sitepage":"","connexes":[],"url_video":"","mandat_duree":""},{"id_diffusion":"104244874","code_programme":"","id_programme":"","titre":"Clips Cal\u00e9donie","sous_titre":"Clip : Avec vous partout !","accroche":"","url_image_racine":"","extension_image":"","datemodif_image":"","chaine":"la_1ere","date":"2014-06-02","heure":"11:02","duree":"2","csa_code":"TP","csa_nom_long":"Tous publics","rubrique":"","genre_simplifie":"Clips","production":"","nationalite":"","presentateurs":"","invites":"","realisateurs":"","acteurs":"","url_site":"","mandat_debut":"","mandat_nb":"0","OAS_sitepage":"","connexes":[],"url_video":"","mandat_duree":""},{"id_diffusion":"104244875","code_programme":"","id_programme":"","titre":"Avenida Brasil","sous_titre":"","accroche":"Jorginho d\u00e9couvre la preuve que Carminia a bien organis\u00e9 son propre enl\u00e8vement. Max annonce \u00e0 Ivana que les affaires ont \u00e9t\u00e9 bonnes et qu'il s'est achet\u00e9 un bateau...","url_image_racine":"\/staticftv\/ref_emissions\/2014-06-02\/COL_485458_csa1","extension_image":"jpg","datemodif_image":"1401602303","chaine":"la_1ere","date":"2014-06-02","heure":"11:04","duree":"49","csa_code":"TP","csa_nom_long":"Tous publics","rubrique":"","genre_simplifie":"S\u00e9rie sentimentale","production":"","nationalite":"br\u00e9silien","presentateurs":"","invites":"","realisateurs":"","acteurs":"Adriana Esteves, Murilo Ben\u00edcio, Helo\u00edsa P\u00e9riss\u00e9, D\u00e9bora Falabella, Marcello Novaes, Eliane Glardini, Let\u00edcia Isnard","url_site":"","mandat_debut":"","mandat_nb":"0","OAS_sitepage":"","connexes":[],"url_video":"","mandat_duree":""},{"id_diffusion":"104244876","code_programme":"","id_programme":"","titre":"En route vers Rio","sous_titre":"","accroche":"","url_image_racine":"","extension_image":"","datemodif_image":"","chaine":"la_1ere","date":"2014-06-02","heure":"11:53","duree":"7","csa_code":"TP","csa_nom_long":"Tous publics","rubrique":"","genre_simplifie":"Magazine sportif","production":"","nationalite":"","presentateurs":"","invites":"","realisateurs":"","acteurs":"","url_site":"","mandat_debut":"","mandat_nb":"0","OAS_sitepage":"","connexes":[],"url_video":"","mandat_duree":""},{"id_diffusion":"103499588","code_programme":"","id_programme":"","titre":"Le triomphe de l'amour","sous_titre":"","accroche":"","url_image_racine":"","extension_image":"","datemodif_image":"","chaine":"la_1ere","date":"2014-06-02","heure":"12:00","duree":"42","csa_code":"TP","csa_nom_long":"Tous publics","rubrique":"","genre_simplifie":"S\u00e9rie sentimentale","production":"","nationalite":"mexicain","presentateurs":"","invites":"","realisateurs":"","acteurs":"C\u00e9sar Evora, Daniela Romo, Victoria Ruffo, Diego Olivera, William Levy, Maite Perroni, Osvaldo R\u00edos","url_site":"","mandat_debut":"","mandat_nb":"0","OAS_sitepage":"","connexes":[],"url_video":"","mandat_duree":""},{"id_diffusion":"103499589","code_programme":"","id_programme":"","titre":"La force du coeur","sous_titre":"","accroche":"","url_image_racine":"","extension_image":"","datemodif_image":"","chaine":"la_1ere","date":"2014-06-02","heure":"12:42","duree":"44","csa_code":"TP","csa_nom_long":"Tous publics","rubrique":"","genre_simplifie":"S\u00e9rie sentimentale","production":"","nationalite":"","presentateurs":"","invites":"","realisateurs":"","acteurs":"","url_site":"","mandat_debut":"","mandat_nb":"0","OAS_sitepage":"","connexes":[],"url_video":"","mandat_duree":""},{"id_diffusion":"103499590","code_programme":"","id_programme":"","titre":"La force du coeur","sous_titre":"","accroche":"","url_image_racine":"","extension_image":"","datemodif_image":"","chaine":"la_1ere","date":"2014-06-02","heure":"13:26","duree":"42","csa_code":"TP","csa_nom_long":"Tous publics","rubrique":"","genre_simplifie":"S\u00e9rie sentimentale","production":"","nationalite":"","presentateurs":"","invites":"","realisateurs":"","acteurs":"","url_site":"","mandat_debut":"","mandat_nb":"0","OAS_sitepage":"","connexes":[],"url_video":"","mandat_duree":""},{"id_diffusion":"103499591","code_programme":"","id_programme":"","titre":"La force du coeur","sous_titre":"","accroche":"","url_image_racine":"","extension_image":"","datemodif_image":"","chaine":"la_1ere","date":"2014-06-02","heure":"14:08","duree":"43","csa_code":"TP","csa_nom_long":"Tous publics","rubrique":"","genre_simplifie":"S\u00e9rie sentimentale","production":"","nationalite":"","presentateurs":"","invites":"","realisateurs":"","acteurs":"","url_site":"","mandat_debut":"","mandat_nb":"0","OAS_sitepage":"","connexes":[],"url_video":"","mandat_duree":""},{"id_diffusion":"103499593","code_programme":"","id_programme":"","titre":"La Teniente","sous_titre":"","accroche":"Roberta Ballesteros est une femme forte, opini\u00e2tre, disciplin\u00e9e et sensible, confront\u00e9e \u00e0 un monde d'hommes o\u00f9 r\u00e8gnent le danger et l'action. A la t\u00eate de l'unit\u00e9 Platoon au sein de la base des forces sp\u00e9ciales de la Marine mexicaine, elle est la premi\u00e8re femme \u00e0 atteindre un niveau aussi \u00e9lev\u00e9 dans cette prestigieuse institution. Si Roberta doit prouver qu'elle est la meilleure, elle s'efforce surtout de gagner la confiance des membres de son \u00e9quipe, un escadron charg\u00e9 des missions difficiles. Elle tente \u00e9galement de faire toute la lumi\u00e8re sur une trahison qui a co\u00fbt\u00e9 la vie \u00e0 son pr\u00e9d\u00e9cesseur.","url_image_racine":"\/staticftv\/ref_emissions\/2014-06-02\/COL_467405_csa1","extension_image":"jpg","datemodif_image":"1401602304","chaine":"la_1ere","date":"2014-06-02","heure":"14:51","duree":"45","csa_code":"TP","csa_nom_long":"Tous publics","rubrique":"","genre_simplifie":"S\u00e9rie d'aventures","production":"","nationalite":"mexicaine","presentateurs":"","invites":"","realisateurs":"","acteurs":"Armando Torrea, Mar\u00eda Fernanda Y\u00e9pes, Mat\u00edas Novoa, Hector Arredondo, Fernando Sarfatti, Sylvia Saenz","url_site":"","mandat_debut":"","mandat_nb":"0","OAS_sitepage":"","connexes":[],"url_video":"","mandat_duree":""},{"id_diffusion":"104137005","code_programme":"","id_programme":"","titre":"Facing Kate","sous_titre":"Un pass\u00e9 encombrant","accroche":"Kate d\u00e9fend les int\u00e9r\u00eats d'un homme contraint de vendre l'immeuble de sa m\u00e8re. En effet, l'un des occupants, un dealer, fait fuir tous les locataires...","url_image_racine":"\/staticftv\/ref_emissions\/2014-06-02\/COL_367803_csa1","extension_image":"jpg","datemodif_image":"1401602304","chaine":"la_1ere","date":"2014-06-02","heure":"15:36","duree":"41","csa_code":"TP","csa_nom_long":"Tous publics","rubrique":"","genre_simplifie":"S\u00e9rie dramatique","production":"","nationalite":"am\u00e9ricaine","presentateurs":"","invites":"","realisateurs":"Peter Lauer","acteurs":"Esai Morales, Michael Trucco, Ryan Johnson, Giacomo Baessato, RonReaco Lee, Sarah Shahi, Virginia Williams, Baron Vaughn","url_site":"","mandat_debut":"","mandat_nb":"0","OAS_sitepage":"","connexes":[],"url_video":"","mandat_duree":""},{"id_diffusion":"104137006","code_programme":"","id_programme":"","titre":"Destination Brasil","sous_titre":"","accroche":"","url_image_racine":"","extension_image":"","datemodif_image":"","chaine":"la_1ere","date":"2014-06-02","heure":"16:17","duree":"1","csa_code":"TP","csa_nom_long":"Tous publics","rubrique":"","genre_simplifie":"Documentaire","production":"","nationalite":"","presentateurs":"","invites":"","realisateurs":"","acteurs":"","url_site":"","mandat_debut":"","mandat_nb":"0","OAS_sitepage":"","connexes":[],"url_video":"","mandat_duree":""},{"id_diffusion":"104244877","code_programme":"","id_programme":"","titre":"Ces objets qui nous parlent","sous_titre":"P\u00e9troglyphe","accroche":"","url_image_racine":"","extension_image":"","datemodif_image":"","chaine":"la_1ere","date":"2014-06-02","heure":"16:18","duree":"3","csa_code":"TP","csa_nom_long":"Tous publics","rubrique":"","genre_simplifie":"Documentaire de soci\u00e9t\u00e9","production":"","nationalite":"","presentateurs":"","invites":"","realisateurs":"","acteurs":"","url_site":"","mandat_debut":"","mandat_nb":"0","OAS_sitepage":"","connexes":[],"url_video":"","mandat_duree":""},{"id_diffusion":"104244878","code_programme":"","id_programme":"","titre":"Paroles de vieux","sous_titre":"","accroche":"Une s\u00e9rie documentaire qui propose de d\u00e9couvrir les portraits d'anciens Cal\u00e9doniens issus de toutes les ethnies et de toutes les r\u00e9gions de la Cal\u00e9donie.","url_image_racine":"","extension_image":"","datemodif_image":"","chaine":"la_1ere","date":"2014-06-02","heure":"16:21","duree":"15","csa_code":"TP","csa_nom_long":"Tous publics","rubrique":"","genre_simplifie":"Documentaire de soci\u00e9t\u00e9","production":"","nationalite":"","presentateurs":"","invites":"","realisateurs":"","acteurs":"","url_site":"","mandat_debut":"","mandat_nb":"0","OAS_sitepage":"","connexes":[],"url_video":"","mandat_duree":""},{"id_diffusion":"104244879","code_programme":"","id_programme":"","titre":"Private Practice","sous_titre":"Dedans, dehors","accroche":"Cooper propose \u00e0 Charlotte de fonder une famille. Sheldon et Violet vont en prison pour \u00e9valuer certains d\u00e9tenus, en particulier Lewis, qui tient absolument \u00e0 rester en prison et demande \u00e0 Violet de l'aider. Addison met au monde un b\u00e9b\u00e9 avec une \u00e9norme tumeur. Charlotte fait appel au docteur Rodriguez pour aider Addison mais ils ne sont pas d'accord sur le traitement de la tumeur. Amelia tente de s\u00e9duire Sheldon, qui a une tr\u00e8s bonne r\u00e9putation. Charlotte a peur que Cooper la quitte si elle ne veut pas fonder une famille et le docteur Rodriguez invite Addison \u00e0 un rencard, qu'elle refuse...","url_image_racine":"\/staticftv\/ref_emissions\/2014-06-02\/EMI_299681_csa1","extension_image":"jpg","datemodif_image":"1401602304","chaine":"la_1ere","date":"2014-06-02","heure":"16:36","duree":"42","csa_code":"TP","csa_nom_long":"Tous publics","rubrique":"","genre_simplifie":"S\u00e9rie dramatique","production":"","nationalite":"am\u00e9ricaine","presentateurs":"","invites":"","realisateurs":"Edward Ornelas","acteurs":"Brian Benben, Tim Daly, Caterina Scorsone, Kate Walsh, Taye Diggs, Paul Adelstein, KaDee Strickland, Cristi\u00e1n de la Fuente","url_site":"","mandat_debut":"","mandat_nb":"0","OAS_sitepage":"","connexes":[],"url_video":"","mandat_duree":""},{"id_diffusion":"104244880","code_programme":"","id_programme":"","titre":"Clips Cal\u00e9donie","sous_titre":"Clip : Avec vous partout !","accroche":"","url_image_racine":"","extension_image":"","datemodif_image":"","chaine":"la_1ere","date":"2014-06-02","heure":"17:18","duree":"1","csa_code":"TP","csa_nom_long":"Tous publics","rubrique":"","genre_simplifie":"Clips","production":"","nationalite":"","presentateurs":"","invites":"","realisateurs":"","acteurs":"","url_site":"","mandat_debut":"","mandat_nb":"0","OAS_sitepage":"","connexes":[],"url_video":"","mandat_duree":""},{"id_diffusion":"104244881","code_programme":"","id_programme":"","titre":"Amour, gloire et beaut\u00e9","sous_titre":"","accroche":"Thorne se dresse contre Ridge alors que celui-ci essaie d'apporter de nouvelles id\u00e9es au travail. Dayzee et Marcus partagent un moment privil\u00e9gi\u00e9...","url_image_racine":"\/staticftv\/ref_emissions\/2014-06-02\/EMI_279584_csa1","extension_image":"jpg","datemodif_image":"1401602304","chaine":"la_1ere","date":"2014-06-02","heure":"17:19","duree":"23","csa_code":"TP","csa_nom_long":"Tous publics","rubrique":"","genre_simplifie":"S\u00e9rie sentimentale","production":"","nationalite":"am\u00e9ricain","presentateurs":"","invites":"","realisateurs":"Deveney Kelly","acteurs":"Ronn Moss, John McCook, Katherine Kelly Lang, Winsor Harmon, Texas Battle, Jacqueline MacInnes Wood, Kim Matula, Kristolyn Lloyd","url_site":"","mandat_debut":"","mandat_nb":"0","OAS_sitepage":"","connexes":[],"url_video":"","mandat_duree":""},{"id_diffusion":"104244882","code_programme":"","id_programme":"","titre":"Amour, gloire et beaut\u00e9","sous_titre":"","accroche":"Hope et Steffy continuent de se chamailler concernant leurs points de vue sur le sexe. La lutte entre Thorne et Ridge prend un nouveau tournant...","url_image_racine":"\/staticftv\/ref_emissions\/2014-06-02\/EMI_229257_csa1","extension_image":"jpg","datemodif_image":"1401602304","chaine":"la_1ere","date":"2014-06-02","heure":"17:42","duree":"23","csa_code":"TP","csa_nom_long":"Tous publics","rubrique":"","genre_simplifie":"S\u00e9rie sentimentale","production":"","nationalite":"am\u00e9ricain","presentateurs":"","invites":"","realisateurs":"Deveney Kelly","acteurs":"Ronn Moss, Hunter Tylo, Don Diamont, Winsor Harmon, Scott Clifton, Jacqueline MacInnes Wood, Kim Matula","url_site":"","mandat_debut":"","mandat_nb":"0","OAS_sitepage":"","connexes":[],"url_video":"","mandat_duree":""},{"id_diffusion":"104244883","code_programme":"","id_programme":"","titre":"Destination Brasil","sous_titre":"","accroche":"","url_image_racine":"","extension_image":"","datemodif_image":"","chaine":"la_1ere","date":"2014-06-02","heure":"18:05","duree":"3","csa_code":"TP","csa_nom_long":"Tous publics","rubrique":"","genre_simplifie":"Documentaire","production":"","nationalite":"","presentateurs":"","invites":"","realisateurs":"","acteurs":"","url_site":"","mandat_debut":"","mandat_nb":"0","OAS_sitepage":"","connexes":[],"url_video":"","mandat_duree":""},{"id_diffusion":"104244884","code_programme":"","id_programme":"","titre":"Avenida Brasil","sous_titre":"","accroche":"Carminia souhaite s'isoler quelques temps. Tifon parle au m\u00e9decin et accepte une sortie provisoire. D\u00e9bora et Jorginho rompent d\u00e9finitivement...","url_image_racine":"\/staticftv\/ref_emissions\/2014-06-02\/COL_485458_csa1","extension_image":"jpg","datemodif_image":"1401602304","chaine":"la_1ere","date":"2014-06-02","heure":"18:08","duree":"47","csa_code":"TP","csa_nom_long":"Tous publics","rubrique":"","genre_simplifie":"S\u00e9rie sentimentale","production":"","nationalite":"br\u00e9silien","presentateurs":"","invites":"","realisateurs":"","acteurs":"Adriana Esteves, Murilo Ben\u00edcio, Helo\u00edsa P\u00e9riss\u00e9, D\u00e9bora Falabella, Marcello Novaes, Eliane Glardini, Let\u00edcia Isnard","url_site":"","mandat_debut":"","mandat_nb":"0","OAS_sitepage":"","connexes":[],"url_video":"","mandat_duree":""},{"id_diffusion":"104244885","code_programme":"","id_programme":"","titre":"C'est ma r\u00e9ussite","sous_titre":"Pierre-Christophe, 28 ans","accroche":"","url_image_racine":"","extension_image":"","datemodif_image":"","chaine":"la_1ere","date":"2014-06-02","heure":"18:55","duree":"5","csa_code":"TP","csa_nom_long":"Tous publics","rubrique":"","genre_simplifie":"Magazine de d\u00e9couvertes","production":"","nationalite":"","presentateurs":"","invites":"","realisateurs":"","acteurs":"","url_site":"","mandat_debut":"","mandat_nb":"0","OAS_sitepage":"","connexes":[],"url_video":"","mandat_duree":""},{"id_diffusion":"103499602","code_programme":"","id_programme":"","titre":"Le 19h00","sous_titre":"","accroche":"","url_image_racine":"","extension_image":"","datemodif_image":"","chaine":"la_1ere","date":"2014-06-02","heure":"19:00","duree":"15","csa_code":"TP","csa_nom_long":"Tous publics","rubrique":"","genre_simplifie":"Journal","production":"","nationalite":"","presentateurs":"","invites":"","realisateurs":"","acteurs":"","url_site":"","mandat_debut":"","mandat_nb":"0","OAS_sitepage":"","connexes":[],"url_video":"","mandat_duree":""},{"id_diffusion":"103499603","code_programme":"temps_de_parole","id_programme":"648","titre":"Invit\u00e9 du jour","sous_titre":"","accroche":"Chaque jour, \u00ab L\u0092invit\u00e9 \u00bb  s\u0092ins\u00e8re entre les deux journaux de NC 1\u00e8re pour parler d\u0092une activit\u00e9 en cours ou \u00e0 venir en Nouvelle-Cal\u00e9donie. Un espace convivial de parole, notamment destin\u00e9 aux mondes associatif, sportif, culturel et artistique.","url_image_racine":"\/staticftv\/catchup\/img\/3\/6\/648_1300729036_3_csa1","extension_image":"png","datemodif_image":"1300729036","chaine":"la_1ere","date":"2014-06-02","heure":"19:15","duree":"6","csa_code":"TP","csa_nom_long":"Tous publics","rubrique":"Magazine,Culture","genre_simplifie":"Journal","production":"","nationalite":"","presentateurs":"","invites":"","realisateurs":"","acteurs":"","url_site":"http:\/\/nouvellecaledonie.rfo.fr\/programmes\/temps-de-parole\/le-chant-choral-en-pleine-expansion_22766.html","mandat_debut":"0","mandat_nb":"toutes","OAS_sitepage":"la_1ere\/magazine\/invitedujour","connexes":[],"url_video":"\/hls-ios-inf\/i\/streaming-adaptatif_france-dom-tom\/2014\/S23\/J1\/103499603-20140602-,398,632,934,k.mp4.csmil\/master.m3u8","mandat_duree":"7"},{"id_diffusion":"103499604","code_programme":"meteo_nouvelle_caledonie_1ere","id_programme":"11545","titre":"M\u00e9t\u00e9o","sous_titre":"","accroche":"Bulletin m\u00e9t\u00e9o et pr\u00e9visions.","url_image_racine":"\/staticftv\/programmes\/11545_1345649021_csa1","extension_image":"jpg","datemodif_image":"1345649021","chaine":"la_1ere","date":"2014-06-02","heure":"19:21","duree":"2","csa_code":"TP","csa_nom_long":"Tous publics","rubrique":"Info","genre_simplifie":"M\u00e9t\u00e9o","production":"","nationalite":"","presentateurs":"","invites":"","realisateurs":"","acteurs":"","url_site":"","mandat_debut":"0","mandat_nb":"toutes","OAS_sitepage":"la_1ere\/info\/meteo","connexes":[],"url_video":"\/hls-ios-inf\/i\/streaming-adaptatif_france-dom-tom\/2014\/S23\/J1\/103499604-20140602-,398,632,934,k.mp4.csmil\/master.m3u8","mandat_duree":"6"},{"id_diffusion":"103723250","code_programme":"","id_programme":"","titre":"Sc\u00e8nes de m\u00e9nages ","sous_titre":"","accroche":"Les conflits du quotidien de quatre couples d'\u00e2ges diff\u00e9rents, Marion et C\u00e9dric, Liliane et Jos\u00e9, Huguette et Raymond et Emma et Fabien.","url_image_racine":"\/staticftv\/ref_emissions\/2014-06-02\/COL_473663_csa1","extension_image":"jpg","datemodif_image":"1401602304","chaine":"la_1ere","date":"2014-06-02","heure":"19:23","duree":"4","csa_code":"TP","csa_nom_long":"Tous publics","rubrique":"","genre_simplifie":"S\u00e9rie humoristique","production":"","nationalite":"fran\u00e7aise","presentateurs":"","invites":"","realisateurs":"Francis Duquet","acteurs":"Marion Game, G\u00e9rard Hernandez, Fr\u00e9d\u00e9ric Bouraly, Val\u00e9rie Karsenti, Loup-Denis Elion, Anne-Elisabeth Blateau, Audrey Lamy, David Mora","url_site":"","mandat_debut":"","mandat_nb":"0","OAS_sitepage":"","connexes":[],"url_video":"","mandat_duree":""},{"id_diffusion":"104137014","code_programme":"","id_programme":"","titre":"M\u00e9t\u00e9o","sous_titre":"","accroche":"Bulletin m\u00e9t\u00e9o et pr\u00e9visions.","url_image_racine":"","extension_image":"","datemodif_image":"","chaine":"la_1ere","date":"2014-06-02","heure":"19:27","duree":"3","csa_code":"TP","csa_nom_long":"Tous publics","rubrique":"","genre_simplifie":"M\u00e9t\u00e9o","production":"","nationalite":"","presentateurs":"","invites":"","realisateurs":"","acteurs":"","url_site":"","mandat_debut":"","mandat_nb":"0","OAS_sitepage":"","connexes":[],"url_video":"","mandat_duree":""},{"id_diffusion":"103499606","code_programme":"jt_nouvelle_caledonie","id_programme":"447","titre":"Le 19h30","sous_titre":"","accroche":"Toute l'actualit\u00e9 de votre r\u00e9gion.","url_image_racine":"\/staticftv\/catchup\/img\/3\/4\/447_1300729002_3_csa1","extension_image":"png","datemodif_image":"1300729002","chaine":"la_1ere","date":"2014-06-02","heure":"19:30","duree":"24","csa_code":"TP","csa_nom_long":"Tous publics","rubrique":"Info","genre_simplifie":"Journal","production":"","nationalite":"","presentateurs":"","invites":"","realisateurs":"","acteurs":"","url_site":"http:\/\/nouvellecaledonie.la1ere.fr\/","mandat_debut":"0","mandat_nb":"toutes","OAS_sitepage":"la_1ere\/info\/le19h30","connexes":[],"url_video":"\/hls-ios-inf\/i\/streaming-adaptatif\/2014\/S23\/J1\/103499606-20140602-,398,632,934,k.mp4.csmil\/master.m3u8","mandat_duree":"7"},{"id_diffusion":"103499608","code_programme":"","id_programme":"","titre":"Scal Air","sous_titre":"","accroche":"","url_image_racine":"","extension_image":"","datemodif_image":"","chaine":"la_1ere","date":"2014-06-02","heure":"19:54","duree":"3","csa_code":"TP","csa_nom_long":"Tous publics","rubrique":"","genre_simplifie":"Magazine de soci\u00e9t\u00e9","production":"","nationalite":"","presentateurs":"","invites":"","realisateurs":"","acteurs":"","url_site":"","mandat_debut":"","mandat_nb":"0","OAS_sitepage":"","connexes":[],"url_video":"","mandat_duree":""},{"id_diffusion":"103499609","code_programme":"le_mag_des_sports","id_programme":"5376","titre":"Mag des sports","sous_titre":"","accroche":"Le magazine des sports de la r\u00e9daction de Nouvelle-Cal\u00e9donie 1\u00e8re","url_image_racine":"\/staticftv\/catchup\/img\/3\/53\/5376_1303201453_3_csa1","extension_image":"png","datemodif_image":"1303201453","chaine":"la_1ere","date":"2014-06-02","heure":"19:57","duree":"18","csa_code":"TP","csa_nom_long":"Tous publics","rubrique":"Sport","genre_simplifie":"Magazine sportif","production":"","nationalite":"","presentateurs":"","invites":"","realisateurs":"","acteurs":"","url_site":"http:\/\/nouvellecaledonie.la1ere.fr\/programmes\/le-mag-des-sports\/","mandat_debut":"0","mandat_nb":"toutes","OAS_sitepage":"la_1ere\/sport\/magdessports","connexes":[],"url_video":"\/hls-ios-inf\/i\/streaming-adaptatif_france-dom-tom\/2014\/S23\/J1\/103499609-20140602-,398,632,934,k.mp4.csmil\/master.m3u8","mandat_duree":"7"},{"id_diffusion":"103499610","code_programme":"","id_programme":"","titre":"Les experts : Las Vegas","sous_titre":"La Divine Com\u00e9die","accroche":"Les corps de trois prostitu\u00e9es et d'un prox\u00e9n\u00e8te sont retrouv\u00e9s \u00e0 des endroits diff\u00e9rents. Les experts comprennent qu'ils ont affaire \u00e0 un tueur en s\u00e9rie qui s'inspire de gravures illustrant les cercles de l'Enfer dans un volume du XVIe si\u00e8cle de \u00abLa Divine Com\u00e9die\u00bb, la c\u00e9l\u00e8bre oeuvre de Dante. A partir de ces \u00e9l\u00e9ments, Russell d\u00e9duit que le meurtrier va encore frapper cinq fois. Ce qui l'inqui\u00e8te est que la fille de Brass pourrait \u00eatre la prochaine victime. Afin de la prot\u00e9ger, Morgan accepte de servir d'app\u00e2t. Les enqu\u00eateurs esp\u00e8rent ainsi que le criminel s'en prendra \u00e0 elle et que ses coll\u00e8gues pourront intervenir...","url_image_racine":"\/staticftv\/ref_emissions\/2014-06-02\/EMI_471793_csa1","extension_image":"jpg","datemodif_image":"1401602304","chaine":"la_1ere","date":"2014-06-02","heure":"20:15","duree":"42","csa_code":"TP","csa_nom_long":"Tous publics","rubrique":"","genre_simplifie":"S\u00e9rie","production":"","nationalite":"am\u00e9ricaine","presentateurs":"","invites":"","realisateurs":"Alec Smight","acteurs":"Paul Guilfoyle, Jorja Fox, Annabella Sciorra, George Eads, Wallace Langham, Elisabeth Shue, Ted Danson, Ozzy Osbourne","url_site":"","mandat_debut":"","mandat_nb":"0","OAS_sitepage":"","connexes":[],"url_video":"","mandat_duree":""},{"id_diffusion":"104137015","code_programme":"","id_programme":"","titre":"Clips Cal\u00e9donie","sous_titre":"Clip : Avec vous partout !","accroche":"","url_image_racine":"","extension_image":"","datemodif_image":"","chaine":"la_1ere","date":"2014-06-02","heure":"20:57","duree":"2","csa_code":"TP","csa_nom_long":"Tous publics","rubrique":"","genre_simplifie":"Clips","production":"","nationalite":"","presentateurs":"","invites":"","realisateurs":"","acteurs":"","url_site":"","mandat_debut":"","mandat_nb":"0","OAS_sitepage":"","connexes":[],"url_video":"","mandat_duree":""},{"id_diffusion":"103499611","code_programme":"","id_programme":"","titre":"Les experts : Las Vegas","sous_titre":"Meurtres en silence","accroche":"Les experts de la police scientifique sont envoy\u00e9s sur les lieux d'un accident de la route. Mais \u00e0 l'autopsie, ils d\u00e9couvrent que la victime, Brian Clemonds, un jeune homme de 22 ans, \u00e9tait d\u00e9j\u00e0 mort au moment de l'impact. Que lui est-il arriv\u00e9 ? Rapidement, Catherine et Nick, charg\u00e9s des investigations, apprennent que Brian \u00e9tait sourd. Ils retracent son parcours le jour du drame, et se rendent dans une \u00e9cole pour enfants et adolescents sourds et malentendants. Grissom fait alors une stup\u00e9fiante d\u00e9couverte, qui le laisse perplexe...","url_image_racine":"\/staticftv\/ref_emissions\/2014-06-02\/EMI_120136_csa1","extension_image":"jpg","datemodif_image":"1401602305","chaine":"la_1ere","date":"2014-06-02","heure":"20:59","duree":"43","csa_code":"TP","csa_nom_long":"Tous publics","rubrique":"","genre_simplifie":"S\u00e9rie","production":"","nationalite":"am\u00e9ricaine","presentateurs":"","invites":"","realisateurs":"Peter Markle","acteurs":"Marg Helgenberger, Paul Guilfoyle, Gary Dourdan, Jorja Fox, George Eads, William Petersen, Eric Szmanda, Jolene Blalock","url_site":"","mandat_debut":"","mandat_nb":"0","OAS_sitepage":"","connexes":[],"url_video":"","mandat_duree":""},{"id_diffusion":"103499612","code_programme":"","id_programme":"","titre":"Les experts : Las Vegas","sous_titre":"Que justice soit faite","accroche":"Grissom, Nick et Warrick sont amen\u00e9s \u00e0 intervenir sur une affaire bien \u00e9trange. Un joggeur, qui effectuait son parcours habituel dans un parc, a \u00e9t\u00e9 attaqu\u00e9 par un chien. Le sportif amateur en est mort, mais ses blessures continuent d'inqui\u00e9ter les inspecteurs. Apr\u00e8s examen, il appara\u00eet en effet que la malheureuse victime a \u00e9t\u00e9 d\u00e9lest\u00e9e de son foie. Les pistes s'orientent assez rapidement vers un m\u00e9decin, suspect\u00e9 de se livrer \u00e0 un trafic d'organes. Pendant que le dossier avance, Sarah et Catherine h\u00e9ritent d'un cas dramatique. Une petite fille de 6 ans est morte dans un man\u00e8ge d'une foire install\u00e9e en ville...","url_image_racine":"\/staticftv\/ref_emissions\/2014-06-02\/EMI_100435_csa1","extension_image":"jpg","datemodif_image":"1401602305","chaine":"la_1ere","date":"2014-06-02","heure":"21:42","duree":"42","csa_code":"TP","csa_nom_long":"Tous publics","rubrique":"","genre_simplifie":"S\u00e9rie","production":"","nationalite":"am\u00e9ricaine","presentateurs":"","invites":"","realisateurs":"Thomas J Wright","acteurs":"Marg Helgenberger, Gary Dourdan, Jorja Fox, George Eads, William Petersen, Alicia Coppola, W Earl Brown, Stefani Brass","url_site":"","mandat_debut":"","mandat_nb":"0","OAS_sitepage":"","connexes":[],"url_video":"","mandat_duree":""},{"id_diffusion":"103499613","code_programme":"","id_programme":"","titre":"FBI : port\u00e9s disparus","sous_titre":"T\u00e9moignages","accroche":"Duncan et Emily Muller rejoignent leur v\u00e9hicule apr\u00e8s une journ\u00e9e de shopping. En atteignant leur voiture, Duncan se rend compte qu'il a oubli\u00e9 sa carte bancaire dans une boutique. Il sugg\u00e8re \u00e0 Emily de l'attendre et retourne sur ses pas. A peine a-t-il quitt\u00e9 sa femme que la voiture d\u00e9marre en trombe, manquant de renverser un passant, Brad Dunsmore. Des t\u00e9moins affirment avoir vu un individu pousser Emily dans le v\u00e9hicule. Jack et son \u00e9quipe sont charg\u00e9s d'\u00e9lucider ce qui ressemble fort \u00e0 un enl\u00e8vement. Ils interrogent Duncan, les t\u00e9moins et les amis du couple et en arrivent \u00e0 la conclusion qu'il ne s'agit peut-\u00eatre pas d'un simple kidnapping...","url_image_racine":"\/staticftv\/ref_emissions\/2014-06-02\/EMI_31700_csa1","extension_image":"jpg","datemodif_image":"1401602305","chaine":"la_1ere","date":"2014-06-02","heure":"22:24","duree":"41","csa_code":"TP","csa_nom_long":"Tous publics","rubrique":"","genre_simplifie":"S\u00e9rie","production":"","nationalite":"am\u00e9ricaine","presentateurs":"","invites":"","realisateurs":"Rachel Talalay","acteurs":"Anthony LaPaglia, Kyle Secor, Stacy Edwards, Eric Close, Marianne Jean-Baptiste, Poppy Montgomery, Rick Ravanello, Enrique Murciano","url_site":"","mandat_debut":"","mandat_nb":"0","OAS_sitepage":"","connexes":[],"url_video":"","mandat_duree":""},{"id_diffusion":"103499614","code_programme":"","id_programme":"","titre":"FBI : port\u00e9s disparus","sous_titre":"Vies perdues","accroche":"Un matin, avant de partir travailler, une jeune femme, Tracy, demande \u00e0 sa colocataire, Eve, de bien vouloir faire un peu de rangement dans leur appartement. Lorsqu'elle rentre, Tracy se rend compte que rien n'a chang\u00e9. Bien pire : la chambre d'Eve est vide et son chat n'a pas \u00e9t\u00e9 nourri. Tracy pr\u00e9vient aussit\u00f4t le FBI. Parall\u00e8lement, Jack re\u00e7oit la visite de Chet Collins, le p\u00e8re d'un gar\u00e7on disparu il y a quelques ann\u00e9es, et dont le cas n'a jamais \u00e9t\u00e9 r\u00e9solu...","url_image_racine":"\/staticftv\/ref_emissions\/2014-06-02\/EMI_441250_csa1","extension_image":"jpg","datemodif_image":"1401602305","chaine":"la_1ere","date":"2014-06-02","heure":"23:05","duree":"42","csa_code":"TP","csa_nom_long":"Tous publics","rubrique":"","genre_simplifie":"S\u00e9rie","production":"","nationalite":"am\u00e9ricaine","presentateurs":"","invites":"","realisateurs":"Steve Gomer","acteurs":"Anthony LaPaglia, Charles S Dutton, Eric Close, Marianne Jean-Baptiste, Poppy Montgomery, Lily Knight, Enrique Murciano, Benita Krista Nall","url_site":"","mandat_debut":"","mandat_nb":"0","OAS_sitepage":"","connexes":[],"url_video":"","mandat_duree":""},{"id_diffusion":"103499615","code_programme":"","id_programme":"","titre":"En route vers Rio","sous_titre":"","accroche":"","url_image_racine":"","extension_image":"","datemodif_image":"","chaine":"la_1ere","date":"2014-06-02","heure":"23:47","duree":"6","csa_code":"TP","csa_nom_long":"Tous publics","rubrique":"","genre_simplifie":"Magazine sportif","production":"","nationalite":"","presentateurs":"","invites":"","realisateurs":"","acteurs":"","url_site":"","mandat_debut":"","mandat_nb":"0","OAS_sitepage":"","connexes":[],"url_video":"","mandat_duree":""},{"id_diffusion":"103499616","code_programme":"","id_programme":"","titre":"C'est ma r\u00e9ussite","sous_titre":"Luigi, 29 ans","accroche":"","url_image_racine":"","extension_image":"","datemodif_image":"","chaine":"la_1ere","date":"2014-06-02","heure":"23:53","duree":"2","csa_code":"TP","csa_nom_long":"Tous publics","rubrique":"","genre_simplifie":"Magazine de d\u00e9couvertes","production":"","nationalite":"","presentateurs":"","invites":"","realisateurs":"","acteurs":"","url_site":"","mandat_debut":"","mandat_nb":"0","OAS_sitepage":"","connexes":[],"url_video":"","mandat_duree":""},{"id_diffusion":"104137016","code_programme":"","id_programme":"","titre":"Clips Cal\u00e9donie","sous_titre":"Clip : Avec vous partout !","accroche":"","url_image_racine":"","extension_image":"","datemodif_image":"","chaine":"la_1ere","date":"2014-06-02","heure":"23:55","duree":"1","csa_code":"TP","csa_nom_long":"Tous publics","rubrique":"","genre_simplifie":"Clips","production":"","nationalite":"","presentateurs":"","invites":"","realisateurs":"","acteurs":"","url_site":"","mandat_debut":"","mandat_nb":"0","OAS_sitepage":"","connexes":[],"url_video":"","mandat_duree":""},{"id_diffusion":"103499617","code_programme":"","id_programme":"","titre":"Archipels","sous_titre":"La vache de marbre","accroche":"Retour, avec humour, sur l'histoire d'une vache cubaine qui pulv\u00e9risa, dans les ann\u00e9es 80, plusieurs records du Guinness Book gr\u00e2ce \u00e0 une production laiti\u00e8re impressionnante. Ce ruminant r\u00e9volutionnaire, devenu symbole national, permet d'\u00e9voquer aussi le d\u00e9lire surr\u00e9aliste d'une utopie farfelue : le r\u00eave de cr\u00e9er, \u00e0 l'image de l'homme nouveau, sa m\u00e9taphore bovine.","url_image_racine":"\/staticftv\/ref_emissions\/2014-06-02\/EMI_458382_csa1","extension_image":"jpg","datemodif_image":"1401602305","chaine":"la_1ere","date":"2014-06-02","heure":"23:56","duree":"105","csa_code":"TP","csa_nom_long":"Tous publics","rubrique":"","genre_simplifie":"Magazine de soci\u00e9t\u00e9","production":"","nationalite":"","presentateurs":"Elyas Akhoun","invites":"","realisateurs":"","acteurs":"","url_site":"","mandat_debut":"","mandat_nb":"0","OAS_sitepage":"","connexes":[],"url_video":"","mandat_duree":""},{"id_diffusion":"104244886","code_programme":"","id_programme":"","titre":"Destination Brasil","sous_titre":"","accroche":"","url_image_racine":"","extension_image":"","datemodif_image":"","chaine":"la_1ere","date":"2014-06-03","heure":"01:41","duree":"1","csa_code":"TP","csa_nom_long":"Tous publics","rubrique":"","genre_simplifie":"Documentaire","production":"","nationalite":"","presentateurs":"","invites":"","realisateurs":"","acteurs":"","url_site":"","mandat_debut":"","mandat_nb":"0","OAS_sitepage":"","connexes":[],"url_video":"","mandat_duree":""},{"id_diffusion":"103499619","code_programme":"","id_programme":"","titre":"Clips Cal\u00e9donie","sous_titre":"Kapua : Thoe\u00eb Dadadou","accroche":"","url_image_racine":"","extension_image":"","datemodif_image":"","chaine":"la_1ere","date":"2014-06-03","heure":"01:42","duree":"6","csa_code":"TP","csa_nom_long":"Tous publics","rubrique":"","genre_simplifie":"Clips","production":"","nationalite":"","presentateurs":"","invites":"","realisateurs":"","acteurs":"","url_site":"","mandat_debut":"","mandat_nb":"0","OAS_sitepage":"","connexes":[],"url_video":"","mandat_duree":""},{"id_diffusion":"104244887","code_programme":"","id_programme":"","titre":"Nestor Burma ","sous_titre":"Un croque-mort nomm\u00e9 Nestor","accroche":"Afin d'\u00e9ponger ses dettes, Paul Grillat, qui travaille chez un garagiste bruxellois, ne cesse d'extorquer de l'argent \u00e0 sa ma\u00eetresse, Janine Derogier, la fille d'un gros banquier. Celui-ci, las de ce ruineux man\u00e8ge et exasp\u00e9r\u00e9 par l'aveuglement de sa fille, d\u00e9cide d'en finir une bonne fois pour toutes. Confortablement d\u00e9fray\u00e9, Burma s'en va tout bonnement trouver le flambeur et le somme de quitter la ville. Mais Grillat affronte des probl\u00e8mes autrement plus importants. Georges Terzian, le patron d'un cercle de jeu clandestin, lui a laiss\u00e9 deux jours pour rassembler la petite fortune qu'il lui doit. Faute de quoi, la belle Janine n'aura plus que ses yeux pour pleurer son d\u00e9funt amour...","url_image_racine":"\/staticftv\/ref_emissions\/2014-06-02\/EMI_87_csa1","extension_image":"jpg","datemodif_image":"1401602305","chaine":"la_1ere","date":"2014-06-03","heure":"01:48","duree":"84","csa_code":"TP","csa_nom_long":"Tous publics","rubrique":"","genre_simplifie":"T\u00e9l\u00e9film policier","production":"","nationalite":"franco-belge","presentateurs":"","invites":"","realisateurs":"Maurice Frydland","acteurs":"Guy Marchand, Pierre Tornade, Patrick Guillemin, C\u00e9cile Pallas, Jacques Seiler, Natacha Lindinger, Bernard Yerl\u00e8s, Fran\u00e7ois Beukelaers","url_site":"","mandat_debut":"","mandat_nb":"0","OAS_sitepage":"","connexes":[],"url_video":"","mandat_duree":""},{"id_diffusion":"104244888","code_programme":"","id_programme":"","titre":"Sous le soleil","sous_titre":"La fugue","accroche":"Clara, la fille adoptive de Laure, apprend que la DDASS doit leur rendre visite. Elle prend peur et fugue. Benjamin sauve l'enfant, partie seule sur une petite embarcation. Devenu un h\u00e9ros, il d\u00e9cide de fonder une famille avec Laure...","url_image_racine":"\/staticftv\/ref_emissions\/2014-06-02\/COL_298973_csa1","extension_image":"jpg","datemodif_image":"1401602305","chaine":"la_1ere","date":"2014-06-03","heure":"03:12","duree":"50","csa_code":"TP","csa_nom_long":"Tous publics","rubrique":"","genre_simplifie":"S\u00e9rie sentimentale","production":"","nationalite":"fran\u00e7aise","presentateurs":"","invites":"","realisateurs":"Christophe Salachas","acteurs":"Marine Jolivet, B\u00e9n\u00e9dicte Delmas, Tonya Kinzinger, Marie-Christine Adam, Vanessa Wagner, Gr\u00e9gory Fitoussi, Delfine Rouffignac, Eudes Panel","url_site":"","mandat_debut":"","mandat_nb":"0","OAS_sitepage":"","connexes":[],"url_video":"","mandat_duree":""},{"id_diffusion":"104244889","code_programme":"","id_programme":"","titre":"La petite collection couleurs Outremers","sous_titre":"A l'ombre du bagne (Nouvelle-Cal\u00e9donie)","accroche":"","url_image_racine":"\/staticftv\/ref_emissions\/2014-06-02\/COL_267357_csa1","extension_image":"jpg","datemodif_image":"1401602305","chaine":"la_1ere","date":"2014-06-03","heure":"04:02","duree":"6","csa_code":"TP","csa_nom_long":"Tous publics","rubrique":"","genre_simplifie":"Documentaire de soci\u00e9t\u00e9","production":"","nationalite":"","presentateurs":"","invites":"","realisateurs":"","acteurs":"","url_site":"","mandat_debut":"","mandat_nb":"0","OAS_sitepage":"","connexes":[],"url_video":"","mandat_duree":""},{"id_diffusion":"104244890","code_programme":"","id_programme":"","titre":"Clips Cal\u00e9donie","sous_titre":"Clip : Avec vous partout !","accroche":"","url_image_racine":"","extension_image":"","datemodif_image":"","chaine":"la_1ere","date":"2014-06-03","heure":"04:08","duree":"1","csa_code":"TP","csa_nom_long":"Tous publics","rubrique":"","genre_simplifie":"Clips","production":"","nationalite":"","presentateurs":"","invites":"","realisateurs":"","acteurs":"","url_site":"","mandat_debut":"","mandat_nb":"0","OAS_sitepage":"","connexes":[],"url_video":"","mandat_duree":""},{"id_diffusion":"104244891","code_programme":"","id_programme":"","titre":"Ces objets qui nous parlent","sous_titre":"Bambou grav\u00e9","accroche":"","url_image_racine":"","extension_image":"","datemodif_image":"","chaine":"la_1ere","date":"2014-06-03","heure":"04:09","duree":"3","csa_code":"TP","csa_nom_long":"Tous publics","rubrique":"","genre_simplifie":"Documentaire de soci\u00e9t\u00e9","production":"","nationalite":"","presentateurs":"","invites":"","realisateurs":"","acteurs":"","url_site":"","mandat_debut":"","mandat_nb":"0","OAS_sitepage":"","connexes":[],"url_video":"","mandat_duree":""},{"id_diffusion":"104244892","code_programme":"","id_programme":"","titre":"Clips Cal\u00e9donie","sous_titre":"Collectif Cap Wessel : Aux femmes d'ici...","accroche":"","url_image_racine":"","extension_image":"","datemodif_image":"","chaine":"la_1ere","date":"2014-06-03","heure":"04:12","duree":"4","csa_code":"TP","csa_nom_long":"Tous publics","rubrique":"","genre_simplifie":"Clips","production":"","nationalite":"","presentateurs":"","invites":"","realisateurs":"","acteurs":"","url_site":"","mandat_debut":"","mandat_nb":"0","OAS_sitepage":"","connexes":[],"url_video":"","mandat_duree":""},{"id_diffusion":"104244893","code_programme":"","id_programme":"","titre":"Journal Wallis","sous_titre":"","accroche":"","url_image_racine":"","extension_image":"","datemodif_image":"","chaine":"la_1ere","date":"2014-06-03","heure":"04:16","duree":"16","csa_code":"TP","csa_nom_long":"Tous publics","rubrique":"","genre_simplifie":"Journal","production":"","nationalite":"","presentateurs":"","invites":"","realisateurs":"","acteurs":"","url_site":"","mandat_debut":"","mandat_nb":"0","OAS_sitepage":"","connexes":[],"url_video":"","mandat_duree":""},{"id_diffusion":"104244894","code_programme":"","id_programme":"","titre":"Journal Polyn\u00e9sie","sous_titre":"","accroche":"","url_image_racine":"","extension_image":"","datemodif_image":"","chaine":"la_1ere","date":"2014-06-03","heure":"04:32","duree":"21","csa_code":"TP","csa_nom_long":"Tous publics","rubrique":"","genre_simplifie":"Journal","production":"","nationalite":"","presentateurs":"","invites":"","realisateurs":"","acteurs":"","url_site":"","mandat_debut":"","mandat_nb":"0","OAS_sitepage":"","connexes":[],"url_video":"","mandat_duree":""},{"id_diffusion":"104244895","code_programme":"","id_programme":"","titre":"Destination Brasil","sous_titre":"","accroche":"","url_image_racine":"","extension_image":"","datemodif_image":"","chaine":"la_1ere","date":"2014-06-03","heure":"04:53","duree":"1","csa_code":"TP","csa_nom_long":"Tous publics","rubrique":"","genre_simplifie":"Documentaire","production":"","nationalite":"","presentateurs":"","invites":"","realisateurs":"","acteurs":"","url_site":"","mandat_debut":"","mandat_nb":"0","OAS_sitepage":"","connexes":[],"url_video":"","mandat_duree":""},{"id_diffusion":"104244896","code_programme":"","id_programme":"","titre":"C'est ma r\u00e9ussite","sous_titre":"C\u00e9cile, 30 ans","accroche":"","url_image_racine":"","extension_image":"","datemodif_image":"","chaine":"la_1ere","date":"2014-06-03","heure":"04:54","duree":"4","csa_code":"TP","csa_nom_long":"Tous publics","rubrique":"","genre_simplifie":"Magazine de d\u00e9couvertes","production":"","nationalite":"","presentateurs":"","invites":"","realisateurs":"","acteurs":"","url_site":"","mandat_debut":"","mandat_nb":"0","OAS_sitepage":"","connexes":[],"url_video":"","mandat_duree":""},{"id_diffusion":"103723256","code_programme":"","id_programme":"","titre":"Journal de 20h de France 2","sous_titre":"","accroche":"","url_image_racine":"","extension_image":"","datemodif_image":"","chaine":"la_1ere","date":"2014-06-03","heure":"04:58","duree":"42","csa_code":"TP","csa_nom_long":"Tous publics","rubrique":"","genre_simplifie":"Journal","production":"","nationalite":"","presentateurs":"","invites":"","realisateurs":"","acteurs":"","url_site":"","mandat_debut":"","mandat_nb":"0","OAS_sitepage":"","connexes":[],"url_video":"","mandat_duree":""}]}