{"journee":{"date":"2014-06-02","nb_prog":42},"programmes":[{"id_diffusion":"102179715","code_programme":"","id_programme":"","titre":"La nuit France 5","sous_titre":"","accroche":"Des rediffusions de documentaires.","url_image_racine":"","extension_image":"","datemodif_image":"","chaine":"france5","date":"2014-06-02","heure":"05:00","duree":"45","csa_code":"TP","csa_nom_long":"Tous publics","rubrique":"","genre_simplifie":"Magazine d'information","production":"","nationalite":"","presentateurs":"","invites":"","realisateurs":"","acteurs":"","url_site":"","mandat_debut":"","mandat_nb":"0","OAS_sitepage":"","connexes":[],"url_video":"","mandat_duree":""},{"id_diffusion":"103225772","code_programme":"","id_programme":"","titre":"Duels","sous_titre":"Sartre \/ Camus, une amiti\u00e9 d\u00e9chir\u00e9e","accroche":"Jean-Paul Sartre et Albert Camus, les deux grands \u00e9crivains fran\u00e7ais du XXe si\u00e8cle, repr\u00e9sentent chacun la figure de l'auteur engag\u00e9. Alors que les deux hommes ont \u00e9t\u00e9 amis entre 1943 et 1951, l'ann\u00e9e 1952 marque leur d\u00e9chirure publique. Leur m\u00e9sentente r\u00e9sulte en grande partie de la guerre froide. Mais les raisons sont aussi \u00e0 la fois litt\u00e9raires, philosophiques, politiques et personnelles. La querelle entre les deux \u00e9crivains est nourrie \u00e9galement par la rancoeur, la jalousie et des convictions profondes. Retour sur la relation entre ces deux penseurs l\u00e9gendaires et indissociables \u00e0 l'aide de t\u00e9moignages, d'un enregistrement in\u00e9dit de Sartre parlant de Camus et d'images d'archives.","url_image_racine":"\/staticftv\/ref_emissions\/2014-06-02\/EMI_503142_csa1","extension_image":"jpg","datemodif_image":"1401688489","chaine":"france5","date":"2014-06-02","heure":"05:45","duree":"60","csa_code":"TP","csa_nom_long":"Tous publics","rubrique":"","genre_simplifie":"Documentaire culturel","production":"","nationalite":"fran\u00e7ais","presentateurs":"","invites":"","realisateurs":"Jo\u00ebl Calmettes","acteurs":"","url_site":"","mandat_debut":"","mandat_nb":"0","OAS_sitepage":"","connexes":[],"url_video":"","mandat_duree":""},{"id_diffusion":"103225773","code_programme":"","id_programme":"","titre":"Pinky Dinky Doo","sous_titre":"Toujours demander avant","accroche":"Pinky Dinky Doo, 7 ans, aide, \u00e9paul\u00e9 par son animal de compagnie monsieur Cochon Dinde, son petit fr\u00e8re Tyler \u00e0 appr\u00e9hender le monde qui les entoure.","url_image_racine":"\/staticftv\/ref_emissions\/2014-06-02\/COL_480714_csa1","extension_image":"jpg","datemodif_image":"1401688489","chaine":"france5","date":"2014-06-02","heure":"06:45","duree":"13","csa_code":"TP","csa_nom_long":"Tous publics","rubrique":"","genre_simplifie":"S\u00e9rie d'animation","production":"","nationalite":"am\u00e9ricaine","presentateurs":"","invites":"","realisateurs":"","acteurs":"","url_site":"","mandat_debut":"","mandat_nb":"0","OAS_sitepage":"","connexes":[],"url_video":"","mandat_duree":""},{"id_diffusion":"103718141","code_programme":"didou","id_programme":"6282","titre":"Didou","sous_titre":"Didou, dessine-moi une souris","accroche":"Didou le petit lapin et son amie Yoko la coccinelle apprennent \u00e0 dessiner aux enfants. D\u00e8s que le dessin est colori\u00e9, il devient r\u00e9el comme par magie et les deux amis peuvent entrer dans la maison ou monter dans une fus\u00e9e.","url_image_racine":"\/staticftv\/ref_emissions\/2014-06-02\/EMI_273446_csa1","extension_image":"jpg","datemodif_image":"1401688489","chaine":"france5","date":"2014-06-02","heure":"06:58","duree":"7","csa_code":"TP","csa_nom_long":"Tous publics","rubrique":"Jeunesse","genre_simplifie":"S\u00e9rie d'animation","production":"","nationalite":"fran\u00e7aise","presentateurs":"","invites":"","realisateurs":"Fr\u00e9d\u00e9ric M\u00e8ge","acteurs":"","url_site":"","mandat_debut":"0","mandat_nb":"toutes","OAS_sitepage":"france5\/jeunesse\/didou","connexes":[],"url_video":"\/hls-ios-inf\/i\/streaming-adaptatif_france-dom-tom\/2014\/S23\/J1\/103718141-20140602-,398,632,934,k.mp4.csmil\/master.m3u8","mandat_duree":"7"},{"id_diffusion":"103225774","code_programme":"emilie","id_programme":"10169","titre":"Emilie","sous_titre":"Emilie et le moustique","accroche":"Emilie est une petite fille tout habill\u00e9e de rouge de la t\u00eate aux pieds. La vie quotidienne est pour elle pleine d'aventures qu'elle partage avec son h\u00e9risson Arthur.","url_image_racine":"\/staticftv\/ref_emissions\/2014-06-02\/COL_467296_csa1","extension_image":"jpg","datemodif_image":"1401688489","chaine":"france5","date":"2014-06-02","heure":"07:05","duree":"5","csa_code":"TP","csa_nom_long":"Tous publics","rubrique":"Jeunesse","genre_simplifie":"Dessin anim\u00e9","production":"","nationalite":"fran\u00e7ais","presentateurs":"","invites":"","realisateurs":"","acteurs":"","url_site":"","mandat_debut":"0","mandat_nb":"toutes","OAS_sitepage":"france5\/jeunesse\/emilie","connexes":[],"url_video":"\/hls-ios-inf\/i\/streaming-adaptatif_france-dom-tom\/2014\/S23\/J1\/103225774-20140602-,398,632,934,k.mp4.csmil\/master.m3u8","mandat_duree":"2"},{"id_diffusion":"103225775","code_programme":"peppa_pig","id_programme":"6102","titre":"Peppa Pig","sous_titre":"L'armoire \u00e0 jouets","accroche":"Le coffre \u00e0 jouets de Peppa et George est plein et leurs lits sont couverts de peluches. Maman Cochon commande alors un nouveau coffre en kit...","url_image_racine":"\/staticftv\/ref_emissions\/2014-06-02\/COL_374823_csa1","extension_image":"jpg","datemodif_image":"1401688489","chaine":"france5","date":"2014-06-02","heure":"07:10","duree":"5","csa_code":"TP","csa_nom_long":"Tous publics","rubrique":"Jeunesse","genre_simplifie":"S\u00e9rie d'animation","production":"","nationalite":"britannique","presentateurs":"","invites":"","realisateurs":"","acteurs":"","url_site":"","mandat_debut":"0","mandat_nb":"toutes","OAS_sitepage":"france5\/jeunesse\/peppapig","connexes":[],"url_video":"\/hls-ios-inf\/i\/streaming-adaptatif_france-dom-tom\/2014\/S23\/J1\/103225775-20140602-,398,632,934,k.mp4.csmil\/master.m3u8","mandat_duree":"7"},{"id_diffusion":"103718142","code_programme":"peppa_pig","id_programme":"6102","titre":"Peppa Pig","sous_titre":"Les bulles","accroche":"Peppa et George aiment bien les bulles de leur boisson p\u00e9tillante. Maman Cochon les envoie dans le jardin pour jouer avec ces bulles...","url_image_racine":"\/staticftv\/ref_emissions\/2014-06-02\/EMI_154095_csa1","extension_image":"jpg","datemodif_image":"1401688489","chaine":"france5","date":"2014-06-02","heure":"07:15","duree":"5","csa_code":"TP","csa_nom_long":"Tous publics","rubrique":"Jeunesse","genre_simplifie":"S\u00e9rie d'animation","production":"","nationalite":"britannique","presentateurs":"","invites":"","realisateurs":"","acteurs":"","url_site":"","mandat_debut":"0","mandat_nb":"toutes","OAS_sitepage":"france5\/jeunesse\/peppapig","connexes":[],"url_video":"\/hls-ios-inf\/i\/streaming-adaptatif_france-dom-tom\/2014\/S23\/J1\/103718142-20140602-,398,632,934,k.mp4.csmil\/master.m3u8","mandat_duree":"7"},{"id_diffusion":"103718143","code_programme":"t_choupi_a_l_ecole","id_programme":"14369","titre":"T'choupi \u00e0 l'\u00e9cole","sous_titre":"Pas de panique","accroche":"T'choupi a grandi, maintenant, il va \u00e0 l'\u00e9cole et doit s'adapter \u00e0 d'autres situations.","url_image_racine":"\/staticftv\/ref_emissions\/2014-06-02\/COL_448903_csa1","extension_image":"jpg","datemodif_image":"1401688489","chaine":"france5","date":"2014-06-02","heure":"07:20","duree":"7","csa_code":"TP","csa_nom_long":"Tous publics","rubrique":"Jeunesse","genre_simplifie":"Dessin anim\u00e9","production":"","nationalite":"franco-luxo-sud-cor\u00e9en","presentateurs":"","invites":"","realisateurs":"","acteurs":"","url_site":"","mandat_debut":"0","mandat_nb":"toutes","OAS_sitepage":"france5\/jeunesse\/tchoupialecole","connexes":[],"url_video":"\/hls-ios-inf\/i\/streaming-adaptatif_france-dom-tom\/2014\/S23\/J1\/103718143-20140602-,398,632,934,k.mp4.csmil\/master.m3u8","mandat_duree":"2"},{"id_diffusion":"103718144","code_programme":"t_choupi_a_l_ecole","id_programme":"14369","titre":"T'choupi \u00e0 l'\u00e9cole","sous_titre":"Un abri super chouette","accroche":"T'choupi a grandi, maintenant, il va \u00e0 l'\u00e9cole et doit s'adapter \u00e0 d'autres situations.","url_image_racine":"\/staticftv\/ref_emissions\/2014-06-02\/COL_448904_csa1","extension_image":"jpg","datemodif_image":"1401688489","chaine":"france5","date":"2014-06-02","heure":"07:27","duree":"7","csa_code":"TP","csa_nom_long":"Tous publics","rubrique":"Jeunesse","genre_simplifie":"Dessin anim\u00e9","production":"","nationalite":"franco-luxo-sud-cor\u00e9en","presentateurs":"","invites":"","realisateurs":"","acteurs":"","url_site":"","mandat_debut":"0","mandat_nb":"toutes","OAS_sitepage":"france5\/jeunesse\/tchoupialecole","connexes":[],"url_video":"\/hls-ios-inf\/i\/streaming-adaptatif_france-dom-tom\/2014\/S23\/J1\/103718144-20140602-,398,632,934,k.mp4.csmil\/master.m3u8","mandat_duree":"2"},{"id_diffusion":"103718145","code_programme":"t_choupi_a_l_ecole","id_programme":"14369","titre":"T'choupi \u00e0 l'\u00e9cole","sous_titre":"La plus belle des histoires","accroche":"T'choupi a grandi, maintenant, il va \u00e0 l'\u00e9cole et doit s'adapter \u00e0 d'autres situations.","url_image_racine":"\/staticftv\/ref_emissions\/2014-06-02\/COL_448903_csa1","extension_image":"jpg","datemodif_image":"1401688490","chaine":"france5","date":"2014-06-02","heure":"07:34","duree":"7","csa_code":"TP","csa_nom_long":"Tous publics","rubrique":"Jeunesse","genre_simplifie":"Dessin anim\u00e9","production":"","nationalite":"franco-luxo-sud-cor\u00e9en","presentateurs":"","invites":"","realisateurs":"","acteurs":"","url_site":"","mandat_debut":"0","mandat_nb":"toutes","OAS_sitepage":"france5\/jeunesse\/tchoupialecole","connexes":[],"url_video":"\/hls-ios-inf\/i\/streaming-adaptatif_france-dom-tom\/2014\/S23\/J1\/103718145-20140602-,398,632,934,k.mp4.csmil\/master.m3u8","mandat_duree":"2"},{"id_diffusion":"103225776","code_programme":"sam_le_pompier","id_programme":"6135","titre":"Sam le pompier","sous_titre":"Danger : au loup","accroche":"A Pontypandy, arm\u00e9 de sa lance \u00e0 incendie et de beaucoup de courage, Sam le pompier est sur tous les fronts.","url_image_racine":"\/staticftv\/ref_emissions\/2014-06-02\/COL_476168_csa1","extension_image":"jpg","datemodif_image":"1401688490","chaine":"france5","date":"2014-06-02","heure":"07:41","duree":"10","csa_code":"TP","csa_nom_long":"Tous publics","rubrique":"Jeunesse","genre_simplifie":"S\u00e9rie d'animation","production":"","nationalite":"britannique","presentateurs":"","invites":"","realisateurs":"","acteurs":"","url_site":"","mandat_debut":"0","mandat_nb":"toutes","OAS_sitepage":"france5\/jeunesse\/samlepompier","connexes":[],"url_video":"\/hls-ios-inf\/i\/streaming-adaptatif_france-dom-tom\/2014\/S23\/J1\/103225776-20140602-,398,632,934,k.mp4.csmil\/master.m3u8","mandat_duree":"7"},{"id_diffusion":"103225777","code_programme":"","id_programme":"","titre":"Le Dino train","sous_titre":"T\u00e9o reste dans le train","accroche":"La famille Pt\u00e9ranodon partent en excursion. T\u00e9o, qui ne veut pas changer ses habitudes, prend son temps et refuse de se joindre \u00e0 ses fr\u00e8res et soeurs. Il reste \u00e0 bord du Dino train avec le contr\u00f4leur...","url_image_racine":"\/staticftv\/ref_emissions\/2014-06-02\/EMI_224905_csa1","extension_image":"jpg","datemodif_image":"1401688490","chaine":"france5","date":"2014-06-02","heure":"07:51","duree":"13","csa_code":"TP","csa_nom_long":"Tous publics","rubrique":"","genre_simplifie":"S\u00e9rie d'animation","production":"","nationalite":"am\u00e9ricaine","presentateurs":"","invites":"","realisateurs":"","acteurs":"","url_site":"","mandat_debut":"","mandat_nb":"0","OAS_sitepage":"","connexes":[],"url_video":"","mandat_duree":""},{"id_diffusion":"103718146","code_programme":"","id_programme":"","titre":"Le Dino train","sous_titre":"Voyage au fond de la mer","accroche":"La famille Pt\u00e9ranodon voyage en Dino Train sous la mer. Samy, qui n'a jamais mis une patte dans l'oc\u00e9an, d\u00e9couvre un monde merveilleux et fait la connaissance d'une cr\u00e9ature \u00e9tonnante...","url_image_racine":"\/staticftv\/ref_emissions\/2014-06-02\/EMI_265904_csa1","extension_image":"jpg","datemodif_image":"1401688490","chaine":"france5","date":"2014-06-02","heure":"08:04","duree":"12","csa_code":"TP","csa_nom_long":"Tous publics","rubrique":"","genre_simplifie":"S\u00e9rie d'animation","production":"","nationalite":"am\u00e9ricaine","presentateurs":"","invites":"","realisateurs":"","acteurs":"","url_site":"","mandat_debut":"","mandat_nb":"0","OAS_sitepage":"","connexes":[],"url_video":"","mandat_duree":""},{"id_diffusion":"103225778","code_programme":"samsam","id_programme":"16635","titre":"SamSam","sous_titre":"Dans la peau de Crapouille","accroche":"Dot\u00e9 de pouvoirs extraordinaires, SamSam vit sur la Samplan\u00e8te avec ses parents, superh\u00e9ros comme lui. Il va \u00e0 l'\u00e9cole, joue et explore la galaxie dans sa Samsoucoupe avec SamNounours, sa peluche pr\u00e9f\u00e9r\u00e9e.","url_image_racine":"\/staticftv\/ref_emissions\/2014-06-02\/EMI_219504_csa1","extension_image":"jpg","datemodif_image":"1401688490","chaine":"france5","date":"2014-06-02","heure":"08:16","duree":"9","csa_code":"TP","csa_nom_long":"Tous publics","rubrique":"Jeunesse","genre_simplifie":"S\u00e9rie d'animation","production":"","nationalite":"fran\u00e7aise","presentateurs":"","invites":"","realisateurs":"Tanguy de Kermel","acteurs":"","url_site":"","mandat_debut":"0","mandat_nb":"toutes","OAS_sitepage":"france5\/jeunesse\/samsam","connexes":[],"url_video":"","mandat_duree":""},{"id_diffusion":"103718147","code_programme":"droles_de_petites_betes","id_programme":"6219","titre":"Les dr\u00f4les de petites b\u00eates","sous_titre":"Grace la limace : le bapt\u00eame de l'air","accroche":"Les aventures de Camille la chenille, Mireille l'abeille, Oscar le cafard, Barnab\u00e9 le scarab\u00e9e, Ad\u00e8le la sauterelle ou encore Benjamin le nain de jardin.","url_image_racine":"\/staticftv\/ref_emissions\/2014-06-02\/EMI_101934_csa1","extension_image":"jpg","datemodif_image":"1401688490","chaine":"france5","date":"2014-06-02","heure":"08:25","duree":"7","csa_code":"TP","csa_nom_long":"Tous publics","rubrique":"Jeunesse","genre_simplifie":"S\u00e9rie d'animation","production":"","nationalite":"fran\u00e7aise","presentateurs":"","invites":"","realisateurs":"","acteurs":"","url_site":"","mandat_debut":"0","mandat_nb":"toutes","OAS_sitepage":"france5\/jeunesse\/lesdrolesdepetitesbetes","connexes":[],"url_video":"\/hls-ios-inf\/i\/streaming-adaptatif_france-dom-tom\/2014\/S23\/J1\/103718147-20140602-,398,632,934,k.mp4.csmil\/master.m3u8","mandat_duree":"2"},{"id_diffusion":"103718148","code_programme":"droles_de_petites_betes","id_programme":"6219","titre":"Les dr\u00f4les de petites b\u00eates","sous_titre":"Loulou le pou : pour les beaux yeux d'une gu\u00eape","accroche":"Cherchant \u00e0 mesurer son pouvoir de s\u00e9duction, Huguette pousse Loulou, \u00e0 coups de flatteries, \u00e0 accepter de se battre avec L\u00e9on...","url_image_racine":"\/staticftv\/ref_emissions\/2014-06-02\/COL_272116_csa1","extension_image":"jpg","datemodif_image":"1401688490","chaine":"france5","date":"2014-06-02","heure":"08:32","duree":"8","csa_code":"TP","csa_nom_long":"Tous publics","rubrique":"Jeunesse","genre_simplifie":"S\u00e9rie d'animation","production":"","nationalite":"fran\u00e7aise","presentateurs":"","invites":"","realisateurs":"","acteurs":"","url_site":"","mandat_debut":"0","mandat_nb":"toutes","OAS_sitepage":"france5\/jeunesse\/lesdrolesdepetitesbetes","connexes":[],"url_video":"\/hls-ios-inf\/i\/streaming-adaptatif_france-dom-tom\/2014\/S23\/J1\/103718148-20140602-,398,632,934,k.mp4.csmil\/master.m3u8","mandat_duree":"2"},{"id_diffusion":"103718149","code_programme":"minuscule","id_programme":"5265","titre":"Minuscule","sous_titre":"Deux chenilles","accroche":"Pendant qu'une colonie de fourmis tente de ramener une bo\u00eete enti\u00e8re de sucre dans une fourmili\u00e8re, une araign\u00e9e s'\u00e9vertue \u00e0 attraper une mouche coinc\u00e9e dans un bocal. Un peu plus loin, un escadron d'abeilles fait son show a\u00e9rien.","url_image_racine":"\/staticftv\/ref_emissions\/2014-06-02\/EMI_75011_csa1","extension_image":"jpg","datemodif_image":"1401688490","chaine":"france5","date":"2014-06-02","heure":"08:40","duree":"6","csa_code":"TP","csa_nom_long":"Tous publics","rubrique":"Jeunesse","genre_simplifie":"Dessin anim\u00e9","production":"Futurikon","nationalite":"fran\u00e7ais","presentateurs":"","invites":"","realisateurs":"","acteurs":"","url_site":"","mandat_debut":"0","mandat_nb":"toutes","OAS_sitepage":"france5\/jeunesse\/minuscule","connexes":[],"url_video":"\/hls-ios-inf\/i\/streaming-adaptatif_france-dom-tom\/2014\/S23\/J1\/103718149-20140602-,398,632,934,k.mp4.csmil\/master.m3u8","mandat_duree":"7"},{"id_diffusion":"103718150","code_programme":"minuscule","id_programme":"5265","titre":"Minuscule","sous_titre":"La mouche magique","accroche":"Pendant qu'une colonie de fourmis tente de ramener une bo\u00eete enti\u00e8re de sucres dans une fourmili\u00e8re, une araign\u00e9e s'\u00e9vertue \u00e0 attraper une mouche coinc\u00e9e dans un bocal. Un peu plus loin, un escadron d'abeilles fait son show a\u00e9rien.","url_image_racine":"\/staticftv\/ref_emissions\/2014-06-02\/COL_75011_csa1","extension_image":"jpg","datemodif_image":"1401688490","chaine":"france5","date":"2014-06-02","heure":"08:46","duree":"9","csa_code":"TP","csa_nom_long":"Tous publics","rubrique":"Jeunesse","genre_simplifie":"Dessin anim\u00e9","production":"Futurikon","nationalite":"fran\u00e7ais","presentateurs":"","invites":"","realisateurs":"","acteurs":"","url_site":"","mandat_debut":"0","mandat_nb":"toutes","OAS_sitepage":"france5\/jeunesse\/minuscule","connexes":[],"url_video":"\/hls-ios-inf\/i\/streaming-adaptatif_france-dom-tom\/2014\/S23\/J1\/103718150-20140602-,398,632,934,k.mp4.csmil\/master.m3u8","mandat_duree":"7"},{"id_diffusion":"103225779","code_programme":"les_maternelles","id_programme":"350","titre":"Les maternelles","sous_titre":"","accroche":"En compagnie de chroniqueurs, Julia Vignali accueille t\u00e9moins et experts qui viennent \u00e9changer et partager leurs exp\u00e9riences autour de la parentalit\u00e9. Au sommaire :\n\n\n\n\n\n","url_image_racine":"\/staticftv\/ref_emissions\/2014-06-02\/COL_467299_csa1","extension_image":"jpg","datemodif_image":"1401688490","chaine":"france5","date":"2014-06-02","heure":"08:55","duree":"65","csa_code":"TP","csa_nom_long":"Tous publics","rubrique":"Magazine","genre_simplifie":"Magazine de soci\u00e9t\u00e9","production":"France T\u00e9l\u00e9visions \/ Neria Productions","nationalite":"","presentateurs":"Nathalie Le Breton, Carole Tolila, Julia Vignali, Elsa Grangier, Vincent Bekaert","invites":"","realisateurs":"","acteurs":"","url_site":"http:\/\/les-maternelles.france5.fr\/","mandat_debut":"0","mandat_nb":"toutes","OAS_sitepage":"france5\/magazine\/lesmaternelles","connexes":[],"url_video":"\/hls-ios-inf\/i\/streaming-adaptatif\/2014\/S23\/J1\/103225779-20140602-,398,632,934,k.mp4.csmil\/master.m3u8","mandat_duree":"7"},{"id_diffusion":"103225780","code_programme":"allo_rufo","id_programme":"394","titre":"All\u00f4 Rufo","sous_titre":"","accroche":"En compagnie d'Eglantine Em\u00e9y\u00e9, le p\u00e9dopsychiatre Marcel Rufo r\u00e9pond aux questions pos\u00e9es par des parents ou des grands-parents au sujet de leurs enfants ou petits-enfants.","url_image_racine":"\/staticftv\/ref_emissions\/2014-06-02\/COL_449072_csa1","extension_image":"jpg","datemodif_image":"1401688490","chaine":"france5","date":"2014-06-02","heure":"10:00","duree":"10","csa_code":"TP","csa_nom_long":"Tous publics","rubrique":"Magazine","genre_simplifie":"Magazine de soci\u00e9t\u00e9","production":"France T\u00e9l\u00e9visions \/ Martange Production","nationalite":"","presentateurs":"Marcel Rufo, Eglantine Em\u00e9y\u00e9","invites":"","realisateurs":"","acteurs":"","url_site":"http:\/\/www.france5.fr\/emissions\/allo-rufo","mandat_debut":"0","mandat_nb":"toutes","OAS_sitepage":"france5\/magazine\/allorufo","connexes":[],"url_video":"\/hls-ios-inf\/i\/streaming-adaptatif\/2014\/S23\/J1\/103225780-20140602-,398,632,934,k.mp4.csmil\/master.m3u8","mandat_duree":"7"},{"id_diffusion":"103225781","code_programme":"","id_programme":"","titre":"J'irai dormir chez les maharadjahs","sous_titre":"","accroche":"Antoine de Maximy ach\u00e8ve sa travers\u00e9e de l'Inde, de Calcutta au Rajasthan, qui lui a permis de rencontrer des personnalit\u00e9s hors du commun.","url_image_racine":"\/staticftv\/ref_emissions\/2014-06-02\/EMI_327470_csa1","extension_image":"jpg","datemodif_image":"1401688490","chaine":"france5","date":"2014-06-02","heure":"10:10","duree":"35","csa_code":"TP","csa_nom_long":"Tous publics","rubrique":"","genre_simplifie":"Documentaire","production":"","nationalite":"fran\u00e7ais","presentateurs":"","invites":"","realisateurs":"Antoine de Maximy","acteurs":"","url_site":"","mandat_debut":"","mandat_nb":"0","OAS_sitepage":"","connexes":[],"url_video":"","mandat_duree":""},{"id_diffusion":"103225782","code_programme":"","id_programme":"","titre":"Au pays des bonobos","sous_titre":"","accroche":"Les bonobos vivent dans la grande for\u00eat \u00e9quatoriale de la R\u00e9publique d\u00e9mocratique du Congo, et nulle part ailleurs. Les primatologues les consid\u00e8rent depuis peu comme une esp\u00e8ce diff\u00e9rente des chimpanz\u00e9s, et comme nos plus proches cousins, avec plus de 99% de g\u00e8nes en commun. Comme nous, ils marchent en position verticale, ma\u00eetrisent les outils, ont une conscience de soi, savent rire, \u00e9prouvent de la compassion et sont capables de diff\u00e9rencier le bien et le mal. Malheureusement, les bonobos ne sont plus que quelques milliers. Ce documentaire propose de d\u00e9couvrir ces grands singes et leur soci\u00e9t\u00e9 \u00e9galitaire et pacifique, o\u00f9 les conflits se r\u00e9solvent par la sexualit\u00e9.","url_image_racine":"\/staticftv\/ref_emissions\/2014-06-02\/EMI_382855_csa1","extension_image":"jpg","datemodif_image":"1401688490","chaine":"france5","date":"2014-06-02","heure":"10:45","duree":"60","csa_code":"TP","csa_nom_long":"Tous publics","rubrique":"","genre_simplifie":"Documentaire","production":"","nationalite":"fran\u00e7ais","presentateurs":"","invites":"","realisateurs":"Alain Tixier","acteurs":"","url_site":"","mandat_debut":"","mandat_nb":"0","OAS_sitepage":"","connexes":[],"url_video":"","mandat_duree":""},{"id_diffusion":"103225783","code_programme":"la_quotidienne","id_programme":"14585","titre":"La quotidienne","sous_titre":"","accroche":"Zoom sur les nouvelles formes de consommation collaboratives, solidaires, responsables, durables ou \u00e9conomiques. Entour\u00e9s d'experts, Maya Lauqu\u00e9 et Thomas Isle s'int\u00e9ressent aux initiatives et aux exp\u00e9riences mises en place. Chaque jour, un grand dossier est abord\u00e9 et des conseils sont prodigu\u00e9s. L'\u00e9mission se prolonge aussi sur les r\u00e9seaux sociaux et sur Internet pour permettre aux t\u00e9l\u00e9spectateurs de prendre part avant, pendant et apr\u00e8s.","url_image_racine":"\/staticftv\/ref_emissions\/2014-06-02\/COL_508484_csa1","extension_image":"jpg","datemodif_image":"1401688491","chaine":"france5","date":"2014-06-02","heure":"11:45","duree":"75","csa_code":"TP","csa_nom_long":"Tous publics","rubrique":"Magazine","genre_simplifie":"D\u00e9bat","production":"","nationalite":"","presentateurs":"Val\u00e9rie Durier, Laetitia Barlerin, Philippe Gaudin, Charlotte Savreux, G\u00e9rard Michel,  Farida, Fabien Bordu, Maya Lauqu\u00e9, Thomas Isle","invites":"","realisateurs":"","acteurs":"","url_site":"","mandat_debut":"0","mandat_nb":"toutes","OAS_sitepage":"france5\/magazine\/laquotidienne","connexes":[],"url_video":"","mandat_duree":""},{"id_diffusion":"103225784","code_programme":"","id_programme":"","titre":"L'\u00eele de la derni\u00e8re chance","sous_titre":"La dynastie diabolique","accroche":"Les scientifiques sont convaincus que les diables survivants sont plus sains et plus robustes et que l'\u00eele Maria est un refuge d'espoir pour eux et leur prog\u00e9niture.","url_image_racine":"\/staticftv\/ref_emissions\/2014-06-02\/EMI_503646_csa1","extension_image":"jpg","datemodif_image":"1401688491","chaine":"france5","date":"2014-06-02","heure":"13:00","duree":"40","csa_code":"TP","csa_nom_long":"Tous publics","rubrique":"","genre_simplifie":"Documentaire","production":"","nationalite":"australien","presentateurs":"","invites":"","realisateurs":"Andrew Sully","acteurs":"","url_site":"","mandat_debut":"","mandat_nb":"0","OAS_sitepage":"","connexes":[],"url_video":"","mandat_duree":""},{"id_diffusion":"103225785","code_programme":"le_magazine_de_la_sante","id_programme":"375","titre":"Le magazine de la sant\u00e9","sous_titre":"","accroche":"Du lundi au vendredi, les animateurs abordent avec pr\u00e9cision et souvent avec humour les nombreux sujets qui pr\u00e9occupent les t\u00e9l\u00e9spectateurs. Ils r\u00e9pondent au cours de l'\u00e9mission aux questions sur la sant\u00e9 et le bien-\u00eatre qui leur sont envoy\u00e9es via SMS, Internet et Twitter.","url_image_racine":"\/staticftv\/ref_emissions\/2014-06-02\/COL_467317_csa1","extension_image":"jpg","datemodif_image":"1401688491","chaine":"france5","date":"2014-06-02","heure":"13:40","duree":"55","csa_code":"TP","csa_nom_long":"Tous publics","rubrique":"Magazine","genre_simplifie":"Magazine scientifique","production":"17 Juin Media","nationalite":"","presentateurs":"Marina Carr\u00e8re d'Encausse, Michel Cymes, Beno\u00eet Th\u00e9venet","invites":"","realisateurs":"","acteurs":"","url_site":"http:\/\/www.france5.fr\/sante\/","mandat_debut":"0","mandat_nb":"toutes","OAS_sitepage":"france5\/magazine\/lemagazinedelasante","connexes":[],"url_video":"","mandat_duree":""},{"id_diffusion":"103225786","code_programme":"allo_docteurs","id_programme":"377","titre":"All\u00f4, docteurs !","sous_titre":"","accroche":"Chaque jour, les deux animateurs r\u00e9pondent, entour\u00e9s d'un sp\u00e9cialiste et d'un t\u00e9moin, aux questions que les t\u00e9l\u00e9spectateurs se posent sur leur sant\u00e9 via SMS, Internet ou les r\u00e9seaux sociaux.","url_image_racine":"\/staticftv\/ref_emissions\/2014-06-02\/COL_467313_csa1","extension_image":"jpg","datemodif_image":"1401688491","chaine":"france5","date":"2014-06-02","heure":"14:35","duree":"35","csa_code":"TP","csa_nom_long":"Tous publics","rubrique":"Magazine","genre_simplifie":"Magazine scientifique","production":"Pulsations","nationalite":"","presentateurs":"Marina Carr\u00e8re d'Encausse, Michel Cymes","invites":"","realisateurs":"","acteurs":"","url_site":"http:\/\/www.france5.fr\/sante\/","mandat_debut":"0","mandat_nb":"toutes","OAS_sitepage":"france5\/magazine\/allodocteurs","connexes":[],"url_video":"","mandat_duree":""},{"id_diffusion":"103225787","code_programme":"un_jour_au_zoo","id_programme":"10831","titre":"Un jour au zoo","sous_titre":"Revue de d\u00e9tails","accroche":"Les \u00e9quipes du zoo de Pretoria jouent avec les animaux pour les stimuler malgr\u00e9 la captivit\u00e9.","url_image_racine":"\/staticftv\/ref_emissions\/2014-06-02\/EMI_347825_csa1","extension_image":"jpg","datemodif_image":"1401688491","chaine":"france5","date":"2014-06-02","heure":"15:10","duree":"25","csa_code":"TP","csa_nom_long":"Tous publics","rubrique":"Documentaire","genre_simplifie":"Documentaire","production":"","nationalite":"sud-africain","presentateurs":"","invites":"","realisateurs":"Robert Waldron","acteurs":"","url_site":"","mandat_debut":"0","mandat_nb":"toutes","OAS_sitepage":"france5\/documentaire\/unjourauzoo","connexes":[],"url_video":"","mandat_duree":""},{"id_diffusion":"103225788","code_programme":"","id_programme":"","titre":"Exp\u00e9dition Guyana","sous_titre":"A l'assaut du mont Upuigma","accroche":"Lorsqu'il parvient au sommet du mont Upuigma, au Guyana, Steve Backshall d\u00e9couvre qu'il est couvert de plantes carnivores. George McGavin et Gordon Buchanan remontent le cours de la rivi\u00e8re Rewa, principalement par les berges car le courant est trop fort. Quand ils atteignent leur but, ils d\u00e9couvrent une famille de loutres g\u00e9antes, ainsi qu'un anaconda de cinq m\u00e8tres de long, en pleine digestion. Gordon a la chance d'apercevoir un aigle harpie, l'un des plus puissants, chassant les singes dans la canop\u00e9e. George finit par faire la connaissance du pr\u00e9sident du Guyana. La rencontre a lieu au cours d'une pr\u00e9sentation des r\u00e9sultats de l'exp\u00e9dition.","url_image_racine":"\/staticftv\/ref_emissions\/2014-06-02\/EMI_137993_csa1","extension_image":"jpg","datemodif_image":"1401688491","chaine":"france5","date":"2014-06-02","heure":"15:35","duree":"55","csa_code":"TP","csa_nom_long":"Tous publics","rubrique":"","genre_simplifie":"Documentaire de soci\u00e9t\u00e9","production":"","nationalite":"britannique","presentateurs":"","invites":"","realisateurs":"Lou Ferguson, Jonny Young","acteurs":"","url_site":"","mandat_debut":"","mandat_nb":"0","OAS_sitepage":"","connexes":[],"url_video":"","mandat_duree":""},{"id_diffusion":"103225789","code_programme":"","id_programme":"","titre":"Les 100 lieux qu'il faut voir","sous_titre":"Quercy","accroche":"Ancienne province situ\u00e9e \u00e0 une heure \u00e0 peine de Toulouse, le Quercy concentre tout ce qui fait le charme typique du Sud-Ouest. Ce voyage \u00e0 la d\u00e9couverte de ce d\u00e9partement du Lot d\u00e9bute \u00e0 Rocamadour, une cit\u00e9 m\u00e9di\u00e9vale fascinante, litt\u00e9ralement agripp\u00e9e \u00e0 la paroi qui la prot\u00e8ge depuis le Moyen Age. Le spectateur d\u00e9couvre ensuite Saint-Cirq-Lapopie, r\u00e9cemment \u00e9lu village pr\u00e9f\u00e9r\u00e9 des Fran\u00e7ais pour terminer par la visite de l'\u00e9tonnant site de Castelnau-Bretenoux, imposante forteresse m\u00e9di\u00e9vale dont l'architecture rappelle l'univers des contes de f\u00e9es. Quelques enfants du pays commentent la visite.","url_image_racine":"\/staticftv\/ref_emissions\/2014-06-02\/EMI_504287_csa1","extension_image":"jpg","datemodif_image":"1401688491","chaine":"france5","date":"2014-06-02","heure":"16:30","duree":"60","csa_code":"TP","csa_nom_long":"Tous publics","rubrique":"","genre_simplifie":"Documentaire de soci\u00e9t\u00e9","production":"","nationalite":"fran\u00e7ais","presentateurs":"","invites":"","realisateurs":"Eric Maillebiau","acteurs":"","url_site":"","mandat_debut":"","mandat_nb":"0","OAS_sitepage":"","connexes":[],"url_video":"","mandat_duree":""},{"id_diffusion":"103225790","code_programme":"c_a_dire","id_programme":"408","titre":"C \u00e0 dire ?!","sous_titre":"","accroche":"Du lundi au vendredi, une personnalit\u00e9 ou un anonyme pris sous les feux de l'actualit\u00e9 est interview\u00e9. Ces dix minutes de dialogue donnent un nouvel \u00e9clairage sur un sujet de l'actualit\u00e9 du jour.","url_image_racine":"\/staticftv\/ref_emissions\/2014-06-02\/COL_393159_csa1","extension_image":"jpg","datemodif_image":"1401688491","chaine":"france5","date":"2014-06-02","heure":"17:30","duree":"13","csa_code":"TP","csa_nom_long":"Tous publics","rubrique":"Magazine","genre_simplifie":"Magazine d'information","production":"FranceT\u00e9l\u00e9visions \/ Maximal Productions","nationalite":"","presentateurs":"Axel de Tarl\u00e9","invites":"","realisateurs":"","acteurs":"","url_site":"http:\/\/www.france5.fr\/emissions\/c-a-dire","mandat_debut":"0","mandat_nb":"toutes","OAS_sitepage":"france5\/magazine\/cadire","connexes":[],"url_video":"","mandat_duree":""},{"id_diffusion":"103225791","code_programme":"parlons_passion","id_programme":"9340","titre":"Parlons passion","sous_titre":"","accroche":"\u00ab Parlons Passion \u00bb, des acteurs du monde de l'\u00e9ducation \u00e9voquent leur m\u00e9tier.","url_image_racine":"\/staticftv\/catchup\/img\/3\/93\/9340_1363168260_csa1","extension_image":"png","datemodif_image":"1363168260","chaine":"france5","date":"2014-06-02","heure":"17:43","duree":"2","csa_code":"TP","csa_nom_long":"Tous publics","rubrique":"Magazine","genre_simplifie":"Magazine culturel","production":"","nationalite":"","presentateurs":"","invites":"","realisateurs":"","acteurs":"","url_site":"","mandat_debut":"0","mandat_nb":"toutes","OAS_sitepage":"france5\/magazine\/parlonspassion","connexes":[],"url_video":"","mandat_duree":""},{"id_diffusion":"103225792","code_programme":"c_dans_lair","id_programme":"346","titre":"C dans l'air","sous_titre":"","accroche":"Destin\u00e9 \u00e0 un large public, ce magazine d'information aborde tous les th\u00e8mes de l'actualit\u00e9, qu'elle soit sociale, politique, sportive ou culturelle. Plusieurs reportages apportent des \u00e9clairages diff\u00e9rents sur le sujet du jour. Ces images sont compl\u00e9t\u00e9es par les d\u00e9cryptages des experts invit\u00e9s en plateau. Les t\u00e9l\u00e9spectateurs sont invit\u00e9s \u00e0 r\u00e9agir en direct en envoyant leurs commentaires et r\u00e9actions par SMS, qui seront soumis aux invit\u00e9s du jour au cours du dernier quart d'heure de l'\u00e9mission. Sur Internet, les d\u00e9bats continuent gr\u00e2ce aux diff\u00e9rents forums de \u00abC dans l'air\u00bb.","url_image_racine":"\/staticftv\/ref_emissions\/2014-06-02\/EMI_449618_csa1","extension_image":"jpg","datemodif_image":"1401688491","chaine":"france5","date":"2014-06-02","heure":"17:45","duree":"75","csa_code":"TP","csa_nom_long":"Tous publics","rubrique":"Magazine","genre_simplifie":"Magazine d'information","production":"Maximal Productions ","nationalite":"","presentateurs":"Caroline Roux","invites":"","realisateurs":"","acteurs":"","url_site":"http:\/\/www.france5.fr\/emissions\/c-dans-l-air ","mandat_debut":"0","mandat_nb":"toutes","OAS_sitepage":"france5\/magazine\/cdanslair","connexes":[],"url_video":"","mandat_duree":""},{"id_diffusion":"103225793","code_programme":"c_a_vous","id_programme":"13","titre":"C \u00e0 vous","sous_titre":"","accroche":"Tous les soirs, du lundi au vendredi, l'animatrice accueille plusieurs invit\u00e9s pour une conversation sur l'actualit\u00e9 la plus diverse, rythm\u00e9e par de nombreuses chroniques. En cuisine, Babette de Rozi\u00e8res, Luana Belmondo et Abdel Alaoui pr\u00e9parent, en alternance, un d\u00eener simple et original.","url_image_racine":"\/staticftv\/ref_emissions\/2014-06-02\/COL_449334_csa1","extension_image":"jpg","datemodif_image":"1401688491","chaine":"france5","date":"2014-06-02","heure":"19:00","duree":"60","csa_code":"TP","csa_nom_long":"Tous publics","rubrique":"Magazine","genre_simplifie":"D\u00e9bat","production":"France T\u00e9l\u00e9visions \/ Troisi\u00e8me Oeil Production","nationalite":"","presentateurs":"Patrick Cohen, Anne-Sophie Lapix, J\u00e9r\u00e9my Michalak, Emmanuel Maubert, Matthieu No\u00ebl, Maxime Switek","invites":"","realisateurs":"","acteurs":"","url_site":"http:\/\/www.france5.fr\/emissions\/c-a-vous","mandat_debut":"0","mandat_nb":"toutes","OAS_sitepage":"france5\/magazine\/cavous","connexes":[],"url_video":"","mandat_duree":""},{"id_diffusion":"103225794","code_programme":"c_a_vous_la_suite","id_programme":"2136","titre":"C \u00e0 vous la suite","sous_titre":"","accroche":"\u00abC \u00e0 vous la suite\u00bb, ce sont dix minutes suppl\u00e9mentaires pass\u00e9es en compagnie de l'invit\u00e9 du jour qui d\u00e9guste le plat pr\u00e9par\u00e9 en cuisine.","url_image_racine":"\/staticftv\/ref_emissions\/2014-06-02\/COL_449335_csa1","extension_image":"jpg","datemodif_image":"1401688491","chaine":"france5","date":"2014-06-02","heure":"20:00","duree":"15","csa_code":"TP","csa_nom_long":"Tous publics","rubrique":"Magazine","genre_simplifie":"D\u00e9bat","production":"France T\u00e9l\u00e9visions\/Troisi\u00e8me OEil Productions","nationalite":"","presentateurs":"Patrick Cohen, Anne-Sophie Lapix, J\u00e9r\u00e9my Michalak, Emmanuel Maubert, Matthieu No\u00ebl, Maxime Switek","invites":"","realisateurs":"","acteurs":"","url_site":"http:\/\/www.france5.fr\/emissions\/c-a-vous","mandat_debut":"0","mandat_nb":"toutes","OAS_sitepage":"france5\/magazine\/cavouslasuite","connexes":[],"url_video":"","mandat_duree":""},{"id_diffusion":"103225795","code_programme":"gang_de_macaques","id_programme":"11904","titre":"Gang de macaques","sous_titre":"Fission","accroche":"Les p\u00e8lerins ne sont plus aussi g\u00e9n\u00e9reux au temple de Galta alors que le gang est de plus en plus nombreux ; Kamal a remplac\u00e9 l'ancien m\u00e2le dominant.","url_image_racine":"\/staticftv\/ref_emissions\/2014-06-02\/EMI_508247_csa1","extension_image":"jpg","datemodif_image":"1401688492","chaine":"france5","date":"2014-06-02","heure":"20:15","duree":"25","csa_code":"TP","csa_nom_long":"Tous publics","rubrique":"Documentaire","genre_simplifie":"Documentaire","production":"","nationalite":"am\u00e9ricano-n\u00e9erlandais","presentateurs":"","invites":"","realisateurs":"Allison Bean","acteurs":"","url_site":"","mandat_debut":"0","mandat_nb":"toutes","OAS_sitepage":"france5\/documentaire\/gangdemacaques","connexes":[],"url_video":"","mandat_duree":""},{"id_diffusion":"103225796","code_programme":"","id_programme":"","titre":"D-Day","sous_titre":"6 juin 1944","accroche":"Le 6 juin 1944 est rest\u00e9 dans l'Histoire comme le jour J, D-Day pour les Alli\u00e9s. Ce film raconte l'incroyable histoire de ce que Cornelius Ryan a appel\u00e9 le jour le plus long et qui fut marqu\u00e9 par la plus grande invasion de tous les temps. Le d\u00e9barquement a \u00e9t\u00e9 pr\u00e9par\u00e9 longtemps \u00e0 l'avance et il fut pr\u00e9c\u00e9d\u00e9 de missions secr\u00e8tes d'entra\u00eenement et d'actes h\u00e9ro\u00efques de toutes sortes. A travers des images extraites des grands films d'action s'inspirant du jour J et les techniques de pointe utilis\u00e9es en documentaire, le r\u00e9alisateur fait revivre avec pr\u00e9cision cet \u00e9v\u00e9nement capital, depuis sa pr\u00e9paration jusqu'\u00e0 l'arriv\u00e9e des troupes sur les c\u00f4tes normandes.","url_image_racine":"\/staticftv\/ref_emissions\/2014-06-02\/EMI_29746_csa1","extension_image":"jpg","datemodif_image":"1401688492","chaine":"france5","date":"2014-06-02","heure":"20:40","duree":"130","csa_code":"TP","csa_nom_long":"Tous publics","rubrique":"","genre_simplifie":"Documentaire","production":"","nationalite":"britannico-franco-allemand","presentateurs":"","invites":"","realisateurs":"Richard Dale","acteurs":"","url_site":"","mandat_debut":"","mandat_nb":"0","OAS_sitepage":"","connexes":[],"url_video":"","mandat_duree":""},{"id_diffusion":"103225797","code_programme":"","id_programme":"","titre":"C dans l'air","sous_titre":"","accroche":"Destin\u00e9 \u00e0 un large public, ce magazine d'information aborde tous les th\u00e8mes de l'actualit\u00e9, qu'elle soit sociale, politique, sportive ou culturelle. Plusieurs reportages apportent des \u00e9clairages diff\u00e9rents sur le sujet du jour. Ces images sont compl\u00e9t\u00e9es par les d\u00e9cryptages des experts invit\u00e9s en plateau. Les t\u00e9l\u00e9spectateurs sont invit\u00e9s \u00e0 r\u00e9agir en direct en envoyant leurs commentaires et r\u00e9actions par SMS, qui seront soumis aux invit\u00e9s du jour au cours du dernier quart d'heure de l'\u00e9mission. Sur Internet, les d\u00e9bats continuent gr\u00e2ce aux diff\u00e9rents forums de \u00abC dans l'air\u00bb.","url_image_racine":"\/staticftv\/ref_emissions\/2014-06-02\/EMI_449618_csa1","extension_image":"jpg","datemodif_image":"1401688492","chaine":"france5","date":"2014-06-02","heure":"22:50","duree":"65","csa_code":"TP","csa_nom_long":"Tous publics","rubrique":"","genre_simplifie":"Magazine d'information","production":"","nationalite":"","presentateurs":"Caroline Roux","invites":"","realisateurs":"","acteurs":"","url_site":"","mandat_debut":"","mandat_nb":"0","OAS_sitepage":"","connexes":[],"url_video":"","mandat_duree":""},{"id_diffusion":"103225798","code_programme":"","id_programme":"","titre":"Avis de sorties","sous_titre":"","accroche":"Diffusion de bandes-annonces de films qui sortent en salles.","url_image_racine":"","extension_image":"","datemodif_image":"","chaine":"france5","date":"2014-06-02","heure":"23:55","duree":"10","csa_code":"TP","csa_nom_long":"Tous publics","rubrique":"","genre_simplifie":"Magazine culturel","production":"","nationalite":"","presentateurs":"","invites":"","realisateurs":"","acteurs":"","url_site":"","mandat_debut":"","mandat_nb":"0","OAS_sitepage":"","connexes":[],"url_video":"","mandat_duree":""},{"id_diffusion":"103225799","code_programme":"","id_programme":"","titre":"Sale temps pour la plan\u00e8te","sous_titre":"Tanzanie, les damn\u00e9s de la Terre","accroche":"Avec son Kilimandjaro, ses animaux sauvages et ses Masa\u00ef, la Tanzanie fait r\u00eaver les aventuriers amateurs de sensations fortes autant que les touristes lambdas. Pourtant, derri\u00e8re cette image d'Afrique \u00e9ternelle, le pays est confront\u00e9 aux changements climatiques. Un d\u00e9fi majeur qui pourrait remettre en cause son patrimoine naturel et culturel. Marco Sikorei, un Masa\u00ef qui travaille pour les Nations unies, est tr\u00e8s pr\u00e9occup\u00e9 par le r\u00e9chauffement plan\u00e9taire, qui menace directement son peuple, des \u00e9leveurs nomades qui vivent de leur b\u00e9tail. D'ailleurs, les Hadzab\u00e9s, un autre peuple au mode de vie mill\u00e9naire, risquent eux aussi de dispara\u00eetre. Partout dans le pays, les s\u00e9cheresses \u00e0 r\u00e9p\u00e9tition, les pluies impr\u00e9visibles ou diluviennes d\u00e9sesp\u00e8rent \u00e9leveurs et cultivateurs. Un drame national car plus de 70% des Tanzaniens vivent des produits de la terre.","url_image_racine":"\/staticftv\/ref_emissions\/2014-06-02\/EMI_361058_csa1","extension_image":"jpg","datemodif_image":"1401688492","chaine":"france5","date":"2014-06-03","heure":"00:05","duree":"55","csa_code":"TP","csa_nom_long":"Tous publics","rubrique":"","genre_simplifie":"Documentaire","production":"","nationalite":"fran\u00e7ais","presentateurs":"","invites":"","realisateurs":"Morad A\u00eft-Habbouche, Baya Bellanger","acteurs":"","url_site":"","mandat_debut":"","mandat_nb":"0","OAS_sitepage":"","connexes":[],"url_video":"","mandat_duree":""},{"id_diffusion":"103225800","code_programme":"","id_programme":"","titre":"La face cach\u00e9e des Kennedy","sous_titre":"","accroche":"Mensonge et corruption caract\u00e9risent de plus en plus le clan Kennedy, \u00e0 la lumi\u00e8re des recherches r\u00e9centes. Les rapports entre la famille Kennedy et la Mafia n'\u00e9taient pas des plus clairs. Les historiens s'accordent \u00e0 reconna\u00eetre que Joseph, le patriarche, p\u00e8re du pr\u00e9sident assassin\u00e9, comptait des mafieux notoires parmi ses proches. De r\u00e9centes r\u00e9v\u00e9lations laissent \u00e0 penser que John F. Kennedy aurait b\u00e9n\u00e9fici\u00e9 de l'aide de la Mafia pour financer et appuyer sa campagne \u00e9lectorale victorieuse de 1960. Ensuite commencent les sp\u00e9culations. Qu'aurait promis en \u00e9change le candidat Kennedy que le Pr\u00e9sident n'aurait pas tenu et qui pourrait expliquer son assassinat, si ce dernier est bien, comme d'aucuns le pr\u00e9tendent, l'oeuvre de la Mafia ?","url_image_racine":"\/staticftv\/ref_emissions\/2014-06-02\/EMI_340252_csa1","extension_image":"jpg","datemodif_image":"1401688492","chaine":"france5","date":"2014-06-03","heure":"01:00","duree":"55","csa_code":"TP","csa_nom_long":"Tous publics","rubrique":"","genre_simplifie":"Documentaire","production":"","nationalite":"fran\u00e7ais","presentateurs":"","invites":"","realisateurs":"Thomas Johnson","acteurs":"","url_site":"","mandat_debut":"","mandat_nb":"0","OAS_sitepage":"","connexes":[],"url_video":"","mandat_duree":""},{"id_diffusion":"103225801","code_programme":"","id_programme":"","titre":"Cirque Gruss : une tradition en danger ?","sous_titre":"","accroche":"Le cirque, tr\u00e8s pris\u00e9 des citoyens fran\u00e7ais, est un monde de passion et de traditions, o\u00f9 le m\u00e9tier se transmet souvent de g\u00e9n\u00e9ration en g\u00e9n\u00e9ration. Mais c'est aussi un secteur tr\u00e8s rentable qui brasse des millions d'euros, et la premi\u00e8re sortie de loisirs en France. Afin de mieux comprendre l'univers des saltimbanques, mais aussi le mode de fonctionnement de cette entreprise pas comme les autres, Alex Gary, le r\u00e9alisateur de ce document, s'est int\u00e9ress\u00e9 au cirque Arlette Gruss. Comment fonctionne-t-il ? Quels sont les enjeux \u00e9conomiques ? Combien co\u00fbte un nouveau spectacle ? Qui sont les petits nouveaux qui font de l'ombre aux grandes familles ? Enqu\u00eate.","url_image_racine":"\/staticftv\/ref_emissions\/2014-06-02\/EMI_500304_csa1","extension_image":"jpg","datemodif_image":"1401688492","chaine":"france5","date":"2014-06-03","heure":"01:55","duree":"65","csa_code":"TP","csa_nom_long":"Tous publics","rubrique":"","genre_simplifie":"Documentaire de soci\u00e9t\u00e9","production":"","nationalite":"fran\u00e7ais","presentateurs":"","invites":"","realisateurs":"Alex Gary","acteurs":"","url_site":"","mandat_debut":"","mandat_nb":"0","OAS_sitepage":"","connexes":[],"url_video":"","mandat_duree":""},{"id_diffusion":"103226352","code_programme":"","id_programme":"","titre":"La nuit France 5","sous_titre":"","accroche":"Des rediffusions de documentaires.","url_image_racine":"","extension_image":"","datemodif_image":"","chaine":"france5","date":"2014-06-03","heure":"03:00","duree":"120","csa_code":"TP","csa_nom_long":"Tous publics","rubrique":"","genre_simplifie":"Magazine d'information","production":"","nationalite":"","presentateurs":"","invites":"","realisateurs":"","acteurs":"","url_site":"","mandat_debut":"","mandat_nb":"0","OAS_sitepage":"","connexes":[],"url_video":"","mandat_duree":""}]}