{"journee":{"date":"2014-06-02","nb_prog":51},"programmes":[{"id_diffusion":"104245893","code_programme":"","id_programme":"","titre":"Inf\u00f4 soir","sous_titre":"","accroche":"Le journal s'appuie sur les neuf d\u00e9partements et territoires fran\u00e7ais des outre-mers pour mieux comprendre le monde et s'ouvrir \u00e0 l'actualit\u00e9 internationale dans laquelle s'inscrivent ces r\u00e9gions.","url_image_racine":"\/staticftv\/ref_emissions\/2014-06-02\/COL_457061_csa1","extension_image":"jpg","datemodif_image":"1401688649","chaine":"la_1ere","date":"2014-06-02","heure":"05:05","duree":"8","csa_code":"TP","csa_nom_long":"Tous publics","rubrique":"","genre_simplifie":"Journal","production":"","nationalite":"","presentateurs":"","invites":"","realisateurs":"","acteurs":"","url_site":"","mandat_debut":"","mandat_nb":"0","OAS_sitepage":"","connexes":[],"url_video":"","mandat_duree":""},{"id_diffusion":"104245894","code_programme":"","id_programme":"","titre":"JTI W.E. fran\u00e7ais","sous_titre":"","accroche":"","url_image_racine":"","extension_image":"","datemodif_image":"","chaine":"la_1ere","date":"2014-06-02","heure":"05:13","duree":"7","csa_code":"TP","csa_nom_long":"Tous publics","rubrique":"","genre_simplifie":"Journal","production":"","nationalite":"","presentateurs":"","invites":"","realisateurs":"","acteurs":"","url_site":"","mandat_debut":"","mandat_nb":"0","OAS_sitepage":"","connexes":[],"url_video":"","mandat_duree":""},{"id_diffusion":"104245895","code_programme":"","id_programme":"","titre":"1000 masques","sous_titre":"","accroche":"","url_image_racine":"","extension_image":"","datemodif_image":"","chaine":"la_1ere","date":"2014-06-02","heure":"05:20","duree":"3","csa_code":"TP","csa_nom_long":"Tous publics","rubrique":"","genre_simplifie":"Magazine de soci\u00e9t\u00e9","production":"","nationalite":"","presentateurs":"","invites":"","realisateurs":"","acteurs":"","url_site":"","mandat_debut":"","mandat_nb":"0","OAS_sitepage":"","connexes":[],"url_video":"","mandat_duree":""},{"id_diffusion":"104245896","code_programme":"","id_programme":"","titre":"Miss R\u00e9union 2014","sous_titre":"","accroche":"","url_image_racine":"","extension_image":"","datemodif_image":"","chaine":"la_1ere","date":"2014-06-02","heure":"05:23","duree":"36","csa_code":"TP","csa_nom_long":"Tous publics","rubrique":"","genre_simplifie":"Divertissement","production":"","nationalite":"","presentateurs":"","invites":"","realisateurs":"","acteurs":"","url_site":"","mandat_debut":"","mandat_nb":"0","OAS_sitepage":"","connexes":[],"url_video":"","mandat_duree":""},{"id_diffusion":"103517331","code_programme":"le_sept_huit","id_programme":"5496","titre":"Gran' matin","sous_titre":"","accroche":"Philippe Dornier pr\u00e9sente aux c\u00f4t\u00e9s d'Isabelle Hoarau, le premier rendez-vous d'information de la journ\u00e9e. Un rendez-vous quotidien, en compagnie de l'invit\u00e9 du jour, o\u00f9 s'encha\u00eenent infos et rubriques (le Journal, Grand format : le reportage, le march\u00e9 forain, les infos routes...)","url_image_racine":"\/staticftv\/catchup\/img\/3\/54\/5496_1316609139_3_csa1","extension_image":"png","datemodif_image":"1316609139","chaine":"la_1ere","date":"2014-06-02","heure":"05:59","duree":"120","csa_code":"TP","csa_nom_long":"Tous publics","rubrique":"Magazine","genre_simplifie":"Magazine d'information","production":"","nationalite":"","presentateurs":"","invites":"","realisateurs":"","acteurs":"","url_site":"http:\/\/reunion.la1ere.fr\/","mandat_debut":"0","mandat_nb":"toutes","OAS_sitepage":"la_1ere\/magazine\/granmatin","connexes":[],"url_video":"\/hls-ios-inf\/i\/streaming-adaptatif\/2014\/S23\/J1\/103517331-20140602-,398,632,934,k.mp4.csmil\/master.m3u8","mandat_duree":"7"},{"id_diffusion":"104126793","code_programme":"","id_programme":"","titre":"Miss R\u00e9union 2014","sous_titre":"","accroche":"","url_image_racine":"","extension_image":"","datemodif_image":"","chaine":"la_1ere","date":"2014-06-02","heure":"07:59","duree":"2","csa_code":"TP","csa_nom_long":"Tous publics","rubrique":"","genre_simplifie":"Divertissement","production":"","nationalite":"","presentateurs":"","invites":"","realisateurs":"","acteurs":"","url_site":"","mandat_debut":"","mandat_nb":"0","OAS_sitepage":"","connexes":[],"url_video":"","mandat_duree":""},{"id_diffusion":"103723395","code_programme":"","id_programme":"","titre":"Les hommes de l'ombre","sous_titre":"L'attentat","accroche":"Le pr\u00e9sident de la R\u00e9publique est victime d'un attentat. Alors qu'une enqu\u00eate diligent\u00e9e par le Premier ministre s'ouvre et que la piste terroriste est confirm\u00e9e, Simon Kapita, ancien conseiller en communication du Pr\u00e9sident, se rend \u00e0 son chevet. Quand le chef d'Etat succombe \u00e0 ses blessures, des \u00e9lections anticip\u00e9es doivent \u00eatre organis\u00e9es. Simon, qui avait largement contribu\u00e9 au succ\u00e8s du Pr\u00e9sident d\u00e9funt lors de la pr\u00e9c\u00e9dente campagne, redoute de voir le Premier ministre, qu'il juge peu int\u00e8gre, prendre sa succession. Il pr\u00e9f\u00e9rerait voir la Secr\u00e9taire d'Etat Anne Visage, prendre la t\u00eate de l'Etat...","url_image_racine":"\/staticftv\/ref_emissions\/2014-06-02\/EMI_316701_csa1","extension_image":"jpg","datemodif_image":"1401688649","chaine":"la_1ere","date":"2014-06-02","heure":"08:01","duree":"44","csa_code":"TP","csa_nom_long":"Tous publics","rubrique":"","genre_simplifie":"S\u00e9rie dramatique","production":"","nationalite":"fran\u00e7aise","presentateurs":"","invites":"","realisateurs":"Fr\u00e9d\u00e9ric Tellier","acteurs":"Nathalie Baye, Bruno Wolkowitch, Philippe Magnan, Philippe H\u00e9risson, Gr\u00e9gory Fitoussi, Val\u00e9rie Karsenti, Abdelhafid Metalsi, Cl\u00e9mentine Poidatz","url_site":"","mandat_debut":"","mandat_nb":"0","OAS_sitepage":"","connexes":[],"url_video":"","mandat_duree":""},{"id_diffusion":"103517333","code_programme":"","id_programme":"","titre":"Avenida Brasil","sous_titre":"","accroche":"Apr\u00e8s le malaise de Carminia, Tifon d\u00e9cide de revenir \u00e0 la maison. Alexia part \u00e0 la recherche de No\u00e9mia, puis de V\u00e9ronica...","url_image_racine":"\/staticftv\/ref_emissions\/2014-06-02\/COL_485458_csa1","extension_image":"jpg","datemodif_image":"1401688650","chaine":"la_1ere","date":"2014-06-02","heure":"08:45","duree":"50","csa_code":"TP","csa_nom_long":"Tous publics","rubrique":"","genre_simplifie":"S\u00e9rie sentimentale","production":"","nationalite":"br\u00e9silien","presentateurs":"","invites":"","realisateurs":"","acteurs":"Adriana Esteves, Murilo Ben\u00edcio, Helo\u00edsa P\u00e9riss\u00e9, D\u00e9bora Falabella, Marcello Novaes, Eliane Glardini, Let\u00edcia Isnard","url_site":"","mandat_debut":"","mandat_nb":"0","OAS_sitepage":"","connexes":[],"url_video":"","mandat_duree":""},{"id_diffusion":"103517334","code_programme":"","id_programme":"","titre":"Les p'tits plats de Babette","sous_titre":"Episode 29 : Pav\u00e9 de langue de veau et sa sauce chien","accroche":"Babette de Rozi\u00e8res, chef originaire de Guadeloupe, concocte des plats originaux et savoureux aux c\u00f4t\u00e9s d'Emmanuel Maubert.","url_image_racine":"","extension_image":"","datemodif_image":"","chaine":"la_1ere","date":"2014-06-02","heure":"09:35","duree":"28","csa_code":"TP","csa_nom_long":"Tous publics","rubrique":"","genre_simplifie":"Magazine de services","production":"","nationalite":"","presentateurs":"Babette de Rozi\u00e8res, Emmanuel Maubert","invites":"Patrick Karam","realisateurs":"","acteurs":"","url_site":"","mandat_debut":"","mandat_nb":"0","OAS_sitepage":"","connexes":[],"url_video":"","mandat_duree":""},{"id_diffusion":"103517335","code_programme":"","id_programme":"","titre":"La maison d'\u00e0 c\u00f4t\u00e9","sous_titre":"","accroche":"Emilio propose \u00e0 Gonzalo de se lancer \u00e0 la poursuite des kidnappeurs d'Ignacia. Pilar apprend que Rebeca a quitt\u00e9 la maison. Nibaldo veut rompre avec Karen...","url_image_racine":"\/staticftv\/ref_emissions\/2014-06-02\/EMI_435198_csa1","extension_image":"jpg","datemodif_image":"1401688650","chaine":"la_1ere","date":"2014-06-02","heure":"10:03","duree":"46","csa_code":"TP","csa_nom_long":"Tous publics","rubrique":"","genre_simplifie":"S\u00e9rie sentimentale","production":"","nationalite":"am\u00e9ricain","presentateurs":"","invites":"","realisateurs":"","acteurs":"Maritza Rodr\u00edguez, Miguel Varoni, Catherine Siachoque, Gabriel Porras, David Chocarro","url_site":"","mandat_debut":"","mandat_nb":"0","OAS_sitepage":"","connexes":[],"url_video":"","mandat_duree":""},{"id_diffusion":"103517336","code_programme":"","id_programme":"","titre":"La maison d'\u00e0 c\u00f4t\u00e9","sous_titre":"","accroche":"Gonzalo reconna\u00eet la voix d'Efrain et comprend qu'il s'agit de l'inconnu qui lui passe des appels anonymes. Gonzalo l'agresse et Efrain part en courant...","url_image_racine":"\/staticftv\/ref_emissions\/2014-06-02\/EMI_435197_csa1","extension_image":"jpg","datemodif_image":"1401688650","chaine":"la_1ere","date":"2014-06-02","heure":"10:49","duree":"47","csa_code":"TP","csa_nom_long":"Tous publics","rubrique":"","genre_simplifie":"S\u00e9rie sentimentale","production":"","nationalite":"am\u00e9ricain","presentateurs":"","invites":"","realisateurs":"","acteurs":"Maritza Rodr\u00edguez, Miguel Varoni, Catherine Siachoque, Gabriel Porras, David Chocarro","url_site":"","mandat_debut":"","mandat_nb":"0","OAS_sitepage":"","connexes":[],"url_video":"","mandat_duree":""},{"id_diffusion":"103517337","code_programme":"","id_programme":"","titre":"Le triomphe de l'amour","sous_titre":"","accroche":"","url_image_racine":"","extension_image":"","datemodif_image":"","chaine":"la_1ere","date":"2014-06-02","heure":"11:36","duree":"48","csa_code":"TP","csa_nom_long":"Tous publics","rubrique":"","genre_simplifie":"S\u00e9rie sentimentale","production":"","nationalite":"mexicain","presentateurs":"","invites":"","realisateurs":"","acteurs":"C\u00e9sar Evora, Daniela Romo, Victoria Ruffo, Diego Olivera, William Levy, Maite Perroni, Osvaldo R\u00edos","url_site":"","mandat_debut":"","mandat_nb":"0","OAS_sitepage":"","connexes":[],"url_video":"","mandat_duree":""},{"id_diffusion":"103517338","code_programme":"cote_cuisine_le_process_de_jacky","id_programme":"15847","titre":"C\u00f4t\u00e9 cuisine : process de Jacky","sous_titre":"","accroche":"Un rendez-vous quotidien pour d\u00e9couvrir une foule de recettes aussi accessibles qu'app\u00e9tissantes dans une atmosph\u00e8re des plus sympathiques !","url_image_racine":"\/staticftv\/programmes\/15847_1392303419_csa1","extension_image":"jpg","datemodif_image":"1392303419","chaine":"la_1ere","date":"2014-06-02","heure":"12:24","duree":"4","csa_code":"TP","csa_nom_long":"Tous publics","rubrique":"Magazine","genre_simplifie":"Magazine de services","production":"","nationalite":"","presentateurs":"","invites":"","realisateurs":"","acteurs":"","url_site":"http:\/\/reunion.la1ere.fr\/emissions","mandat_debut":"0","mandat_nb":"toutes","OAS_sitepage":"la_1ere\/magazine\/cotecuisineprocessdejacky","connexes":[],"url_video":"\/hls-ios-inf\/i\/streaming-adaptatif_france-dom-tom\/2014\/S23\/J1\/103517338-20140602-,398,632,934,k.mp4.csmil\/master.m3u8","mandat_duree":"7"},{"id_diffusion":"103517339","code_programme":"","id_programme":"","titre":"C\u00f4t\u00e9 cuisine : process de Jacky","sous_titre":"","accroche":"","url_image_racine":"","extension_image":"","datemodif_image":"","chaine":"la_1ere","date":"2014-06-02","heure":"12:28","duree":"1","csa_code":"TP","csa_nom_long":"Tous publics","rubrique":"","genre_simplifie":"Magazine de services","production":"","nationalite":"","presentateurs":"","invites":"","realisateurs":"","acteurs":"","url_site":"","mandat_debut":"","mandat_nb":"0","OAS_sitepage":"","connexes":[],"url_video":"","mandat_duree":""},{"id_diffusion":"104126794","code_programme":"","id_programme":"","titre":"Miss R\u00e9union 2014","sous_titre":"","accroche":"","url_image_racine":"","extension_image":"","datemodif_image":"","chaine":"la_1ere","date":"2014-06-02","heure":"12:29","duree":"1","csa_code":"TP","csa_nom_long":"Tous publics","rubrique":"","genre_simplifie":"Divertissement","production":"","nationalite":"","presentateurs":"","invites":"","realisateurs":"","acteurs":"","url_site":"","mandat_debut":"","mandat_nb":"0","OAS_sitepage":"","connexes":[],"url_video":"","mandat_duree":""},{"id_diffusion":"103517340","code_programme":"jt_reunion_midi","id_programme":"5499","titre":"Journal R\u00e9union 1\u00e8re","sous_titre":"","accroche":"Le journal de 12 h 30 de R\u00e9union 1\u00e8re.","url_image_racine":"\/staticftv\/ref_emissions\/2014-06-02\/COL_429763_csa1","extension_image":"jpg","datemodif_image":"1401688650","chaine":"la_1ere","date":"2014-06-02","heure":"12:30","duree":"27","csa_code":"TP","csa_nom_long":"Tous publics","rubrique":"Info","genre_simplifie":"Journal","production":"R\u00e9union 1\u00e8re","nationalite":"","presentateurs":"","invites":"","realisateurs":"","acteurs":"","url_site":"http:\/\/reunion.la1ere.fr\/","mandat_debut":"0","mandat_nb":"toutes","OAS_sitepage":"la_1ere\/info\/journalreunion1ere","connexes":[],"url_video":"\/hls-ios-inf\/i\/streaming-adaptatif\/2014\/S23\/J1\/103517340-20140602-,398,632,934,k.mp4.csmil\/master.m3u8","mandat_duree":"7"},{"id_diffusion":"103517341","code_programme":"","id_programme":"","titre":"M\u00e9t\u00e9o midi","sous_titre":"","accroche":"","url_image_racine":"","extension_image":"","datemodif_image":"","chaine":"la_1ere","date":"2014-06-02","heure":"12:57","duree":"2","csa_code":"TP","csa_nom_long":"Tous publics","rubrique":"","genre_simplifie":"M\u00e9t\u00e9o","production":"","nationalite":"","presentateurs":"","invites":"","realisateurs":"","acteurs":"","url_site":"","mandat_debut":"","mandat_nb":"0","OAS_sitepage":"","connexes":[],"url_video":"","mandat_duree":""},{"id_diffusion":"104126795","code_programme":"","id_programme":"","titre":"Miss R\u00e9union 2014","sous_titre":"","accroche":"","url_image_racine":"","extension_image":"","datemodif_image":"","chaine":"la_1ere","date":"2014-06-02","heure":"12:59","duree":"2","csa_code":"TP","csa_nom_long":"Tous publics","rubrique":"","genre_simplifie":"Divertissement","production":"","nationalite":"","presentateurs":"","invites":"","realisateurs":"","acteurs":"","url_site":"","mandat_debut":"","mandat_nb":"0","OAS_sitepage":"","connexes":[],"url_video":"","mandat_duree":""},{"id_diffusion":"103517342","code_programme":"","id_programme":"","titre":"La force du coeur","sous_titre":"","accroche":"","url_image_racine":"","extension_image":"","datemodif_image":"","chaine":"la_1ere","date":"2014-06-02","heure":"13:01","duree":"46","csa_code":"TP","csa_nom_long":"Tous publics","rubrique":"","genre_simplifie":"S\u00e9rie sentimentale","production":"","nationalite":"","presentateurs":"","invites":"","realisateurs":"","acteurs":"","url_site":"","mandat_debut":"","mandat_nb":"0","OAS_sitepage":"","connexes":[],"url_video":"","mandat_duree":""},{"id_diffusion":"103517343","code_programme":"","id_programme":"","titre":"La force du coeur","sous_titre":"","accroche":"","url_image_racine":"","extension_image":"","datemodif_image":"","chaine":"la_1ere","date":"2014-06-02","heure":"13:47","duree":"46","csa_code":"TP","csa_nom_long":"Tous publics","rubrique":"","genre_simplifie":"S\u00e9rie sentimentale","production":"","nationalite":"","presentateurs":"","invites":"","realisateurs":"","acteurs":"","url_site":"","mandat_debut":"","mandat_nb":"0","OAS_sitepage":"","connexes":[],"url_video":"","mandat_duree":""},{"id_diffusion":"103517344","code_programme":"","id_programme":"","titre":"La force du coeur","sous_titre":"","accroche":"","url_image_racine":"","extension_image":"","datemodif_image":"","chaine":"la_1ere","date":"2014-06-02","heure":"14:33","duree":"45","csa_code":"TP","csa_nom_long":"Tous publics","rubrique":"","genre_simplifie":"S\u00e9rie sentimentale","production":"","nationalite":"","presentateurs":"","invites":"","realisateurs":"","acteurs":"","url_site":"","mandat_debut":"","mandat_nb":"0","OAS_sitepage":"","connexes":[],"url_video":"","mandat_duree":""},{"id_diffusion":"103517345","code_programme":"","id_programme":"","titre":"Les flamboyants","sous_titre":"","accroche":"Ludo a demand\u00e9 \u00e0 Marie Eve de ne pas repartir car il l'aime. La jeune fille est folle de joie et les deux amoureux nagent en plein bonheur...","url_image_racine":"\/staticftv\/ref_emissions\/2014-06-02\/COL_301641_csa1","extension_image":"jpg","datemodif_image":"1401688650","chaine":"la_1ere","date":"2014-06-02","heure":"15:18","duree":"25","csa_code":"TP","csa_nom_long":"Tous publics","rubrique":"","genre_simplifie":"S\u00e9rie sentimentale","production":"","nationalite":"fran\u00e7ais","presentateurs":"","invites":"","realisateurs":"G\u00e9rard Espinasse","acteurs":"Ludovic Van Dorm,  Lakshan, Emilie Minatchy, Benjamin Rovello, Gr\u00e9gory Templet, Cindy Minatchy, Siegfried Ventadour, Murielle Hilaire","url_site":"","mandat_debut":"","mandat_nb":"0","OAS_sitepage":"","connexes":[],"url_video":"","mandat_duree":""},{"id_diffusion":"103517346","code_programme":"","id_programme":"","titre":"Les flamboyants","sous_titre":"","accroche":"M\u00e9lanie tente d'avoir une conversation avec Raphael mais il a l'air de se d\u00e9filer. Il part et les questions de la jeune femme restent sans r\u00e9ponse...","url_image_racine":"\/staticftv\/ref_emissions\/2014-06-02\/COL_301647_csa1","extension_image":"jpg","datemodif_image":"1401688650","chaine":"la_1ere","date":"2014-06-02","heure":"15:43","duree":"25","csa_code":"TP","csa_nom_long":"Tous publics","rubrique":"","genre_simplifie":"S\u00e9rie sentimentale","production":"","nationalite":"fran\u00e7ais","presentateurs":"","invites":"","realisateurs":"G\u00e9rard Espinasse","acteurs":"Ludovic Van Dorm,  Lakshan, Emilie Minatchy, Benjamin Rovello, Gr\u00e9gory Templet, Cindy Minatchy, Siegfried Ventadour, Murielle Hilaire","url_site":"","mandat_debut":"","mandat_nb":"0","OAS_sitepage":"","connexes":[],"url_video":"","mandat_duree":""},{"id_diffusion":"103517347","code_programme":"","id_programme":"","titre":"Les flamboyants","sous_titre":"","accroche":"Au cours de la soir\u00e9e, M\u00e9lanie et Raphael ont fait bande \u00e0 part pour s'expliquer et lorsqu'ils reviennent, c'est enlac\u00e9s et heureux...","url_image_racine":"\/staticftv\/ref_emissions\/2014-06-02\/COL_301647_csa1","extension_image":"jpg","datemodif_image":"1401688650","chaine":"la_1ere","date":"2014-06-02","heure":"16:08","duree":"26","csa_code":"TP","csa_nom_long":"Tous publics","rubrique":"","genre_simplifie":"S\u00e9rie sentimentale","production":"","nationalite":"fran\u00e7ais","presentateurs":"","invites":"","realisateurs":"G\u00e9rard Espinasse","acteurs":"Ludovic Van Dorm,  Lakshan, Emilie Minatchy, Benjamin Rovello, Gr\u00e9gory Templet, Cindy Minatchy, Siegfried Ventadour, Murielle Hilaire","url_site":"","mandat_debut":"","mandat_nb":"0","OAS_sitepage":"","connexes":[],"url_video":"","mandat_duree":""},{"id_diffusion":"103517348","code_programme":"","id_programme":"","titre":"C\u00f4t\u00e9 cuisine : process de Jacky","sous_titre":"","accroche":"","url_image_racine":"","extension_image":"","datemodif_image":"","chaine":"la_1ere","date":"2014-06-02","heure":"16:34","duree":"3","csa_code":"TP","csa_nom_long":"Tous publics","rubrique":"","genre_simplifie":"Magazine de services","production":"","nationalite":"","presentateurs":"","invites":"","realisateurs":"","acteurs":"","url_site":"","mandat_debut":"","mandat_nb":"0","OAS_sitepage":"","connexes":[],"url_video":"","mandat_duree":""},{"id_diffusion":"103517349","code_programme":"","id_programme":"","titre":"C\u00f4t\u00e9 cuisine : process de Jacky","sous_titre":"","accroche":"","url_image_racine":"","extension_image":"","datemodif_image":"","chaine":"la_1ere","date":"2014-06-02","heure":"16:37","duree":"2","csa_code":"TP","csa_nom_long":"Tous publics","rubrique":"","genre_simplifie":"Magazine de services","production":"","nationalite":"","presentateurs":"","invites":"","realisateurs":"","acteurs":"","url_site":"","mandat_debut":"","mandat_nb":"0","OAS_sitepage":"","connexes":[],"url_video":"","mandat_duree":""},{"id_diffusion":"103517350","code_programme":"","id_programme":"","titre":"Amour, gloire et beaut\u00e9","sous_titre":"","accroche":"Thorne se confie \u00e0 Eric \u00e0 propos des probl\u00e8mes de leur famille. St\u00e9phanie rend visite \u00e0 Brooke. Eric, pour sa part, est choqu\u00e9 de d\u00e9couvrir ce que St\u00e9phanie a fait. Enfin, Thomas doit faire face \u00e0 Brooke.","url_image_racine":"\/staticftv\/ref_emissions\/2014-06-02\/EMI_229257_csa1","extension_image":"jpg","datemodif_image":"1401688650","chaine":"la_1ere","date":"2014-06-02","heure":"16:39","duree":"22","csa_code":"TP","csa_nom_long":"Tous publics","rubrique":"","genre_simplifie":"S\u00e9rie sentimentale","production":"","nationalite":"am\u00e9ricain","presentateurs":"","invites":"","realisateurs":"Jennifer Howard","acteurs":"Ronn Moss, John McCook, Katherine Kelly Lang, Susan Flannery, Winsor Harmon, Adam Gregory","url_site":"","mandat_debut":"","mandat_nb":"0","OAS_sitepage":"","connexes":[],"url_video":"","mandat_duree":""},{"id_diffusion":"103517351","code_programme":"","id_programme":"","titre":"Gavilanes","sous_titre":"","accroche":"Apr\u00e8s la disparition de ses parents, Juan Reyes doit s'occuper seul de l'avenir de ses fr\u00e8res Oscar et Frank et de sa soeur Lidia. Tous m\u00e8nent ensemble une existence paisible, jusqu'\u00e0 ce que Lidia tombe sous le charme d'un riche homme d'affaires, Bernardo Elizondo. Juan et ses fr\u00e8res s'inqui\u00e8tent : Bernardo est un homme mari\u00e9, p\u00e8re de trois filles et beaucoup plus \u00e2g\u00e9 que Lidia. Le sort n'\u00e9pargne pas les Reyes : la jeune femme et son compagnon meurent quelque temps plus tard dans un accident de la route. Persuad\u00e9 que leur disparition n'a rien d'accidentel, Juan d\u00e9cide de mener sa propre enqu\u00eate.","url_image_racine":"\/staticftv\/ref_emissions\/2014-06-02\/EMI_409739_csa1","extension_image":"jpg","datemodif_image":"1401688650","chaine":"la_1ere","date":"2014-06-02","heure":"17:01","duree":"55","csa_code":"TP","csa_nom_long":"Tous publics","rubrique":"","genre_simplifie":"S\u00e9rie sentimentale","production":"","nationalite":"espagnole","presentateurs":"","invites":"","realisateurs":"","acteurs":"Carme Elias, Diana Palaz\u00f3n, Rodolfo Sancho, Claudia Bassols, Fernando Andina, Alicia Sanz, Roger Berruezo, Alejandro Albarrac\u00edn","url_site":"","mandat_debut":"","mandat_nb":"0","OAS_sitepage":"","connexes":[],"url_video":"","mandat_duree":""},{"id_diffusion":"103723396","code_programme":"","id_programme":"","titre":"Avenida Brasil","sous_titre":"","accroche":"Jorginho d\u00e9couvre la preuve que Carminia a bien organis\u00e9 son propre enl\u00e8vement. Max annonce \u00e0 Ivana que les affaires ont \u00e9t\u00e9 bonnes et qu'il s'est achet\u00e9 un bateau...","url_image_racine":"\/staticftv\/ref_emissions\/2014-06-02\/COL_485458_csa1","extension_image":"jpg","datemodif_image":"1401688650","chaine":"la_1ere","date":"2014-06-02","heure":"17:56","duree":"45","csa_code":"TP","csa_nom_long":"Tous publics","rubrique":"","genre_simplifie":"S\u00e9rie sentimentale","production":"","nationalite":"br\u00e9silien","presentateurs":"","invites":"","realisateurs":"","acteurs":"Adriana Esteves, Murilo Ben\u00edcio, Helo\u00edsa P\u00e9riss\u00e9, D\u00e9bora Falabella, Marcello Novaes, Eliane Glardini, Let\u00edcia Isnard","url_site":"","mandat_debut":"","mandat_nb":"0","OAS_sitepage":"","connexes":[],"url_video":"","mandat_duree":""},{"id_diffusion":"103517353","code_programme":"cash_reunion","id_programme":"13061","titre":"Cash","sous_titre":"","accroche":"Une banqui\u00e8re, valise en main, en compagnie de son acolyte et de sa garde rapproch\u00e9e descendent dans la rue pour une aventure aussi amusante qu\u0092instructive. Au final, deux inconnus gagneront 500 euros ! Mais, il faudra r\u00e9pondre \u00e0 dix questions. Un jeu frais, ludique et intelligent.","url_image_racine":"\/staticftv\/programmes\/13061_1359112248_csa1","extension_image":"jpg","datemodif_image":"1359112248","chaine":"la_1ere","date":"2014-06-02","heure":"18:41","duree":"12","csa_code":"TP","csa_nom_long":"Tous publics","rubrique":"Jeu","genre_simplifie":"Jeu","production":"","nationalite":"","presentateurs":"","invites":"","realisateurs":"","acteurs":"","url_site":"","mandat_debut":"0","mandat_nb":"toutes","OAS_sitepage":"la_1ere\/jeu\/cash","connexes":[],"url_video":"","mandat_duree":""},{"id_diffusion":"103517354","code_programme":"","id_programme":"","titre":"En route vers Rio","sous_titre":"","accroche":"","url_image_racine":"","extension_image":"","datemodif_image":"","chaine":"la_1ere","date":"2014-06-02","heure":"18:53","duree":"6","csa_code":"TP","csa_nom_long":"Tous publics","rubrique":"","genre_simplifie":"Magazine sportif","production":"","nationalite":"","presentateurs":"","invites":"","realisateurs":"","acteurs":"","url_site":"","mandat_debut":"","mandat_nb":"0","OAS_sitepage":"","connexes":[],"url_video":"","mandat_duree":""},{"id_diffusion":"104126796","code_programme":"","id_programme":"","titre":"Miss R\u00e9union 2014","sous_titre":"","accroche":"","url_image_racine":"","extension_image":"","datemodif_image":"","chaine":"la_1ere","date":"2014-06-02","heure":"18:59","duree":"1","csa_code":"TP","csa_nom_long":"Tous publics","rubrique":"","genre_simplifie":"Divertissement","production":"","nationalite":"","presentateurs":"","invites":"","realisateurs":"","acteurs":"","url_site":"","mandat_debut":"","mandat_nb":"0","OAS_sitepage":"","connexes":[],"url_video":"","mandat_duree":""},{"id_diffusion":"103517355","code_programme":"19_20_reunion_1ere_1ere_partie","id_programme":"14709","titre":"19\/20 R\u00e9union 1\u00e8re","sous_titre":"","accroche":"Retrouvez les titres du Journal, Kozman La Kour et L'invit\u00e9 du jour.","url_image_racine":"\/staticftv\/programmes\/_1380546651_csa1","extension_image":"jpg","datemodif_image":"1380546651","chaine":"la_1ere","date":"2014-06-02","heure":"19:00","duree":"20","csa_code":"TP","csa_nom_long":"Tous publics","rubrique":"Info","genre_simplifie":"Journal","production":"R\u00e9union 1\u00e8re","nationalite":"","presentateurs":"","invites":"","realisateurs":"","acteurs":"","url_site":"http:\/\/reunion.la1ere.fr\/emissions","mandat_debut":"0","mandat_nb":"toutes","OAS_sitepage":"la_1ere\/info\/1920reunion1ere","connexes":[],"url_video":"","mandat_duree":""},{"id_diffusion":"103517356","code_programme":"koud_kony","id_programme":"14399","titre":"Koud Kony","sous_titre":"","accroche":"Jean-Laurent FAUBOURG pr\u00e9sente son KOUD KONY (prononcez \"Coup de Cogne\"). Il ne se prive pas d'\u00e9voquer les sujets qui font la une des \u00e9ditions locales avec un ton d\u00e9cal\u00e9 tous les jours de la semaine.\r\n\r\n","url_image_racine":"\/staticftv\/programmes\/_1377692679_csa1","extension_image":"jpg","datemodif_image":"1377692679","chaine":"la_1ere","date":"2014-06-02","heure":"19:20","duree":"4","csa_code":"TP","csa_nom_long":"Tous publics","rubrique":"Divertissement","genre_simplifie":"Magazine de soci\u00e9t\u00e9","production":"","nationalite":"","presentateurs":"","invites":"","realisateurs":"","acteurs":"","url_site":"http:\/\/reunion.la1ere.fr\/","mandat_debut":"0","mandat_nb":"toutes","OAS_sitepage":"la_1ere\/divertissement\/koudkony","connexes":[],"url_video":"","mandat_duree":""},{"id_diffusion":"104126797","code_programme":"","id_programme":"","titre":"Miss R\u00e9union 2014","sous_titre":"","accroche":"","url_image_racine":"","extension_image":"","datemodif_image":"","chaine":"la_1ere","date":"2014-06-02","heure":"19:24","duree":"2","csa_code":"TP","csa_nom_long":"Tous publics","rubrique":"","genre_simplifie":"Divertissement","production":"","nationalite":"","presentateurs":"","invites":"","realisateurs":"","acteurs":"","url_site":"","mandat_debut":"","mandat_nb":"0","OAS_sitepage":"","connexes":[],"url_video":"","mandat_duree":""},{"id_diffusion":"103517357","code_programme":"","id_programme":"","titre":"M\u00e9t\u00e9o","sous_titre":"","accroche":"","url_image_racine":"","extension_image":"","datemodif_image":"","chaine":"la_1ere","date":"2014-06-02","heure":"19:26","duree":"4","csa_code":"TP","csa_nom_long":"Tous publics","rubrique":"","genre_simplifie":"M\u00e9t\u00e9o","production":"","nationalite":"","presentateurs":"","invites":"","realisateurs":"","acteurs":"","url_site":"","mandat_debut":"","mandat_nb":"0","OAS_sitepage":"","connexes":[],"url_video":"","mandat_duree":""},{"id_diffusion":"103517358","code_programme":"jt_reunion","id_programme":"450","titre":"19\/20 R\u00e9union 1\u00e8re","sous_titre":"","accroche":"Toute l'actualit\u00e9 de votre r\u00e9gion.","url_image_racine":"\/staticftv\/catchup\/img\/3\/4\/450_1300729003_3_csa1","extension_image":"png","datemodif_image":"1300729003","chaine":"la_1ere","date":"2014-06-02","heure":"19:30","duree":"26","csa_code":"TP","csa_nom_long":"Tous publics","rubrique":"Info","genre_simplifie":"Journal","production":"","nationalite":"","presentateurs":"","invites":"","realisateurs":"","acteurs":"","url_site":"http:\/\/reunion.la1ere.fr","mandat_debut":"0","mandat_nb":"toutes","OAS_sitepage":"la_1ere\/info\/1920reunion1ere","connexes":[],"url_video":"","mandat_duree":""},{"id_diffusion":"103517359","code_programme":"meteo_reunion_1ere","id_programme":"11549","titre":"M\u00e9t\u00e9o soir","sous_titre":"","accroche":"Bulletin m\u00e9t\u00e9o et pr\u00e9visions ","url_image_racine":"\/staticftv\/programmes\/11549_1355493811_csa1","extension_image":"jpg","datemodif_image":"1355493811","chaine":"la_1ere","date":"2014-06-02","heure":"19:56","duree":"3","csa_code":"TP","csa_nom_long":"Tous publics","rubrique":"Info","genre_simplifie":"M\u00e9t\u00e9o","production":"","nationalite":"","presentateurs":"","invites":"","realisateurs":"","acteurs":"","url_site":"","mandat_debut":"0","mandat_nb":"toutes","OAS_sitepage":"la_1ere\/info\/meteosoir","connexes":[],"url_video":"","mandat_duree":""},{"id_diffusion":"103517360","code_programme":"infos_route","id_programme":"12442","titre":"M\u00e9t\u00e9o des routes soir","sous_titre":"","accroche":"Infos route, c'est votre rendez-vous quotidien (sauf le samedi), de la \"m\u00e9t\u00e9o\" de la circulation de La R\u00e9union. Infos trafic, travaux, d\u00e9viations, etc. Tous les bons plans pour rouler l'esprit tranquille sur l'\u00cele.","url_image_racine":"\/staticftv\/programmes\/12442_1352896721_csa1","extension_image":"jpg","datemodif_image":"1352896721","chaine":"la_1ere","date":"2014-06-02","heure":"19:59","duree":"3","csa_code":"TP","csa_nom_long":"Tous publics","rubrique":"Info","genre_simplifie":"M\u00e9t\u00e9o","production":"","nationalite":"","presentateurs":"","invites":"","realisateurs":"","acteurs":"","url_site":"http:\/\/reunion.la1ere.fr\/","mandat_debut":"0","mandat_nb":"toutes","OAS_sitepage":"la_1ere\/info\/meteodesroutessoir","connexes":[],"url_video":"","mandat_duree":""},{"id_diffusion":"103517361","code_programme":"","id_programme":"","titre":"Les experts : Las Vegas","sous_titre":"Un anniversaire inoubliable","accroche":"Sara est choqu\u00e9e d'apprendre que l'homme avec qui elle a pass\u00e9 la nuit a \u00e9t\u00e9 poignard\u00e9 peu apr\u00e8s qu'elle a quitt\u00e9 sa chambre d'h\u00f4tel pour retourner dans la sienne. Elle jure qu'elle n'a rien fait d'autre que de boire du vin avec la victime, un d\u00e9nomm\u00e9 Taylor Wynard, mais l'examen des appels pass\u00e9s depuis son t\u00e9l\u00e9phone, la pr\u00e9sence de ses cl\u00e9s sur place et le fait qu'elle ait pris des somnif\u00e8res avant de dormir s\u00e8ment le doute. Lorsque Sara apprend que ses coll\u00e8gues, charg\u00e9s de l'enqu\u00eate, ont retrouv\u00e9 un collier lui appartenant, cadeau de son d\u00e9funt ami Edie, elle \u00e9met l'hypoth\u00e8se qu'elle a \u00e9t\u00e9 victime d'une machination, orchestr\u00e9e par un ennemi d'Edie...","url_image_racine":"\/staticftv\/ref_emissions\/2014-06-02\/EMI_429206_csa1","extension_image":"jpg","datemodif_image":"1401688651","chaine":"la_1ere","date":"2014-06-02","heure":"20:02","duree":"44","csa_code":"TP","csa_nom_long":"Tous publics","rubrique":"","genre_simplifie":"S\u00e9rie","production":"","nationalite":"am\u00e9ricaine","presentateurs":"","invites":"","realisateurs":"Karen Gaviola","acteurs":"Jorja Fox, George Eads, Wallace Langham, Elisabeth Shue, Ted Danson, Elisabeth Harnois, Eric Szmanda, Jon Wellner","url_site":"","mandat_debut":"","mandat_nb":"0","OAS_sitepage":"","connexes":[],"url_video":"","mandat_duree":""},{"id_diffusion":"103517362","code_programme":"","id_programme":"","titre":"Les experts : Las Vegas","sous_titre":"Cartes \u00e0 jouer","accroche":"Russell, Morgan et Greg sont perplexes lorsqu'ils d\u00e9couvrent le corps de Pete Cole, assassin\u00e9 dans un ascenseur d'h\u00f4tel. Apr\u00e8s examen de la blessure qu'il porte au cou, Hodges d\u00e9termine que Cole a \u00e9t\u00e9 tu\u00e9 par une carte \u00e0 jouer lanc\u00e9e avec force. Une inspection de l'ascenseur permet aux enqu\u00eateurs de retrouver un as de pique ensanglant\u00e9. Pendant ce temps, Nick et Sara d\u00e9couvrent le corps de Trent Aldridge, ligot\u00e9 \u00e0 son lit. Son assassin l'a forc\u00e9 a avaler sept coeurs de poulet crus. Les policiers sont convaincus que les deux affaires sont li\u00e9es, \u00e9tant donn\u00e9 que les deux victimes \u00e9taient des joueurs de poker connus...","url_image_racine":"\/staticftv\/ref_emissions\/2014-06-02\/EMI_501310_csa1","extension_image":"jpg","datemodif_image":"1401688651","chaine":"la_1ere","date":"2014-06-02","heure":"20:46","duree":"44","csa_code":"TP","csa_nom_long":"Tous publics","rubrique":"","genre_simplifie":"S\u00e9rie","production":"","nationalite":"am\u00e9ricaine","presentateurs":"","invites":"","realisateurs":"Brad Tanenbaum","acteurs":"Jorja Fox, George Eads, Wallace Langham, Elisabeth Shue, Ted Danson, Elisabeth Harnois, Eric Szmanda, David Berman","url_site":"","mandat_debut":"","mandat_nb":"0","OAS_sitepage":"","connexes":[],"url_video":"","mandat_duree":""},{"id_diffusion":"103517363","code_programme":"","id_programme":"","titre":"Les experts : Las Vegas","sous_titre":"Que le spectacle commence","accroche":"Une femme a \u00e9t\u00e9 assassin\u00e9e dans les coulisses du Cirque du Soleil de Las Vegas. Grissom et Catherine se rendent sur les lieux du crime pour relever toutes les traces qui pourraient les mener \u00e0 l'assassin. Pendant ce temps, un homme est abattu lors d'une r\u00e9ception donn\u00e9e par Sam Braun, le p\u00e8re de Catherine, pour f\u00eater l'ouverture de son tout nouveau casino. Or, le d\u00e9funt \u00e9tait l'un des investisseurs de la salle de jeu. Pour les besoins de l'enqu\u00eate, Catherine se rend avec Nick dans une bo\u00eete de nuit : elle manque d'y laisser la vie. Grissom, lui, se concentre sur la sc\u00e8ne du crime du Cirque du Soleil et d\u00e9couvre des \u00e9l\u00e9ments int\u00e9ressants...","url_image_racine":"\/staticftv\/ref_emissions\/2014-06-02\/EMI_87111_csa1","extension_image":"jpg","datemodif_image":"1401688651","chaine":"la_1ere","date":"2014-06-02","heure":"21:30","duree":"44","csa_code":"TP","csa_nom_long":"Tous publics","rubrique":"","genre_simplifie":"S\u00e9rie","production":"","nationalite":"am\u00e9ricaine","presentateurs":"","invites":"","realisateurs":"Kenneth Fink","acteurs":"Marg Helgenberger, Paul Guilfoyle, Gary Dourdan, Jorja Fox, Scott Wilson, George Eads, William Petersen, Eric Szmanda","url_site":"","mandat_debut":"","mandat_nb":"0","OAS_sitepage":"","connexes":[],"url_video":"","mandat_duree":""},{"id_diffusion":"103517364","code_programme":"","id_programme":"","titre":"Les experts : Las Vegas","sous_titre":"Dr\u00f4le d'endroit pour des rencontres","accroche":"Donna, Rebecca, Jack, Lou et Ray ont tous trouv\u00e9 la mort. Brass et Catherine enqu\u00eatent sur le cas de Donna, Warrick et Sofia sur celui de Rebecca. Nick et Greg se chargent du dossier de Jack, Grissom et Sara de ceux de Ray et Lou. Donna vivait \u00e0 San Francisco, o\u00f9 elle \u00e9tait agent de police et garde du corps. Rebecca \u00e9tait un ancien top model. Jack, quant \u00e0 lui, un v\u00e9t\u00e9ran de la guerre du Golfe, revenait d'Irak. Les corps de Lou et de Ray ont \u00e9t\u00e9 retrouv\u00e9s dans le garage de Lou. Il existe forc\u00e9ment un point commun entre toutes ces victimes. Mais lequel ? Pendant ce temps, les cinq victimes se \u00abr\u00e9veillent\u00bb \u00e0 la morgue et se mettent \u00e0 se raconter leur histoire...","url_image_racine":"\/staticftv\/ref_emissions\/2014-06-02\/EMI_300013_csa1","extension_image":"jpg","datemodif_image":"1401688651","chaine":"la_1ere","date":"2014-06-02","heure":"22:14","duree":"44","csa_code":"TP","csa_nom_long":"Tous publics","rubrique":"","genre_simplifie":"S\u00e9rie","production":"","nationalite":"am\u00e9ricaine","presentateurs":"","invites":"","realisateurs":"Jeffrey G Hunt","acteurs":"Marg Helgenberger, Paul Guilfoyle, Gary Dourdan, Jessica Steen, George Eads, William Petersen, Eric Szmanda, Louise Lombard","url_site":"","mandat_debut":"","mandat_nb":"0","OAS_sitepage":"","connexes":[],"url_video":"","mandat_duree":""},{"id_diffusion":"103517365","code_programme":"soir_1ere","id_programme":"12436","titre":"JT R\u00e9union","sous_titre":"","accroche":"Le rendez-vous d\u0092information des sourds et des malentendants passe en revue, en dix minutes, toute l\u0092actualit\u00e9 de la semaine.","url_image_racine":"\/staticftv\/programmes\/12436_1352985204_csa1","extension_image":"jpg","datemodif_image":"1352985204","chaine":"la_1ere","date":"2014-06-02","heure":"22:58","duree":"15","csa_code":"TP","csa_nom_long":"Tous publics","rubrique":"Info","genre_simplifie":"Journal","production":"","nationalite":"","presentateurs":"","invites":"","realisateurs":"","acteurs":"","url_site":"http:\/\/reunion.la1ere.fr\/","mandat_debut":"0","mandat_nb":"toutes","OAS_sitepage":"la_1ere\/info\/jtreunion","connexes":[],"url_video":"","mandat_duree":""},{"id_diffusion":"103517366","code_programme":"","id_programme":"","titre":"M\u00e9t\u00e9o soir","sous_titre":"","accroche":"","url_image_racine":"","extension_image":"","datemodif_image":"","chaine":"la_1ere","date":"2014-06-02","heure":"23:13","duree":"4","csa_code":"TP","csa_nom_long":"Tous publics","rubrique":"","genre_simplifie":"M\u00e9t\u00e9o","production":"","nationalite":"","presentateurs":"","invites":"","realisateurs":"","acteurs":"","url_site":"","mandat_debut":"","mandat_nb":"0","OAS_sitepage":"","connexes":[],"url_video":"","mandat_duree":""},{"id_diffusion":"103517367","code_programme":"","id_programme":"","titre":"Max'Ride","sous_titre":"","accroche":"","url_image_racine":"","extension_image":"","datemodif_image":"","chaine":"la_1ere","date":"2014-06-02","heure":"23:17","duree":"15","csa_code":"TP","csa_nom_long":"Tous publics","rubrique":"","genre_simplifie":"Magazine sportif","production":"","nationalite":"","presentateurs":"","invites":"","realisateurs":"","acteurs":"","url_site":"","mandat_debut":"","mandat_nb":"0","OAS_sitepage":"","connexes":[],"url_video":"","mandat_duree":""},{"id_diffusion":"103517368","code_programme":"","id_programme":"","titre":"Meurtres au paradis","sous_titre":"Meurtre \u00e0 la plantation","accroche":"Le corps sans vie d'un habitant de l'\u00eele Sainte Marie est d\u00e9couvert. Le cadavre est rapidement identifi\u00e9 : il s'agit du riche propri\u00e9taire d'une vaste plantation de sucre. Pas besoin de faire appel au m\u00e9decin l\u00e9giste pour deviner la cause du d\u00e9c\u00e8s. En effet, une machette est plant\u00e9e dans le dos de la victime. L'enqu\u00eate d\u00e9bute et, tr\u00e8s vite, l'inspecteur Richard Poole apprend que cet exploitant s'appr\u00eatait \u00e0 effectuer une annonce importante \u00e0 sa famille. Il avait d'ailleurs r\u00e9uni tous ses proches pour l'occasion. Une nouvelle fois, Richard Poole se retrouve face \u00e0 une enqu\u00eate qui n\u00e9cessite d'aborder les faits de mani\u00e8re diff\u00e9rente. Apparemment, cet homicide para\u00eet impossible \u00e0 r\u00e9soudre...","url_image_racine":"\/staticftv\/ref_emissions\/2014-06-02\/EMI_442741_csa1","extension_image":"jpg","datemodif_image":"1401688651","chaine":"la_1ere","date":"2014-06-02","heure":"23:32","duree":"61","csa_code":"TP","csa_nom_long":"Tous publics","rubrique":"","genre_simplifie":"S\u00e9rie","production":"","nationalite":"britannique","presentateurs":"","invites":"","realisateurs":"Keith Boak","acteurs":"Stephanie Beacham, Ben Miller, Danny John-Jules, Tom Ward, Sara Martins, Estella Daniels","url_site":"","mandat_debut":"","mandat_nb":"0","OAS_sitepage":"","connexes":[],"url_video":"","mandat_duree":""},{"id_diffusion":"103517369","code_programme":"","id_programme":"","titre":"Meurtres au paradis","sous_titre":"Faux semblants","accroche":"Une adolescente est retrouv\u00e9e morte \u00e0 la suite de l'incendie d'un couvent. La porte de sa chambre \u00e9tait ferm\u00e9e. Les premiers montrent que la jeune fille n'a pas fum\u00e9 la cigarette ayant mis le feu \u00e0 son matelas. Richard Poole cherche \u00e0 comprendre qui a voulu tu\u00e9 une religieuse et pour quelles raisons...","url_image_racine":"\/staticftv\/ref_emissions\/2014-06-02\/EMI_444222_csa1","extension_image":"jpg","datemodif_image":"1401688651","chaine":"la_1ere","date":"2014-06-03","heure":"00:33","duree":"61","csa_code":"TP","csa_nom_long":"Tous publics","rubrique":"","genre_simplifie":"S\u00e9rie","production":"","nationalite":"britannique","presentateurs":"","invites":"","realisateurs":"Alrick Riley","acteurs":"Stephanie Beacham, Kenneth Cranham, Rowena King, Gemma Jones, Ben Miller, Danny John-Jules, Tom Ward, Sara Martins","url_site":"","mandat_debut":"","mandat_nb":"0","OAS_sitepage":"","connexes":[],"url_video":"","mandat_duree":""},{"id_diffusion":"103517370","code_programme":"","id_programme":"","titre":"Nestor Burma","sous_titre":"Pas de bavards \u00e0 la Muette","accroche":"Nestor Burma est engag\u00e9 par madame Barnier-Dechambre pour r\u00e9cup\u00e9rer les bijoux que son ancien chauffeur, Yves B\u00e9nech, lui aurait d\u00e9rob\u00e9s. En la quittant, il rencontre sa charmante ni\u00e8ce, Suzanne. Afin d'approcher B\u00e9nech, Burma s'installe dans le m\u00eame h\u00f4tel que lui et se fait passer pour un coll\u00e8gue au ch\u00f4mage. B\u00e9nech mord \u00e0 l'hame\u00e7on. Burma lui propose un march\u00e9. S'il rend les bijoux, il sera r\u00e9compens\u00e9 par une petite prime. B\u00e9nech demande un d\u00e9lai de r\u00e9flexion et en profite pour quitter l'h\u00f4tel en pleine nuit, Burma sur ses talons. Le curieux comportement d'un chauffard manque de lui co\u00fbter la vie. Burma lui offre son aide. Pour toute r\u00e9ponse, B\u00e9nech lui tombe dessus \u00e0 bras raccourcis...","url_image_racine":"\/staticftv\/ref_emissions\/2014-06-02\/EMI_85059_csa1","extension_image":"jpg","datemodif_image":"1401688651","chaine":"la_1ere","date":"2014-06-03","heure":"01:34","duree":"126","csa_code":"TP","csa_nom_long":"Tous publics","rubrique":"","genre_simplifie":"T\u00e9l\u00e9film policier","production":"","nationalite":"franco-belge","presentateurs":"","invites":"","realisateurs":"Henri Helman","acteurs":"Guy Marchand, Pierre Tornade, Sophie Aubry, Patrick Guillemin, Sophie Broustal, Guy Paillot, Dani\u00e8le Girard, Emmanuel Patron","url_site":"","mandat_debut":"","mandat_nb":"0","OAS_sitepage":"","connexes":[],"url_video":"","mandat_duree":""},{"id_diffusion":"103723397","code_programme":"","id_programme":"","titre":"Parmi les hommes","sous_titre":"","accroche":"Les vagues g\u00e9antes qui d\u00e9fient les Etats insulaires, l'arriv\u00e9e de lampes solaires dans la campagne malgache, le r\u00eave am\u00e9ricain dans l'Am\u00e9rique de Barack Obama ou encore les catastrophes naturelles comme celle qui a frapp\u00e9 le Japon en mars 2011 : les hommes sont chaque jour confront\u00e9s \u00e0 des bouleversements sociaux ou environnementaux. Comment font-ils face ?","url_image_racine":"\/staticftv\/ref_emissions\/2014-06-02\/EMI_349415_csa1","extension_image":"jpg","datemodif_image":"1401688651","chaine":"la_1ere","date":"2014-06-03","heure":"03:40","duree":"54","csa_code":"TP","csa_nom_long":"Tous publics","rubrique":"","genre_simplifie":"Documentaire de soci\u00e9t\u00e9","production":"","nationalite":"fran\u00e7ais","presentateurs":"","invites":"","realisateurs":"Laurent Ramamonjiarisoa, Louis Wallecan, Fr\u00e9d\u00e9ric Chaudier","acteurs":"","url_site":"","mandat_debut":"","mandat_nb":"0","OAS_sitepage":"","connexes":[],"url_video":"","mandat_duree":""},{"id_diffusion":"103723398","code_programme":"","id_programme":"","titre":"Les flamboyants","sous_titre":"","accroche":"Marie Belle est toujours dans le coma. Ludo apprend \u00e0 Zac que ses reins se sont bloqu\u00e9s. Il est totalement d\u00e9sempar\u00e9. Arthur et Cynthia remplacent Ludo au bar...","url_image_racine":"\/staticftv\/ref_emissions\/2014-06-02\/COL_301647_csa1","extension_image":"jpg","datemodif_image":"1401688652","chaine":"la_1ere","date":"2014-06-03","heure":"04:34","duree":"27","csa_code":"TP","csa_nom_long":"Tous publics","rubrique":"","genre_simplifie":"S\u00e9rie sentimentale","production":"","nationalite":"fran\u00e7ais","presentateurs":"","invites":"","realisateurs":"G\u00e9rard Espinasse","acteurs":"Ludovic Van Dorm,  Lakshan, Emilie Minatchy, Benjamin Rovello, Gr\u00e9gory Templet, Cindy Minatchy, Siegfried Ventadour, Murielle Hilaire","url_site":"","mandat_debut":"","mandat_nb":"0","OAS_sitepage":"","connexes":[],"url_video":"","mandat_duree":""}]}