{
    "configuration": {
        "admin": "ff2e78b40227f5157fa6b10b2619f745",
        "app_version": "0.1",
        "url_img_iphone": "http://hbbtv.francetv.fr/webservices/rg2011/message_iphone.png",
        "url_img_ipad": "http://hbbtv.francetv.fr/webservices/rg2011/message_ipad.png",
        "url_click": "http://itunes.apple.com/fr/app/france-televisions/id428835098?mt=8",
        "is_touspublics_on": 1,
        "app_version_android": "0.1",
        "message_blocage": "La version de l'application que vous utilisez actuellement n'est plus valide. Vous devez impérativement télécharger la nouvelle version de l'application.",
        "url_click_android": "market://details?id=fr.francetv.apps.info",
        "url_base_videos": "http://medias2.francetv.fr/catchup-mobile",
        "url_base_images": "http://pluzz.francetv.fr",
        "inclus_touspublics": [
            "Documentaire",
            "Série & Fiction",
            "Magazine",
            "Culture",
            "Jeunesse",
            "Divertissement",
            "Jeu",
            "Autre"
        ],
        "directs": [
            {
                "nom": "france2",
                "video_iphone": "http://live.francetv.fr/simulcast/France_2/hls_v1/index.m3u8",
                "video_ipad": "http://live.francetv.fr/simulcast/France_2/hls_v1/index.m3u8",
                "video_iphone_v5": "http://live.francetv.fr/simulcast/France_2/hls/index.m3u8",
                "video_ipad_v5": "http://live.francetv.fr/simulcast/France_2/hls/index.m3u8"
				
            },
            {
                "nom": "france3",
                "video_iphone": "http://live.francetv.fr/simulcast/France_3/hls_v1/index.m3u8",
                "video_ipad": "http://live.francetv.fr/simulcast/France_3/hls_v1/index.m3u8",
                "video_iphone_v5": "http://live.francetv.fr/simulcast/France_3/hls/index.m3u8",
                "video_ipad_v5": "http://live.francetv.fr/simulcast/France_3/hls/index.m3u8"
            },
            {
                "nom": "france4",
                "video_iphone": "http://live.francetv.fr/simulcast/France_4/hls_v1/index.m3u8",
                "video_ipad": "http://live.francetv.fr/simulcast/France_4/hls_v1/index.m3u8",
                "video_iphone_v5": "http://live.francetv.fr/simulcast/France_4/hls/index.m3u8",
                "video_ipad_v5": "http://live.francetv.fr/simulcast/France_4/hls/index.m3u8"
            },
            {
                "nom": "france5",
                "video_iphone": "http://live.francetv.fr/simulcast/France_5/hls_v1/index.m3u8",
                "video_ipad": "http://live.francetv.fr/simulcast/France_5/hls_v1/index.m3u8",
                "video_iphone_v5": "http://live.francetv.fr/simulcast/France_5/hls/index.m3u8",
                "video_ipad_v5": "http://live.francetv.fr/simulcast/France_5/hls/index.m3u8"
            },
            {
                "nom": "franceo",
                "video_iphone": "http://live.francetv.fr/simulcast/France_O/hls_v1/index.m3u8",
                "video_ipad": "http://live.francetv.fr/simulcast/France_O/hls_v1/index.m3u8",
                "video_iphone_v5": "http://live.francetv.fr/simulcast/France_O/hls/index.m3u8",
                "video_ipad_v5": "http://live.francetv.fr/simulcast/France_O/hls/index.m3u8"
            },
            {
                "nom": "guyane",
				"video_iphone": "http://live.francetv.fr/simulcast/1er_Guyane/hls_v1/index.m3u8",
				"video_ipad": "http://live.francetv.fr/simulcast/1er_Guyane/hls_v1/index.m3u8",
                "video_iphone_v5": "http://live.francetv.fr/simulcast/1er_Guyane/hls/index.m3u8",
                "video_ipad_v5": "http://live.francetv.fr/simulcast/1er_Guyane/hls/index.m3u8"
            },
            {
                "nom": "guadeloupe",
            	"video_iphone": "http://live.francetv.fr/simulcast/1er_Guadeloupe/hls_v1/index.m3u8",
            	"video_ipad": "http://live.francetv.fr/simulcast/1er_Guadeloupe/hls_v1/index.m3u8",
                "video_iphone_v5": "http://live.francetv.fr/simulcast/1er_Guadeloupe/hls/index.m3u8",
                "video_ipad_v5": "http://live.francetv.fr/simulcast/1er_Guadeloupe/hls/index.m3u8"
            },
            {
                "nom": "reunion",
				"video_iphone": "http://live.francetv.fr/simulcast/1er_Reunion/hls_v1/index.m3u8",
				"video_ipad": "http://live.francetv.fr/simulcast/1er_Reunion/hls_v1/index.m3u8",
                "video_iphone_v5": "http://live.francetv.fr/simulcast/1er_Reunion/hls/index.m3u8",
                "video_ipad_v5": "http://live.francetv.fr/simulcast/1er_Reunion/hls/index.m3u8"
            },
            {
                "nom": "martinique",
				"video_iphone": "http://live.francetv.fr/simulcast/1er_Martinique/hls_v1/index.m3u8",
				"video_ipad": "http://live.francetv.fr/simulcast/1er_Martinique/hls_v1/index.m3u8",
                "video_iphone_v5": "http://live.francetv.fr/simulcast/1er_Martinique/hls/index.m3u8",
                "video_ipad_v5": "http://live.francetv.fr/simulcast/1er_Martinique/hls/index.m3u8"
            },
            {
                "nom": "mayotte",
				"video_iphone": "http://live.francetv.fr/simulcast/1er_Mayotte/hls_v1/index.m3u8",
				"video_ipad": "http://live.francetv.fr/simulcast/1er_Mayotte/hls_v1/index.m3u8",
                "video_iphone_v5": "http://live.francetv.fr/simulcast/1er_Mayotte/hls/index.m3u8",
                "video_ipad_v5": "http://live.francetv.fr/simulcast/1er_Mayotte/hls/index.m3u8"
            },
            {
                "nom": "nouvellecaledonie",
				"video_iphone": "http://live.francetv.fr/simulcast/1er_Nouvelle_Caledonie/hls_v1/index.m3u8",
				"video_ipad": "http://live.francetv.fr/simulcast/1er_Nouvelle_Caledonie/hls_v1/index.m3u8",
                "video_iphone_v5": "http://live.francetv.fr/simulcast/1er_Nouvelle_Caledonie/hls/index.m3u8",
                "video_ipad_v5": "http://live.francetv.fr/simulcast/1er_Nouvelle_Caledonie/hls/index.m3u8"
            },
            {
                "nom": "polynesie",
				"video_iphone": "http://live.francetv.fr/simulcast/1er_Polynesie/hls_v1/index.m3u8",
				"video_ipad": "http://live.francetv.fr/simulcast/1er_Polynesie/hls_v1/index.m3u8",
                "video_iphone_v5": "http://live.francetv.fr/simulcast/1er_Polynesie/hls/index.m3u8",
                "video_ipad_v5": "http://live.francetv.fr/simulcast/1er_Polynesie/hls/index.m3u8"
            },
            {
                "nom": "saintpierreetmiquelon",
				"video_iphone": "http://live.francetv.fr/simulcast/1er_St_Pierre_et_Miquelon/hls_v1/index.m3u8",
				"video_ipad": "http://live.francetv.fr/simulcast/1er_St_Pierre_et_Miquelon/hls_v1/index.m3u8",
                "video_iphone_v5": "http://live.francetv.fr/simulcast/1er_St_Pierre_et_Miquelon/hls/index.m3u8",
                "video_ipad_v5": "http://live.francetv.fr/simulcast/1er_St_Pierre_et_Miquelon/hls/index.m3u8"
            },
            {
                "nom": "wallisetfutuna",
				"video_iphone": "http://live.francetv.fr/simulcast/1er_Wallis_et_Futuna/hls_v1/index.m3u8",
				"video_ipad": "http://live.francetv.fr/simulcast/1er_Wallis_et_Futuna/hls_v1/index.m3u8",
                "video_iphone_v5": "http://live.francetv.fr/simulcast/1er_Wallis_et_Futuna/hls/index.m3u8",
                "video_ipad_v5": "http://live.francetv.fr/simulcast/1er_Wallis_et_Futuna/hls/index.m3u8"
            }
        ]
    }
}